2026-10-09T15:26:22.6638567Z Current runner version: '2.337.0'
2026-10-09T15:26:22.6661961Z ##[group]Runner Image Provisioner
2026-10-09T15:26:22.6662962Z Hosted Compute Agent
2026-10-09T15:26:22.6663614Z Version: 20261002.596
2026-10-09T15:26:22.6664655Z Commit: c3d12f3313a95f25162a1503be624f3b0617f8c0
2026-10-09T15:26:22.6665461Z Build Date: 2026-10-02T22:28:27Z
2026-10-09T15:26:22.6666196Z Worker ID: {65600570-d086-4207-81be-d59d40484e12}
2026-10-09T15:26:22.6667017Z Region: westus2
2026-10-09T15:26:22.6667587Z Cloud: Azure
2026-10-09T15:26:22.6668167Z ##[endgroup]
2026-10-09T15:26:22.6669666Z ##[group]Operating System
2026-10-09T15:26:22.6670362Z Ubuntu
2026-10-09T15:26:22.6670980Z 24.04.5
2026-10-09T15:26:22.6671532Z LTS
2026-10-09T15:26:22.6672077Z ##[endgroup]
2026-10-09T15:26:22.6672655Z ##[group]Runner Image
2026-10-09T15:26:22.6673299Z Image: ubuntu-24.04
2026-10-09T15:26:22.6673920Z Version: 20261004.327.1
2026-10-09T15:26:22.6675484Z Included Software: https://github.com/actions/runner-images/blob/ubuntu24/20261004.327/images/ubuntu/Ubuntu2404-Readme.md
2026-10-09T15:26:22.6677169Z Image Release: https://github.com/actions/runner-images/releases/tag/ubuntu24%2F20261004.327
2026-10-09T15:26:22.6678196Z ##[endgroup]
2026-10-09T15:26:22.6679362Z ##[group]GITHUB_TOKEN Permissions
2026-10-09T15:26:22.6681199Z Contents: read
2026-10-09T15:26:22.6681921Z Metadata: read
2026-10-09T15:26:22.6682493Z ##[endgroup]
2026-10-09T15:26:22.6684738Z Secret source: Actions
2026-10-09T15:26:22.6685855Z Cache mode: write
2026-10-09T15:26:22.6686532Z Prepare workflow directory
2026-10-09T15:26:22.7136173Z Prepare all required actions
2026-10-09T15:26:22.7183990Z Getting action download info
2026-10-09T15:26:23.0983351Z Download action repository 'actions/checkout@v4' (SHA:11d5960a326750d5838078e36cf38b85af677262)
2026-10-09T15:26:23.1907218Z Download action repository 'actions/setup-node@v4' (SHA:49933ea5288caeca8642d1e84afbd3f7d6820020)
2026-10-09T15:26:23.2736905Z Download action repository 'actions/setup-python@v5' (SHA:a26af69be951a213d495a4c3e4e4022e16d87065)
2026-10-09T15:26:23.3493762Z Download action repository 'actions/upload-artifact@v4' (SHA:ea165f8d65b6e75b540449e92b4886f43607fa02)
2026-10-09T15:26:23.5624096Z Complete job name: Static, constitutional, and release contracts
2026-10-09T15:26:23.6698665Z ##[group]Run actions/checkout@v4
2026-10-09T15:26:23.6699550Z with:
2026-10-09T15:26:23.6699973Z   fetch-depth: 0
2026-10-09T15:26:23.6700459Z   repository: tauric-diana-613/TD613-TCP
2026-10-09T15:26:23.6704564Z   token: ***
2026-10-09T15:26:23.6705022Z   ssh-strict: true
2026-10-09T15:26:23.6705462Z   ssh-user: git
2026-10-09T15:26:23.6705903Z   persist-credentials: true
2026-10-09T15:26:23.6706395Z   clean: true
2026-10-09T15:26:23.6706843Z   sparse-checkout-cone-mode: true
2026-10-09T15:26:23.6707367Z   fetch-tags: false
2026-10-09T15:26:23.6707820Z   show-progress: true
2026-10-09T15:26:23.6708259Z   lfs: false
2026-10-09T15:26:23.6708666Z   submodules: false
2026-10-09T15:26:23.6709109Z   set-safe-directory: true
2026-10-09T15:26:23.6709639Z   allow-unsafe-pr-checkout: false
2026-10-09T15:26:23.6710415Z env:
2026-10-09T15:26:23.6710828Z   NODE_VERSION: 22
2026-10-09T15:26:23.6711273Z   PYTHON_VERSION: 3.12
2026-10-09T15:26:23.6711743Z   PLAYWRIGHT_VERSION: 1.53.2
2026-10-09T15:26:23.6712266Z ##[endgroup]
2026-10-09T15:26:23.7822377Z Syncing repository: tauric-diana-613/TD613-TCP
2026-10-09T15:26:23.7825476Z ##[group]Getting Git version info
2026-10-09T15:26:23.7826803Z Working directory is '/home/runner/work/TD613-TCP/TD613-TCP'
2026-10-09T15:26:23.7828698Z [command]/usr/bin/git version
2026-10-09T15:26:23.7952852Z git version 2.55.0
2026-10-09T15:26:23.7960470Z ##[endgroup]
2026-10-09T15:26:23.7980381Z Temporarily overriding HOME='/home/runner/work/_temp/503f24e0-cf70-4114-9e26-c758aa9e1e63' before making global git config changes
2026-10-09T15:26:23.8001652Z Adding repository directory to the temporary git global config as a safe directory
2026-10-09T15:26:23.8009294Z [command]/usr/bin/git config --global --add safe.directory /home/runner/work/TD613-TCP/TD613-TCP
2026-10-09T15:26:23.8037177Z Deleting the contents of '/home/runner/work/TD613-TCP/TD613-TCP'
2026-10-09T15:26:23.8041351Z ##[group]Initializing the repository
2026-10-09T15:26:23.8046107Z [command]/usr/bin/git init /home/runner/work/TD613-TCP/TD613-TCP
2026-10-09T15:26:23.8155466Z hint: Using 'master' as the name for the initial branch. This default branch name
2026-10-09T15:26:23.8158678Z hint: will change to "main" in Git 3.0. To configure the initial branch name
2026-10-09T15:26:23.8160460Z hint: to use in all of your new repositories, which will suppress this warning,
2026-10-09T15:26:23.8161836Z hint: call:
2026-10-09T15:26:23.8162594Z hint:
2026-10-09T15:26:23.8163512Z hint: 	git config --global init.defaultBranch <name>
2026-10-09T15:26:23.8164901Z hint:
2026-10-09T15:26:23.8165919Z hint: Names commonly chosen instead of 'master' are 'main', 'trunk' and
2026-10-09T15:26:23.8167528Z hint: 'development'. The just-created branch can be renamed via this command:
2026-10-09T15:26:23.8168544Z hint:
2026-10-09T15:26:23.8168988Z hint: 	git branch -m <name>
2026-10-09T15:26:23.8169480Z hint:
2026-10-09T15:26:23.8170130Z hint: Disable this message with "git config set advice.defaultBranchName false"
2026-10-09T15:26:23.8171183Z Initialized empty Git repository in /home/runner/work/TD613-TCP/TD613-TCP/.git/
2026-10-09T15:26:23.8177524Z [command]/usr/bin/git remote add origin https://github.com/tauric-diana-613/TD613-TCP
2026-10-09T15:26:23.8226670Z ##[endgroup]
2026-10-09T15:26:23.8227996Z ##[group]Disabling automatic garbage collection
2026-10-09T15:26:23.8231382Z [command]/usr/bin/git config --local gc.auto 0
2026-10-09T15:26:23.8266776Z ##[endgroup]
2026-10-09T15:26:23.8273977Z ##[group]Setting up auth
2026-10-09T15:26:23.8275353Z [command]/usr/bin/git config --local --name-only --get-regexp core\.sshCommand
2026-10-09T15:26:23.8307854Z [command]/usr/bin/git submodule foreach --recursive sh -c "git config --local --name-only --get-regexp 'core\.sshCommand' && git config --local --unset-all 'core.sshCommand' || :"
2026-10-09T15:26:23.8684159Z [command]/usr/bin/git config --local --name-only --get-regexp http\.https\:\/\/github\.com\/\.extraheader
2026-10-09T15:26:23.8728269Z [command]/usr/bin/git submodule foreach --recursive sh -c "git config --local --name-only --get-regexp 'http\.https\:\/\/github\.com\/\.extraheader' && git config --local --unset-all 'http.https://github.com/.extraheader' || :"
2026-10-09T15:26:23.8958185Z [command]/usr/bin/git config --local --name-only --get-regexp ^includeIf\.gitdir:
2026-10-09T15:26:23.8995667Z [command]/usr/bin/git submodule foreach --recursive git config --local --show-origin --name-only --get-regexp remote.origin.url
2026-10-09T15:26:23.9224712Z [command]/usr/bin/git config --local http.https://github.com/.extraheader AUTHORIZATION: basic ***
2026-10-09T15:26:23.9266305Z ##[endgroup]
2026-10-09T15:26:23.9267244Z ##[group]Fetching the repository
2026-10-09T15:26:23.9277383Z [command]/usr/bin/git -c protocol.version=2 fetch --prune --no-recurse-submodules origin +refs/heads/*:refs/remotes/origin/* +refs/tags/*:refs/tags/* +14e10d57c4f375568167abbf52269c32fcdcb0ca:refs/remotes/pull/1438/merge
2026-10-09T15:26:30.8521733Z From https://github.com/tauric-diana-613/TD613-TCP
2026-10-09T15:26:30.8523873Z  * [new branch]          _tmp-ignore-dollhouse-atlas-fadt -> origin/_tmp-ignore-dollhouse-atlas-fadt
2026-10-09T15:26:30.8525992Z  * [new branch]          activate-marrowline-live-ingress -> origin/activate-marrowline-live-ingress
2026-10-09T15:26:30.8528271Z  * [new branch]          add-historical-example-9530983301662702684 -> origin/add-historical-example-9530983301662702684
2026-10-09T15:26:30.8529897Z  * [new branch]          add-marrowline-lab-button -> origin/add-marrowline-lab-button
2026-10-09T15:26:30.8530955Z  * [new branch]          agent/a15-r0-projection-selection-docs-reorg -> origin/agent/a15-r0-projection-selection-docs-reorg
2026-10-09T15:26:30.8532174Z  * [new branch]          agent/a15-review-release-eviction-deferred -> origin/agent/a15-review-release-eviction-deferred
2026-10-09T15:26:30.8533766Z  * [new branch]          agent/aperture-visual-rescue -> origin/agent/aperture-visual-rescue
2026-10-09T15:26:30.8535056Z  * [new branch]          agent/ash-a0-baseline-provenance-freeze -> origin/agent/ash-a0-baseline-provenance-freeze
2026-10-09T15:26:30.8536097Z  * [new branch]          agent/ash-a1-bounded-lock-stage -> origin/agent/ash-a1-bounded-lock-stage
2026-10-09T15:26:30.8537091Z  * [new branch]          agent/ash-a1-choice-revision-stage -> origin/agent/ash-a1-choice-revision-stage
2026-10-09T15:26:30.8538149Z  * [new branch]          agent/ash-a1-close-quiescence-stage -> origin/agent/ash-a1-close-quiescence-stage
2026-10-09T15:26:30.8539200Z  * [new branch]          agent/ash-a1-delegated-choice-stage -> origin/agent/ash-a1-delegated-choice-stage
2026-10-09T15:26:30.8540217Z  * [new branch]          agent/ash-a1-ingress-first-paint -> origin/agent/ash-a1-ingress-first-paint
2026-10-09T15:26:30.8541128Z  * [new branch]          agent/ash-a1-lock-witness-stage -> origin/agent/ash-a1-lock-witness-stage
2026-10-09T15:26:30.8542014Z  * [new branch]          agent/ash-a1-select-remount-stage -> origin/agent/ash-a1-select-remount-stage
2026-10-09T15:26:30.8542885Z  * [new branch]          agent/ash-a10-choir-recompilation -> origin/agent/ash-a10-choir-recompilation
2026-10-09T15:26:30.8543752Z  * [new branch]          agent/ash-a11-capsule-recompilation -> origin/agent/ash-a11-capsule-recompilation
2026-10-09T15:26:30.8546175Z  * [new branch]          agent/ash-a11-predeployment-cache-flush -> origin/agent/ash-a11-predeployment-cache-flush
2026-10-09T15:26:30.8548265Z  * [new branch]          agent/ash-a12-a15-production-closure-dossier -> origin/agent/ash-a12-a15-production-closure-dossier
2026-10-09T15:26:30.8549901Z  * [new branch]          agent/ash-a12-command-rationalization -> origin/agent/ash-a12-command-rationalization
2026-10-09T15:26:30.8550725Z  * [new branch]          agent/ash-a13-demo-registry -> origin/agent/ash-a13-demo-registry
2026-10-09T15:26:30.8551684Z  * [new branch]          agent/ash-a13-postmerge-fixture-classifier-repair -> origin/agent/ash-a13-postmerge-fixture-classifier-repair
2026-10-09T15:26:30.8552982Z  * [new branch]          agent/ash-a13-unified-demo-workflow-collapse -> origin/agent/ash-a13-unified-demo-workflow-collapse
2026-10-09T15:26:30.8554002Z  * [new branch]          agent/ash-a13-unified-six-demo-registry -> origin/agent/ash-a13-unified-six-demo-registry
2026-10-09T15:26:30.8555872Z  * [new branch]          agent/ash-a14-archive-accession-fixture -> origin/agent/ash-a14-archive-accession-fixture
2026-10-09T15:26:30.8556879Z  * [new branch]          agent/ash-a14-postmerge-readiness-repair -> origin/agent/ash-a14-postmerge-readiness-repair
2026-10-09T15:26:30.8557884Z  * [new branch]          agent/ash-a15-cross-demo-hydration-ui-repair -> origin/agent/ash-a15-cross-demo-hydration-ui-repair
2026-10-09T15:26:30.8558942Z  * [new branch]          agent/ash-a15-empirical-profile-journey-stress -> origin/agent/ash-a15-empirical-profile-journey-stress
2026-10-09T15:26:30.8560054Z  * [new branch]          agent/ash-a15-exact-head-witness-af1aee2 -> origin/agent/ash-a15-exact-head-witness-af1aee2
2026-10-09T15:26:30.8562294Z  * [new branch]          agent/ash-a15-postclosure-mass-eviction -> origin/agent/ash-a15-postclosure-mass-eviction
2026-10-09T15:26:30.8563272Z  * [new branch]          agent/ash-a15-postmerge-repair-rescue -> origin/agent/ash-a15-postmerge-repair-rescue
2026-10-09T15:26:30.8564133Z  * [new branch]          agent/ash-a15-profile-route-stress -> origin/agent/ash-a15-profile-route-stress
2026-10-09T15:26:30.8565158Z  * [new branch]          agent/ash-a2-a5-epoch-stage -> origin/agent/ash-a2-a5-epoch-stage
2026-10-09T15:26:30.8565957Z  * [new branch]          agent/ash-a2-a5-final-observer-stage -> origin/agent/ash-a2-a5-final-observer-stage
2026-10-09T15:26:30.8566940Z  * [new branch]          agent/ash-a2-a5-pedagogical-recompilation -> origin/agent/ash-a2-a5-pedagogical-recompilation
2026-10-09T15:26:30.8568935Z  * [new branch]          agent/ash-a2-a5-release-v1-current-finalize -> origin/agent/ash-a2-a5-release-v1-current-finalize
2026-10-09T15:26:30.8569885Z  * [new branch]          agent/ash-a2-a5-release-v1-finalize -> origin/agent/ash-a2-a5-release-v1-finalize
2026-10-09T15:26:30.8570758Z  * [new branch]          agent/ash-a6-affordance-drawer-repair -> origin/agent/ash-a6-affordance-drawer-repair
2026-10-09T15:26:30.8571714Z  * [new branch]          agent/ash-a6-postclosure-affordance-repair -> origin/agent/ash-a6-postclosure-affordance-repair
2026-10-09T15:26:30.8572583Z  * [new branch]          agent/ash-a7-home-recompilation -> origin/agent/ash-a7-home-recompilation
2026-10-09T15:26:30.8573380Z  * [new branch]          agent/ash-a8-case-map-recompilation -> origin/agent/ash-a8-case-map-recompilation
2026-10-09T15:26:30.8574492Z  * [new branch]          agent/ash-a8-production-observation-closure -> origin/agent/ash-a8-production-observation-closure
2026-10-09T15:26:30.8575965Z  * [new branch]          agent/ash-a9-work-recompilation -> origin/agent/ash-a9-work-recompilation
2026-10-09T15:26:30.8577441Z  * [new branch]          agent/ash-aia2-production-receipt-stitch -> origin/agent/ash-aia2-production-receipt-stitch
2026-10-09T15:26:30.8579090Z  * [new branch]          agent/ash-aia2-production-witness-law -> origin/agent/ash-aia2-production-witness-law
2026-10-09T15:26:30.8580558Z  * [new branch]          agent/ash-aia3-clean-recovery -> origin/agent/ash-aia3-clean-recovery
2026-10-09T15:26:30.8581944Z  * [new branch]          agent/ash-aia3-composition-convergence -> origin/agent/ash-aia3-composition-convergence
2026-10-09T15:26:30.8583560Z  * [new branch]          agent/ash-aia3-eviction-final -> origin/agent/ash-aia3-eviction-final
2026-10-09T15:26:30.8584774Z  * [new branch]          agent/ash-aia3-eviction-final3 -> origin/agent/ash-aia3-eviction-final3
2026-10-09T15:26:30.8585599Z  * [new branch]          agent/ash-aia3-eviction-final4 -> origin/agent/ash-aia3-eviction-final4
2026-10-09T15:26:30.8586417Z  * [new branch]          agent/ash-aia3-eviction-release -> origin/agent/ash-aia3-eviction-release
2026-10-09T15:26:30.8587557Z  * [new branch]          agent/ash-aia3-lifecycle-baseline-convergence -> origin/agent/ash-aia3-lifecycle-baseline-convergence
2026-10-09T15:26:30.8588859Z  * [new branch]          agent/ash-aia3-mass-eviction-v2 -> origin/agent/ash-aia3-mass-eviction-v2
2026-10-09T15:26:30.8590346Z  * [new branch]          agent/ash-aia3-release-reconciliation -> origin/agent/ash-aia3-release-reconciliation
2026-10-09T15:26:30.8591547Z  * [new branch]          agent/ash-aia3-relock-convergence -> origin/agent/ash-aia3-relock-convergence
2026-10-09T15:26:30.8592345Z  * [new branch]          agent/ash-aia3-relock-hardening -> origin/agent/ash-aia3-relock-hardening
2026-10-09T15:26:30.8593138Z  * [new branch]          agent/ash-aia3-relock-safety-final -> origin/agent/ash-aia3-relock-safety-final
2026-10-09T15:26:30.8594048Z  * [new branch]          agent/ash-arrival-animation-close-boundary -> origin/agent/ash-arrival-animation-close-boundary
2026-10-09T15:26:30.8595306Z  * [new branch]          agent/ash-case-open-delete-map-labels -> origin/agent/ash-case-open-delete-map-labels
2026-10-09T15:26:30.8596257Z  * [new branch]          agent/ash-close-ingress-animation-boundary -> origin/agent/ash-close-ingress-animation-boundary
2026-10-09T15:26:30.8597176Z  * [new branch]          agent/ash-custody-workspace-bridge -> origin/agent/ash-custody-workspace-bridge
2026-10-09T15:26:30.8598053Z  * [new branch]          agent/ash-delivery-boundary-diagnostic -> origin/agent/ash-delivery-boundary-diagnostic
2026-10-09T15:26:30.8598944Z  * [new branch]          agent/ash-deployed-readiness-repair -> origin/agent/ash-deployed-readiness-repair
2026-10-09T15:26:30.8599820Z  * [new branch]          agent/ash-draft-binding-idempotence -> origin/agent/ash-draft-binding-idempotence
2026-10-09T15:26:30.8600751Z  * [new branch]          agent/ash-draft-case-map-source-authority -> origin/agent/ash-draft-case-map-source-authority
2026-10-09T15:26:30.8601871Z  * [new branch]          agent/ash-five-demo-production-observer -> origin/agent/ash-five-demo-production-observer
2026-10-09T15:26:30.8602838Z  * [new branch]          agent/ash-five-demo-production-observer-v2 -> origin/agent/ash-five-demo-production-observer-v2
2026-10-09T15:26:30.8603778Z  * [new branch]          agent/ash-flowcore-close-ingress-final -> origin/agent/ash-flowcore-close-ingress-final
2026-10-09T15:26:30.8605036Z  * [new branch]          agent/ash-flowcore-ingress-release-clean -> origin/agent/ash-flowcore-ingress-release-clean
2026-10-09T15:26:30.8606276Z  * [new branch]          agent/ash-flowcore-postmerge-validation -> origin/agent/ash-flowcore-postmerge-validation
2026-10-09T15:26:30.8607175Z  * [new branch]          agent/ash-governed-core-delivery -> origin/agent/ash-governed-core-delivery
2026-10-09T15:26:30.8607949Z  * [new branch]          agent/ash-governed-draft-scope -> origin/agent/ash-governed-draft-scope
2026-10-09T15:26:30.8609084Z  * [new branch]          agent/ash-ingress-polish-duplicate-url -> origin/agent/ash-ingress-polish-duplicate-url
2026-10-09T15:26:30.8610251Z  * [new branch]          agent/ash-integration-followup-rigor -> origin/agent/ash-integration-followup-rigor
2026-10-09T15:26:30.8611211Z  * [new branch]          agent/ash-investigation-demo-hydration -> origin/agent/ash-investigation-demo-hydration
2026-10-09T15:26:30.8612102Z  * [new branch]          agent/ash-keep-aia2-usability-rescue -> origin/agent/ash-keep-aia2-usability-rescue
2026-10-09T15:26:30.8613001Z  * [new branch]          agent/ash-keep-aia3-production-recovery -> origin/agent/ash-keep-aia3-production-recovery
2026-10-09T15:26:30.8613828Z  * [new branch]          agent/ash-keep-case-controls -> origin/agent/ash-keep-case-controls
2026-10-09T15:26:30.8614937Z  * [new branch]          agent/ash-keep-choir-test -> origin/agent/ash-keep-choir-test
2026-10-09T15:26:30.8616139Z  * [new branch]          agent/ash-keep-explicit-core-surface -> origin/agent/ash-keep-explicit-core-surface
2026-10-09T15:26:30.8617061Z  * [new branch]          agent/ash-keep-governed-core-entry -> origin/agent/ash-keep-governed-core-entry
2026-10-09T15:26:30.8618063Z  * [new branch]          agent/ash-keep-inline-governed-core -> origin/agent/ash-keep-inline-governed-core
2026-10-09T15:26:30.8618960Z  * [new branch]          agent/ash-keep-inline-governed-core-v2 -> origin/agent/ash-keep-inline-governed-core-v2
2026-10-09T15:26:30.8619787Z  * [new branch]          agent/ash-keep-launch-membrane -> origin/agent/ash-keep-launch-membrane
2026-10-09T15:26:30.8620609Z  * [new branch]          agent/ash-keep-live-child-legible-aia -> origin/agent/ash-keep-live-child-legible-aia
2026-10-09T15:26:30.8621456Z  * [new branch]          agent/ash-keep-mobile-composition -> origin/agent/ash-keep-mobile-composition
2026-10-09T15:26:30.8622262Z  * [new branch]          agent/ash-keep-mobile-surface-v2 -> origin/agent/ash-keep-mobile-surface-v2
2026-10-09T15:26:30.8623122Z  * [new branch]          agent/ash-keep-observer-status -> origin/agent/ash-keep-observer-status
2026-10-09T15:26:30.8624072Z  * [new branch]          agent/ash-keep-post-deploy-observation -> origin/agent/ash-keep-post-deploy-observation
2026-10-09T15:26:30.8625299Z  * [new branch]          agent/ash-keep-production-closure -> origin/agent/ash-keep-production-closure
2026-10-09T15:26:30.8626137Z  * [new branch]          agent/ash-keep-production-promotion -> origin/agent/ash-keep-production-promotion
2026-10-09T15:26:30.8627023Z  * [new branch]          agent/ash-keep-static-document-delivery -> origin/agent/ash-keep-static-document-delivery
2026-10-09T15:26:30.8627857Z  * [new branch]          agent/ash-keep-status-receipts -> origin/agent/ash-keep-status-receipts
2026-10-09T15:26:30.8628719Z  * [new branch]          agent/ash-legal-demo-navigation-animation -> origin/agent/ash-legal-demo-navigation-animation
2026-10-09T15:26:30.8629670Z  * [new branch]          agent/ash-lifecycle-aia3-maintenance-keys -> origin/agent/ash-lifecycle-aia3-maintenance-keys
2026-10-09T15:26:30.8630770Z  * [new branch]          agent/ash-lifecycle-arrival-route-repair -> origin/agent/ash-lifecycle-arrival-route-repair
2026-10-09T15:26:30.8631680Z  * [new branch]          agent/ash-lifecycle-browser-readiness -> origin/agent/ash-lifecycle-browser-readiness
2026-10-09T15:26:30.8632552Z  * [new branch]          agent/ash-lifecycle-canonical-handoff -> origin/agent/ash-lifecycle-canonical-handoff
2026-10-09T15:26:30.8633488Z  * [new branch]          agent/ash-lifecycle-closure-receipt-refresh -> origin/agent/ash-lifecycle-closure-receipt-refresh
2026-10-09T15:26:30.8634833Z  * [new branch]          agent/ash-lifecycle-draft-fixture -> origin/agent/ash-lifecycle-draft-fixture
2026-10-09T15:26:30.8636198Z  * [new branch]          agent/ash-lifecycle-draft-probe-repair -> origin/agent/ash-lifecycle-draft-probe-repair
2026-10-09T15:26:30.8637119Z  * [new branch]          agent/ash-lifecycle-evidence-promotion -> origin/agent/ash-lifecycle-evidence-promotion
2026-10-09T15:26:30.8638059Z  * [new branch]          agent/ash-lifecycle-exact-source-observer -> origin/agent/ash-lifecycle-exact-source-observer
2026-10-09T15:26:30.8639030Z  * [new branch]          agent/ash-lifecycle-observer-legacy-bypass -> origin/agent/ash-lifecycle-observer-legacy-bypass
2026-10-09T15:26:30.8640027Z  * [new branch]          agent/ash-lifecycle-probe-current-case-digest -> origin/agent/ash-lifecycle-probe-current-case-digest
2026-10-09T15:26:30.8640978Z  * [new branch]          agent/ash-lifecycle-probe-draft-input -> origin/agent/ash-lifecycle-probe-draft-input
2026-10-09T15:26:30.8641915Z  * [new branch]          agent/ash-lifecycle-probe-select-kept-draft -> origin/agent/ash-lifecycle-probe-select-kept-draft
2026-10-09T15:26:30.8642855Z  * [new branch]          agent/ash-lifecycle-production-closure -> origin/agent/ash-lifecycle-production-closure
2026-10-09T15:26:30.8643771Z  * [new branch]          agent/ash-lifecycle-production-promotion -> origin/agent/ash-lifecycle-production-promotion
2026-10-09T15:26:30.8644969Z  * [new branch]          agent/ash-lifecycle-queryless-entry -> origin/agent/ash-lifecycle-queryless-entry
2026-10-09T15:26:30.8646098Z  * [new branch]          agent/ash-lifecycle-shell-entry-route -> origin/agent/ash-lifecycle-shell-entry-route
2026-10-09T15:26:30.8647124Z  * [new branch]          agent/ash-lifecycle-threshold-query-order -> origin/agent/ash-lifecycle-threshold-query-order
2026-10-09T15:26:30.8648068Z  * [new branch]          agent/ash-lifecycle-threshold-route-fix -> origin/agent/ash-lifecycle-threshold-route-fix
2026-10-09T15:26:30.8648888Z  * [new branch]          agent/ash-map-object-registry -> origin/agent/ash-map-object-registry
2026-10-09T15:26:30.8649750Z  * [new branch]          agent/ash-membrane-stability-map-legend -> origin/agent/ash-membrane-stability-map-legend
2026-10-09T15:26:30.8650778Z  * [new branch]          agent/ash-method-profile-hydration -> origin/agent/ash-method-profile-hydration
2026-10-09T15:26:30.8651615Z  * [new branch]          agent/ash-navigation-cache-identity -> origin/agent/ash-navigation-cache-identity
2026-10-09T15:26:30.8652493Z  * [new branch]          agent/ash-navigation-observer-reconcile -> origin/agent/ash-navigation-observer-reconcile
2026-10-09T15:26:30.8653555Z  * [new branch]          agent/ash-navigation-observer-reconcile-v2 -> origin/agent/ash-navigation-observer-reconcile-v2
2026-10-09T15:26:30.8654703Z  * [new branch]          agent/ash-one-time-cache-flush -> origin/agent/ash-one-time-cache-flush
2026-10-09T15:26:30.8655491Z  * [new branch]          agent/ash-one-time-cache-flush-v2 -> origin/agent/ash-one-time-cache-flush-v2
2026-10-09T15:26:30.8656409Z  * [new branch]          agent/ash-one-time-cache-flush-v3 -> origin/agent/ash-one-time-cache-flush-v3
2026-10-09T15:26:30.8657489Z  * [new branch]          agent/ash-phase01-seam-closure -> origin/agent/ash-phase01-seam-closure
2026-10-09T15:26:30.8658316Z  * [new branch]          agent/ash-premium-command-instrument -> origin/agent/ash-premium-command-instrument
2026-10-09T15:26:30.8659407Z  * [new branch]          agent/ash-readiness-custody-hardening -> origin/agent/ash-readiness-custody-hardening
2026-10-09T15:26:30.8660271Z  * [new branch]          agent/ash-release-gate-idempotence -> origin/agent/ash-release-gate-idempotence
2026-10-09T15:26:30.8661169Z  * [new branch]          agent/ash-research-hydration-ingress-cache -> origin/agent/ash-research-hydration-ingress-cache
2026-10-09T15:26:30.8662751Z  * [new branch]          agent/ash-research-hydration-ingress-cache-v1 -> origin/agent/ash-research-hydration-ingress-cache-v1
2026-10-09T15:26:30.8663750Z  * [new branch]          agent/ash-research-ingress-cache-clean -> origin/agent/ash-research-ingress-cache-clean
2026-10-09T15:26:30.8664734Z  * [new branch]          agent/ash-threshold-custody-well -> origin/agent/ash-threshold-custody-well
2026-10-09T15:26:30.8665545Z  * [new branch]          agent/ash-threshold-desktop-scroll -> origin/agent/ash-threshold-desktop-scroll
2026-10-09T15:26:30.8666351Z  * [new branch]          agent/ash-trust-boundary-court -> origin/agent/ash-trust-boundary-court
2026-10-09T15:26:30.8667377Z  * [new branch]          agent/ash-workspace-navigation -> origin/agent/ash-workspace-navigation
2026-10-09T15:26:30.8668565Z  * [new branch]          agent/author-ash-whole-instrument-aia-recompilation -> origin/agent/author-ash-whole-instrument-aia-recompilation
2026-10-09T15:26:30.8669650Z  * [new branch]          agent/canonical-practice-fixture-tomography -> origin/agent/canonical-practice-fixture-tomography
2026-10-09T15:26:30.8670663Z  * [new branch]          agent/choir-calibration-evidence-closure -> origin/agent/choir-calibration-evidence-closure
2026-10-09T15:26:30.8672048Z  * [new branch]          agent/choir-control-bank-closure -> origin/agent/choir-control-bank-closure
2026-10-09T15:26:30.8673005Z  * [new branch]          agent/choir-disagreement-ledger-closure -> origin/agent/choir-disagreement-ledger-closure
2026-10-09T15:26:30.8673913Z  * [new branch]          agent/choir-hardening-ledger-closure -> origin/agent/choir-hardening-ledger-closure
2026-10-09T15:26:30.8675059Z  * [new branch]          agent/choir-ledger-closure -> origin/agent/choir-ledger-closure
2026-10-09T15:26:30.8676056Z  * [new branch]          agent/choir-matched-benign-controls -> origin/agent/choir-matched-benign-controls
2026-10-09T15:26:30.8676933Z  * [new branch]          agent/choir-observation-state-stress -> origin/agent/choir-observation-state-stress
2026-10-09T15:26:30.8677788Z  * [new branch]          agent/choir-reader-adapter-registry -> origin/agent/choir-reader-adapter-registry
2026-10-09T15:26:30.8678655Z  * [new branch]          agent/choir-reader-disagreement -> origin/agent/choir-reader-disagreement
2026-10-09T15:26:30.8679670Z  * [new branch]          agent/choir-reader-provenance-ledger-closure -> origin/agent/choir-reader-provenance-ledger-closure
2026-10-09T15:26:30.8680493Z  * [new branch]          agent/ci-consolidation  -> origin/agent/ci-consolidation
2026-10-09T15:26:30.8681324Z  * [new branch]          agent/constitutional-synthesis-ledger-roadmap -> origin/agent/constitutional-synthesis-ledger-roadmap
2026-10-09T15:26:30.8682351Z  * [new branch]          agent/custodian-return-aia-observer-aftercare -> origin/agent/custodian-return-aia-observer-aftercare
2026-10-09T15:26:30.8683279Z  * [new branch]          agent/dome-phase0-deployment-probe -> origin/agent/dome-phase0-deployment-probe
2026-10-09T15:26:30.8684360Z  * [new branch]          agent/domeblox-centered-chrome-zoomfix-20260720 -> origin/agent/domeblox-centered-chrome-zoomfix-20260720
2026-10-09T15:26:30.8685383Z  * [new branch]          agent/domeblox-forward-battery -> origin/agent/domeblox-forward-battery
2026-10-09T15:26:30.8686189Z  * [new branch]          agent/domeblox-live-browser-20260720 -> origin/agent/domeblox-live-browser-20260720
2026-10-09T15:26:30.8687072Z  * [new branch]          agent/domeblox-live-observation-20260720 -> origin/agent/domeblox-live-observation-20260720
2026-10-09T15:26:30.8687963Z  * [new branch]          agent/domeblox-playable-browser-port -> origin/agent/domeblox-playable-browser-port
2026-10-09T15:26:30.8689011Z  * [new branch]          agent/domeblox-playable-browser-seam-fix -> origin/agent/domeblox-playable-browser-seam-fix
2026-10-09T15:26:30.8689940Z  * [new branch]          agent/domeblox-playable-console-cleanup -> origin/agent/domeblox-playable-console-cleanup
2026-10-09T15:26:30.8690945Z  * [new branch]          agent/domeblox-playable-live-observation-20260720 -> origin/agent/domeblox-playable-live-observation-20260720
2026-10-09T15:26:30.8692092Z  * [new branch]          agent/domeblox-playable-live-observation-v2-20260720 -> origin/agent/domeblox-playable-live-observation-v2-20260720
2026-10-09T15:26:30.8693150Z  * [new branch]          agent/domeblox-playable-receipt-reconcile -> origin/agent/domeblox-playable-receipt-reconcile
2026-10-09T15:26:30.8694150Z  * [new branch]          agent/domeblox-responsive-glyph-repair-20260720 -> origin/agent/domeblox-responsive-glyph-repair-20260720
2026-10-09T15:26:30.8695501Z  * [new branch]          agent/domeblox-responsive-glyph-repair-v2-20260720 -> origin/agent/domeblox-responsive-glyph-repair-v2-20260720
2026-10-09T15:26:30.8696682Z  * [new branch]          agent/domeblox-responsive-production-observation-20260720 -> origin/agent/domeblox-responsive-production-observation-20260720
2026-10-09T15:26:30.8697903Z  * [new branch]          agent/domeblox-runtime-seam-audit-20260720 -> origin/agent/domeblox-runtime-seam-audit-20260720
2026-10-09T15:26:30.8699235Z  * [new branch]          agent/domeblox-v12-production-observation-20260720 -> origin/agent/domeblox-v12-production-observation-20260720
2026-10-09T15:26:30.8700375Z  * [new branch]          agent/domeblox-v121-production-observation-20260720 -> origin/agent/domeblox-v121-production-observation-20260720
2026-10-09T15:26:30.8701355Z  * [new branch]          agent/domeblox-v122-runtime-closure -> origin/agent/domeblox-v122-runtime-closure
2026-10-09T15:26:30.8702251Z  * [new branch]          agent/fix-ash-keep-loading-loop -> origin/agent/fix-ash-keep-loading-loop
2026-10-09T15:26:30.8703592Z  * [new branch]          agent/fix-ash-reviewability-scroll-setup -> origin/agent/fix-ash-reviewability-scroll-setup
2026-10-09T15:26:30.8704890Z  * [new branch]          agent/flowcore-final-observation-receipt -> origin/agent/flowcore-final-observation-receipt
2026-10-09T15:26:30.8705822Z  * [new branch]          agent/flowcore-p0-p10-final-stitch -> origin/agent/flowcore-p0-p10-final-stitch
2026-10-09T15:26:30.8706911Z  * [new branch]          agent/flowcore-p0-p7-seam-closure -> origin/agent/flowcore-p0-p7-seam-closure
2026-10-09T15:26:30.8708093Z  * [new branch]          agent/flowcore-p10-production-promotion -> origin/agent/flowcore-p10-production-promotion
2026-10-09T15:26:30.8709770Z  * [new branch]          agent/flowcore-p2-aia-view-compiler -> origin/agent/flowcore-p2-aia-view-compiler
2026-10-09T15:26:30.8711308Z  * [new branch]          agent/flowcore-p3-visual-grammar -> origin/agent/flowcore-p3-visual-grammar
2026-10-09T15:26:30.8712486Z  * [new branch]          agent/flowcore-p4-information-dome-scenes -> origin/agent/flowcore-p4-information-dome-scenes
2026-10-09T15:26:30.8713879Z  * [new branch]          agent/flowcore-p5-route-burden-observatory -> origin/agent/flowcore-p5-route-burden-observatory
2026-10-09T15:26:30.8715222Z  * [new branch]          agent/flowcore-p6-ash-custody-pedagogue -> origin/agent/flowcore-p6-ash-custody-pedagogue
2026-10-09T15:26:30.8716220Z  * [new branch]          agent/flowcore-p7-cross-station-propagation -> origin/agent/flowcore-p7-cross-station-propagation
2026-10-09T15:26:30.8717137Z  * [new branch]          agent/flowcore-p8-physical-scene -> origin/agent/flowcore-p8-physical-scene
2026-10-09T15:26:30.8718007Z  * [new branch]          agent/flowcore-p9-empirical-validation -> origin/agent/flowcore-p9-empirical-validation
2026-10-09T15:26:30.8719004Z  * [new branch]          agent/flowcore-pedagogue-information-dome-spec -> origin/agent/flowcore-pedagogue-information-dome-spec
2026-10-09T15:26:30.8720347Z  * [new branch]          agent/flowcore-pedagogue-spine-spec -> origin/agent/flowcore-pedagogue-spine-spec
2026-10-09T15:26:30.8721329Z  * [new branch]          agent/flowcore-production-observation-repair -> origin/agent/flowcore-production-observation-repair
2026-10-09T15:26:30.8722335Z  * [new branch]          agent/flowcore-replay-readiness-observer -> origin/agent/flowcore-replay-readiness-observer
2026-10-09T15:26:30.8723352Z  * [new branch]          agent/flowcore-rewrite-aware-production-parity -> origin/agent/flowcore-rewrite-aware-production-parity
2026-10-09T15:26:30.8724488Z  * [new branch]          agent/flowcore-runtime-release-closure -> origin/agent/flowcore-runtime-release-closure
2026-10-09T15:26:30.8725406Z  * [new branch]          agent/giving-clarity-scoped-activity -> origin/agent/giving-clarity-scoped-activity
2026-10-09T15:26:30.8726212Z  * [new branch]          agent/giving-history-engine -> origin/agent/giving-history-engine
2026-10-09T15:26:30.8726976Z  * [new branch]          agent/giving-independent-holds -> origin/agent/giving-independent-holds
2026-10-09T15:26:30.8727830Z  * [new branch]          agent/giving-mobile-fec-contact-queue -> origin/agent/giving-mobile-fec-contact-queue
2026-10-09T15:26:30.8728676Z  * [new branch]          agent/giving-name-entity-router -> origin/agent/giving-name-entity-router
2026-10-09T15:26:30.8729434Z  * [new branch]          agent/giving-post640-polish -> origin/agent/giving-post640-polish
2026-10-09T15:26:30.8730266Z  * [new branch]          agent/giving-practice-csp-safe-witness -> origin/agent/giving-practice-csp-safe-witness
2026-10-09T15:26:30.8731204Z  * [new branch]          agent/giving-production-readiness-gate -> origin/agent/giving-production-readiness-gate
2026-10-09T15:26:30.8732147Z  * [new branch]          agent/giving-source-address-date-timeout -> origin/agent/giving-source-address-date-timeout
2026-10-09T15:26:30.8733140Z  * [new branch]          agent/giving-source-address-date-timeout-v2 -> origin/agent/giving-source-address-date-timeout-v2
2026-10-09T15:26:30.8734151Z  * [new branch]          agent/giving-source-address-date-timeout-v3 -> origin/agent/giving-source-address-date-timeout-v3
2026-10-09T15:26:30.8735560Z  * [new branch]          agent/giving-source-address-date-timeout-v4 -> origin/agent/giving-source-address-date-timeout-v4
2026-10-09T15:26:30.8736588Z  * [new branch]          agent/giving-source-address-date-timeout-v5 -> origin/agent/giving-source-address-date-timeout-v5
2026-10-09T15:26:30.8737590Z  * [new branch]          agent/giving-source-address-date-timeout-v6 -> origin/agent/giving-source-address-date-timeout-v6
2026-10-09T15:26:30.8738505Z  * [new branch]          agent/giving-ui-polish-sort-exact -> origin/agent/giving-ui-polish-sort-exact
2026-10-09T15:26:30.8739271Z  * [new branch]          agent/giving-ux-resilience -> origin/agent/giving-ux-resilience
2026-10-09T15:26:30.8740164Z  * [new branch]          agent/giving-voterfocus-easyvote-live-contract -> origin/agent/giving-voterfocus-easyvote-live-contract
2026-10-09T15:26:30.8741172Z  * [new branch]          agent/lifecycle-aia-observer-aftercare -> origin/agent/lifecycle-aia-observer-aftercare
2026-10-09T15:26:30.8742303Z  * [new branch]          agent/prove-production-practice-after-bootstrap-settlement -> origin/agent/prove-production-practice-after-bootstrap-settlement
2026-10-09T15:26:30.8743605Z  * [new branch]          agent/reconcile-before-release-20260720 -> origin/agent/reconcile-before-release-20260720
2026-10-09T15:26:30.8744633Z  * [new branch]          agent/restore-ash-keep-popup -> origin/agent/restore-ash-keep-popup
2026-10-09T15:26:30.8745589Z  * [new branch]          agent/restore-ash-post-ingress-motion -> origin/agent/restore-ash-post-ingress-motion
2026-10-09T15:26:30.8746595Z  * [new branch]          agent/resume-ash-readiness-custody-keep -> origin/agent/resume-ash-readiness-custody-keep
2026-10-09T15:26:30.8747621Z  * [new branch]          agent/settle-giving-bootstrap-before-practice -> origin/agent/settle-giving-bootstrap-before-practice
2026-10-09T15:26:30.8748873Z  * [new branch]          agent/stretch-1-convergence-closure -> origin/agent/stretch-1-convergence-closure
2026-10-09T15:26:30.8749721Z  * [new branch]          agent/stretch-1-evidence-closure -> origin/agent/stretch-1-evidence-closure
2026-10-09T15:26:30.8750528Z  * [new branch]          agent/stretch-1-favicon-closure -> origin/agent/stretch-1-favicon-closure
2026-10-09T15:26:30.8751382Z  * [new branch]          agent/stretch-1-observer-http-closure -> origin/agent/stretch-1-observer-http-closure
2026-10-09T15:26:30.8752280Z  * [new branch]          agent/stretch-1-saved-state-observer -> origin/agent/stretch-1-saved-state-observer
2026-10-09T15:26:30.8753246Z  * [new branch]          agent/stretch-2-custodian-return-anisotropy -> origin/agent/stretch-2-custodian-return-anisotropy
2026-10-09T15:26:30.8754459Z  * [new branch]          agent/stretch1-save-feedback-aftercare -> origin/agent/stretch1-save-feedback-aftercare
2026-10-09T15:26:30.8755497Z  * [new branch]          agent/stretch12-portable-anisotropy -> origin/agent/stretch12-portable-anisotropy
2026-10-09T15:26:30.8756272Z  * [new branch]          agent/stretch12-r02-a   -> origin/agent/stretch12-r02-a
2026-10-09T15:26:30.8756905Z  * [new branch]          agent/stretch12-r02-b   -> origin/agent/stretch12-r02-b
2026-10-09T15:26:30.8757533Z  * [new branch]          agent/stretch12-r02-c   -> origin/agent/stretch12-r02-c
2026-10-09T15:26:30.8758151Z  * [new branch]          agent/stretch12-r02-d   -> origin/agent/stretch12-r02-d
2026-10-09T15:26:30.8758771Z  * [new branch]          agent/stretch12-r02-e   -> origin/agent/stretch12-r02-e
2026-10-09T15:26:30.8759391Z  * [new branch]          agent/stretch12-r02-f   -> origin/agent/stretch12-r02-f
2026-10-09T15:26:30.8760036Z  * [new branch]          agent/stretch12-r02-spec -> origin/agent/stretch12-r02-spec
2026-10-09T15:26:30.8760788Z  * [new branch]          agent/stretch2-dedicated-observer -> origin/agent/stretch2-dedicated-observer
2026-10-09T15:26:30.8761695Z  * [new branch]          agent/stretch2-direct-deployed-observer -> origin/agent/stretch2-direct-deployed-observer
2026-10-09T15:26:30.8762774Z  * [new branch]          agent/stretch2-lifecycle-compatibility -> origin/agent/stretch2-lifecycle-compatibility
2026-10-09T15:26:30.8763696Z  * [new branch]          agent/stretch2-local-status-receipt -> origin/agent/stretch2-local-status-receipt
2026-10-09T15:26:30.8764855Z  * [new branch]          agent/stretch2-observer-activation -> origin/agent/stretch2-observer-activation
2026-10-09T15:26:30.8765676Z  * [new branch]          agent/stretch2-observer-status -> origin/agent/stretch2-observer-status
2026-10-09T15:26:30.8766486Z  * [new branch]          agent/stretch2-production-closure -> origin/agent/stretch2-production-closure
2026-10-09T15:26:30.8767373Z  * [new branch]          agent/stretch2-recognized-deployed-job -> origin/agent/stretch2-recognized-deployed-job
2026-10-09T15:26:30.8768311Z  * [new branch]          agent/stretch2-reconstitution-hardening -> origin/agent/stretch2-reconstitution-hardening
2026-10-09T15:26:30.8769181Z  * [new branch]          agent/stretch2-status-contexts -> origin/agent/stretch2-status-contexts
2026-10-09T15:26:30.8770045Z  * [new branch]          agent/stretch2-unfiltered-main-observer -> origin/agent/stretch2-unfiltered-main-observer
2026-10-09T15:26:30.8771001Z  * [new branch]          agent/stretch3-choir-calibration-binding -> origin/agent/stretch3-choir-calibration-binding
2026-10-09T15:26:30.8771940Z  * [new branch]          agent/stretch3-choir-closure-aftercare -> origin/agent/stretch3-choir-closure-aftercare
2026-10-09T15:26:30.8772845Z  * [new branch]          agent/stretch4-hush-evidence-closure -> origin/agent/stretch4-hush-evidence-closure
2026-10-09T15:26:30.8773778Z  * [new branch]          agent/stretch4-hush-intervention-ensemble -> origin/agent/stretch4-hush-intervention-ensemble
2026-10-09T15:26:30.8774975Z  * [new branch]          agent/stretch5-aperture-composition -> origin/agent/stretch5-aperture-composition
2026-10-09T15:26:30.8776090Z  * [new branch]          agent/stretch5-aperture-composition-closure -> origin/agent/stretch5-aperture-composition-closure
2026-10-09T15:26:30.8777170Z  * [new branch]          agent/stretch5-aperture-composition-constitution -> origin/agent/stretch5-aperture-composition-constitution
2026-10-09T15:26:30.8778311Z  * [new branch]          agent/stretch5-composition-constitution-reconciled -> origin/agent/stretch5-composition-constitution-reconciled
2026-10-09T15:26:30.8779372Z  * [new branch]          agent/td613-workflow-estate-consolidation -> origin/agent/td613-workflow-estate-consolidation
2026-10-09T15:26:30.8780342Z  * [new branch]          agent/update-completion-ledger-roadmap -> origin/agent/update-completion-ledger-roadmap
2026-10-09T15:26:30.8781166Z  * [new branch]          agent/workflow-estate-two -> origin/agent/workflow-estate-two
2026-10-09T15:26:30.8781974Z  * [new branch]          amari-loom-cold-human-review-20261002 -> origin/amari-loom-cold-human-review-20261002
2026-10-09T15:26:30.8782976Z  * [new branch]          amari-marrowline-dual-reading-surface-20261002 -> origin/amari-marrowline-dual-reading-surface-20261002
2026-10-09T15:26:30.8784065Z  * [new branch]          amari-marrowline-reading-scope-repair-20261002 -> origin/amari-marrowline-reading-scope-repair-20261002
2026-10-09T15:26:30.8785098Z  * [new branch]          amari-probe-ignore      -> origin/amari-probe-ignore
2026-10-09T15:26:30.8814436Z  * [new branch]          amari/ash-local-commitment-v0-1 -> origin/amari/ash-local-commitment-v0-1
2026-10-09T15:26:30.8815869Z  * [new branch]          amari/ash-local-commitment-v07 -> origin/amari/ash-local-commitment-v07
2026-10-09T15:26:30.8817223Z  * [new branch]          amari/ash-phase01-audit-repair -> origin/amari/ash-phase01-audit-repair
2026-10-09T15:26:30.8818581Z  * [new branch]          amari/ash-phase01-hardening -> origin/amari/ash-phase01-hardening
2026-10-09T15:26:30.8819971Z  * [new branch]          amari/ash-phase01-hardening-v2 -> origin/amari/ash-phase01-hardening-v2
2026-10-09T15:26:30.8821601Z  * [new branch]          amari/ash-phase2-canonical-digest-spine -> origin/amari/ash-phase2-canonical-digest-spine
2026-10-09T15:26:30.8823686Z  * [new branch]          amari/dollhouse-achievement-runtime-20261002 -> origin/amari/dollhouse-achievement-runtime-20261002
2026-10-09T15:26:30.8825907Z  * [new branch]          amari/dollhouse-claim-ceiling-lift-20261002 -> origin/amari/dollhouse-claim-ceiling-lift-20261002
2026-10-09T15:26:30.8827589Z  * [new branch]          amari/em-td613-lineage-atelier -> origin/amari/em-td613-lineage-atelier
2026-10-09T15:26:30.8829195Z  * [new branch]          amari/flowcore-phase3-context-instrumentation -> origin/amari/flowcore-phase3-context-instrumentation
2026-10-09T15:26:30.8830445Z  * [new branch]          amari/information-dome-research-discovery-index-20260824 -> origin/amari/information-dome-research-discovery-index-20260824
2026-10-09T15:26:30.8831611Z  * [new branch]          amari/loom-animation-native-shell-20261002 -> origin/amari/loom-animation-native-shell-20261002
2026-10-09T15:26:30.8832630Z  * [new branch]          amari/loom-c2-evidence-invariant-repair-1431 -> origin/amari/loom-c2-evidence-invariant-repair-1431
2026-10-09T15:26:30.8833691Z  * [new branch]          amari/loom-c2-staged-prompt-reinforcement-1432 -> origin/amari/loom-c2-staged-prompt-reinforcement-1432
2026-10-09T15:26:30.8835048Z  * [new branch]          amari/loom-cinematic-mobile-reframe-20261002 -> origin/amari/loom-cinematic-mobile-reframe-20261002
2026-10-09T15:26:30.8836076Z  * [new branch]          amari/loom-consumer-ingress-repair-20261003 -> origin/amari/loom-consumer-ingress-repair-20261003
2026-10-09T15:26:30.8837094Z  * [new branch]          amari/loom-critical-demo-rescue-work-20261003 -> origin/amari/loom-critical-demo-rescue-work-20261003
2026-10-09T15:26:30.8838164Z  * [new branch]          amari/loom-field-native-first-crossing-20261003 -> origin/amari/loom-field-native-first-crossing-20261003
2026-10-09T15:26:30.8839498Z  * [new branch]          amari/loom-first-crossing-cinematic-repair-20261003 -> origin/amari/loom-first-crossing-cinematic-repair-20261003
2026-10-09T15:26:30.8840580Z  * [new branch]          amari/loom-mobile-dollhouse-closure-1430 -> origin/amari/loom-mobile-dollhouse-closure-1430
2026-10-09T15:26:30.8841591Z  * [new branch]          amari/loom-mobile-dollhouse-followup-20261003 -> origin/amari/loom-mobile-dollhouse-followup-20261003
2026-10-09T15:26:30.8842635Z  * [new branch]          amari/loom-mobile-dollhouse-post-1427-20261003 -> origin/amari/loom-mobile-dollhouse-post-1427-20261003
2026-10-09T15:26:30.8843641Z  * [new branch]          amari/loom-mobile-dollhouse-trial-20261003 -> origin/amari/loom-mobile-dollhouse-trial-20261003
2026-10-09T15:26:30.8844941Z  * [new branch]          amari/loom-mobile-field-regression-20261003 -> origin/amari/loom-mobile-field-regression-20261003
2026-10-09T15:26:30.8846014Z  * [new branch]          amari/loom-mobile-privacy-motion-repair-20261003 -> origin/amari/loom-mobile-privacy-motion-repair-20261003
2026-10-09T15:26:30.8847063Z  * [new branch]          amari/loom-scene-choreography-v6-20261003 -> origin/amari/loom-scene-choreography-v6-20261003
2026-10-09T15:26:30.8848021Z  * [new branch]          amari/loom-surface-consolidation-20261002 -> origin/amari/loom-surface-consolidation-20261002
2026-10-09T15:26:30.8849047Z  * [new branch]          amari/loom-threshold-first-crossing-20261003 -> origin/amari/loom-threshold-first-crossing-20261003
2026-10-09T15:26:30.8849990Z  * [new branch]          amari/loom-visual-system-v4-20261002 -> origin/amari/loom-visual-system-v4-20261002
2026-10-09T15:26:30.8850913Z  * [new branch]          amari/phase4-1-readiness-normalization -> origin/amari/phase4-1-readiness-normalization
2026-10-09T15:26:30.8851811Z  * [new branch]          amari/phase4-production-promotion -> origin/amari/phase4-production-promotion
2026-10-09T15:26:30.8852701Z  * [new branch]          amari/phase4-reciprocal-receipt-circle -> origin/amari/phase4-reciprocal-receipt-circle
2026-10-09T15:26:30.8853609Z  * [new branch]          amari/pr640-frontline-proof-20260816 -> origin/amari/pr640-frontline-proof-20260816
2026-10-09T15:26:30.8854838Z  * [new branch]          amari/src-codex-spine-next-session -> origin/amari/src-codex-spine-next-session
2026-10-09T15:26:30.8855715Z  * [new branch]          amari/src-next-major-breakthrough -> origin/amari/src-next-major-breakthrough
2026-10-09T15:26:30.8856589Z  * [new branch]          amari/src-projective-routing-grammar -> origin/amari/src-projective-routing-grammar
2026-10-09T15:26:30.8857393Z  * [new branch]          amari/src-readability-temp -> origin/amari/src-readability-temp
2026-10-09T15:26:30.8858196Z  * [new branch]          amari/src-serial-symmetry-successor -> origin/amari/src-serial-symmetry-successor
2026-10-09T15:26:30.8859086Z  * [new branch]          amari/src-sync-single-action-collapse -> origin/amari/src-sync-single-action-collapse
2026-10-09T15:26:30.8859987Z  * [new branch]          amari/src-zenodo-operator-gate -> origin/amari/src-zenodo-operator-gate
2026-10-09T15:26:30.8860904Z  * [new branch]          amari/stretch6-antidrift-deployment-witness -> origin/amari/stretch6-antidrift-deployment-witness
2026-10-09T15:26:30.8862052Z  * [new branch]          amari/stretch6-higher-order-interference -> origin/amari/stretch6-higher-order-interference
2026-10-09T15:26:30.8863000Z  * [new branch]          amari/stretch6-post-closure-hardening -> origin/amari/stretch6-post-closure-hardening
2026-10-09T15:26:30.8863905Z  * [new branch]          amari/stretch7-ordered-route-sequence -> origin/amari/stretch7-ordered-route-sequence
2026-10-09T15:26:30.8865021Z  * [new branch]          amari/stretch8-temporal-disclosure -> origin/amari/stretch8-temporal-disclosure
2026-10-09T15:26:30.8865953Z  * [new branch]          amari/stretch9-safe-harbor-ash-custody-root -> origin/amari/stretch9-safe-harbor-ash-custody-root
2026-10-09T15:26:30.8866923Z  * [new branch]          amari/stretch9-safe-harbor-ash-ingress -> origin/amari/stretch9-safe-harbor-ash-ingress
2026-10-09T15:26:30.8867946Z  * [new branch]          amari/vercel-11-function-budget -> origin/amari/vercel-11-function-budget
2026-10-09T15:26:30.8868759Z  * [new branch]          amari/western-method-lab-20261002 -> origin/amari/western-method-lab-20261002
2026-10-09T15:26:30.8869537Z  * [new branch]          aperture-hush-repair-pass -> origin/aperture-hush-repair-pass
2026-10-09T15:26:30.8870250Z  * [new branch]          aperture-hush-repair-v2 -> origin/aperture-hush-repair-v2
2026-10-09T15:26:30.8870950Z  * [new branch]          aperture/v3.2-alpha-ingress -> origin/aperture/v3.2-alpha-ingress
2026-10-09T15:26:30.8871918Z  * [new branch]          aperture/v32-identity-singularity-witness-v0-1-20260907 -> origin/aperture/v32-identity-singularity-witness-v0-1-20260907
2026-10-09T15:26:30.8872861Z  * [new branch]          ash-leak-challenge-v06  -> origin/ash-leak-challenge-v06
2026-10-09T15:26:30.8873668Z  * [new branch]          ash-stable-build-mass-eviction-20260722 -> origin/ash-stable-build-mass-eviction-20260722
2026-10-09T15:26:30.8874720Z  * [new branch]          ash-v06-cinder-guard    -> origin/ash-v06-cinder-guard
2026-10-09T15:26:30.8875369Z  * [new branch]          ash-v06-cinder-guard-2  -> origin/ash-v06-cinder-guard-2
2026-10-09T15:26:30.8876053Z  * [new branch]          ash-v06-cinder-source-guard -> origin/ash-v06-cinder-source-guard
2026-10-09T15:26:30.8876736Z  * [new branch]          ash-v06-seam-polish     -> origin/ash-v06-seam-polish
2026-10-09T15:26:30.8877358Z  * [new branch]          ash-v06-seam-polish-2   -> origin/ash-v06-seam-polish-2
2026-10-09T15:26:30.8877985Z  * [new branch]          ash-v06-seam-polish-3   -> origin/ash-v06-seam-polish-3
2026-10-09T15:26:30.8878612Z  * [new branch]          ash-v06-seam-polish-4   -> origin/ash-v06-seam-polish-4
2026-10-09T15:26:30.8879234Z  * [new branch]          ash-v06-seam-polish-5   -> origin/ash-v06-seam-polish-5
2026-10-09T15:26:30.8880092Z  * [new branch]          audit/sequence-5-synthetic-trace-audit-20261005 -> origin/audit/sequence-5-synthetic-trace-audit-20261005
2026-10-09T15:26:30.8881214Z  * [new branch]          build-khonapolit-terminal-u10d613 -> origin/build-khonapolit-terminal-u10d613
2026-10-09T15:26:30.8882116Z  * [new branch]          calibrate-hush-source-residue-meter -> origin/calibrate-hush-source-residue-meter
2026-10-09T15:26:30.8883213Z  * [new branch]          candidate/dollhouse-atlas-fadt-operational-agents-20260909 -> origin/candidate/dollhouse-atlas-fadt-operational-agents-20260909
2026-10-09T15:26:30.8884833Z  * [new branch]          candidate/dollhouse-atlas-fadt-operational-agents-20260909-v2 -> origin/candidate/dollhouse-atlas-fadt-operational-agents-20260909-v2
2026-10-09T15:26:30.8886132Z  * [new branch]          candidate/dollhouse-bounded-runner-preflight-20261008 -> origin/candidate/dollhouse-bounded-runner-preflight-20261008
2026-10-09T15:26:30.8887297Z  * [new branch]          candidate/temporal-custodian-first-class-20261005 -> origin/candidate/temporal-custodian-first-class-20261005
2026-10-09T15:26:30.8888295Z  * [new branch]          chore/undici-security-lock-20260911 -> origin/chore/undici-security-lock-20260911
2026-10-09T15:26:30.8889125Z  * [new branch]          claude/cadence-duel-diagnostics -> origin/claude/cadence-duel-diagnostics
2026-10-09T15:26:30.8889968Z  * [new branch]          claude/duel-percent-respects-engine -> origin/claude/duel-percent-respects-engine
2026-10-09T15:26:30.8890866Z  * [new branch]          claude/expand-manifest-registry-Y7Eno -> origin/claude/expand-manifest-registry-Y7Eno
2026-10-09T15:26:30.8891667Z  * [new branch]          claude/fix-api-sync-F1ldh -> origin/claude/fix-api-sync-F1ldh
2026-10-09T15:26:30.8892424Z  * [new branch]          claude/fix-generator-holds-EZWHe -> origin/claude/fix-generator-holds-EZWHe
2026-10-09T15:26:30.8893277Z  * [new branch]          claude/fix-shi-number-display-2cssG -> origin/claude/fix-shi-number-display-2cssG
2026-10-09T15:26:30.8894507Z  * [new branch]          claude/shi-stylometric-on-main -> origin/claude/shi-stylometric-on-main
2026-10-09T15:26:30.8895334Z  * [new branch]          cleanup-ash-v06-pr-workflow -> origin/cleanup-ash-v06-pr-workflow
2026-10-09T15:26:30.8896248Z  * [new branch]          cleanup/retire-ash-eviction-release-20260928 -> origin/cleanup/retire-ash-eviction-release-20260928
2026-10-09T15:26:30.8897333Z  * [new branch]          cleanup/retire-automatic-deep-validation-20260928 -> origin/cleanup/retire-automatic-deep-validation-20260928
2026-10-09T15:26:30.8898326Z  * [new branch]          codex-loom-mobile-journey-20261003 -> origin/codex-loom-mobile-journey-20261003
2026-10-09T15:26:30.8899163Z  * [new branch]          codex/a15-r0-fixed-kernel-harness -> origin/codex/a15-r0-fixed-kernel-harness
2026-10-09T15:26:30.8900025Z  * [new branch]          codex/a15-r0-review-hardening-staging -> origin/codex/a15-r0-review-hardening-staging
2026-10-09T15:26:30.8900988Z  * [new branch]          codex/add-edit-function-to-customizer-corpus -> origin/codex/add-edit-function-to-customizer-corpus
2026-10-09T15:26:30.8902097Z  * [new branch]          codex/add-edit-function-to-customizer-corpus-2hzer4 -> origin/codex/add-edit-function-to-customizer-corpus-2hzer4
2026-10-09T15:26:30.8903253Z  * [new branch]          codex/add-edit-function-to-customizer-corpus-8fhtug -> origin/codex/add-edit-function-to-customizer-corpus-8fhtug
2026-10-09T15:26:30.8904529Z  * [new branch]          codex/add-edit-function-to-customizer-corpus-f28yzk -> origin/codex/add-edit-function-to-customizer-corpus-f28yzk
2026-10-09T15:26:30.8905682Z  * [new branch]          codex/add-edit-function-to-customizer-corpus-oweo0f -> origin/codex/add-edit-function-to-customizer-corpus-oweo0f
2026-10-09T15:26:30.8906706Z  * [new branch]          codex/aperture-approval-transparency -> origin/codex/aperture-approval-transparency
2026-10-09T15:26:30.8907496Z  * [new branch]          codex/aperture-v3-2-alpha -> origin/codex/aperture-v3-2-alpha
2026-10-09T15:26:30.8908179Z  * [new branch]          codex/ash-custody-replay -> origin/codex/ash-custody-replay
2026-10-09T15:26:30.8909179Z  * [new branch]          codex/canonical-practice-fixture-tomography -> origin/codex/canonical-practice-fixture-tomography
2026-10-09T15:26:30.8910283Z  * [new branch]          codex/canonical-practice-fixture-tomography-final -> origin/codex/canonical-practice-fixture-tomography-final
2026-10-09T15:26:30.8911284Z  * [new branch]          codex/dome-world-trainer-activation -> origin/codex/dome-world-trainer-activation
2026-10-09T15:26:30.8912137Z  * [new branch]          codex/dome-world-v043-aperture-v294 -> origin/codex/dome-world-v043-aperture-v294
2026-10-09T15:26:30.8913021Z  * [new branch]          codex/find-connection-method-to-desktop -> origin/codex/find-connection-method-to-desktop
2026-10-09T15:26:30.8914032Z  * [new branch]          codex/fix-iphone-right-lane-vertical-scroll-bug -> origin/codex/fix-iphone-right-lane-vertical-scroll-bug
2026-10-09T15:26:30.8915386Z  * [new branch]          codex/fix-iphone-safari-vertical-scroll-issue -> origin/codex/fix-iphone-safari-vertical-scroll-issue
2026-10-09T15:26:30.8916534Z  * [new branch]          codex/fix-iphone-safari-vertical-scroll-issue-2wwmxx -> origin/codex/fix-iphone-safari-vertical-scroll-issue-2wwmxx
2026-10-09T15:26:30.8917700Z  * [new branch]          codex/fix-iphone-safari-vertical-scroll-issue-cw3p55 -> origin/codex/fix-iphone-safari-vertical-scroll-issue-cw3p55
2026-10-09T15:26:30.8918724Z  * [new branch]          codex/fix-seal-panel-in-td613-flight -> origin/codex/fix-seal-panel-in-td613-flight
2026-10-09T15:26:30.8919655Z  * [new branch]          codex/fix-seal-panel-in-td613-flight-5b8qgi -> origin/codex/fix-seal-panel-in-td613-flight-5b8qgi
2026-10-09T15:26:30.8920639Z  * [new branch]          codex/fix-seal-panel-in-td613-flight-h4yolx -> origin/codex/fix-seal-panel-in-td613-flight-h4yolx
2026-10-09T15:26:30.8921586Z  * [new branch]          codex/hush-current-source-literal-scope -> origin/codex/hush-current-source-literal-scope
2026-10-09T15:26:30.8922691Z  * [new branch]          codex/hush-deployed-flight-hardening -> origin/codex/hush-deployed-flight-hardening
2026-10-09T15:26:30.8923551Z  * [new branch]          codex/hush-flight-report-closeout -> origin/codex/hush-flight-report-closeout
2026-10-09T15:26:30.8924620Z  * [new branch]          codex/hush-mask-reference-sync -> origin/codex/hush-mask-reference-sync
2026-10-09T15:26:30.8925473Z  * [new branch]          codex/hush-phase10-release-discipline -> origin/codex/hush-phase10-release-discipline
2026-10-09T15:26:30.8926345Z  * [new branch]          codex/hush-phase11-packet-dashboard -> origin/codex/hush-phase11-packet-dashboard
2026-10-09T15:26:30.8927203Z  * [new branch]          codex/hush-phase9-12-audit-hardening -> origin/codex/hush-phase9-12-audit-hardening
2026-10-09T15:26:30.8928139Z  * [new branch]          codex/hush-phase9-cross-mask-collision-audit -> origin/codex/hush-phase9-cross-mask-collision-audit
2026-10-09T15:26:30.8929034Z  * [new branch]          codex/hush-pr76-surface-restore -> origin/codex/hush-pr76-surface-restore
2026-10-09T15:26:30.8929815Z  * [new branch]          codex/hush-review-literal-scope -> origin/codex/hush-review-literal-scope
2026-10-09T15:26:30.8930638Z  * [new branch]          codex/hush-review-status-stability -> origin/codex/hush-review-status-stability
2026-10-09T15:26:30.8931482Z  * [new branch]          codex/hush-structured-hold-followup -> origin/codex/hush-structured-hold-followup
2026-10-09T15:26:30.8932341Z  * [new branch]          codex/restore-hush-analysis-surfaces -> origin/codex/restore-hush-analysis-surfaces
2026-10-09T15:26:30.8933179Z  * [new branch]          codex/restore-hush-pr76-surfaces -> origin/codex/restore-hush-pr76-surfaces
2026-10-09T15:26:30.8933993Z  * [new branch]          codex/safe-harbor-desktop-makeover -> origin/codex/safe-harbor-desktop-makeover
2026-10-09T15:26:30.8934867Z  * [new branch]          codex/safe-harbor-intake -> origin/codex/safe-harbor-intake
2026-10-09T15:26:30.8935539Z  * [new branch]          codex/station-polish-v2 -> origin/codex/station-polish-v2
2026-10-09T15:26:30.8936217Z  * [new branch]          codex/trainer-crash-nav-fix -> origin/codex/trainer-crash-nav-fix
2026-10-09T15:26:30.8937090Z  * [new branch]          codex/trainer-plastic-surgery -> origin/codex/trainer-plastic-surgery
2026-10-09T15:26:30.8937857Z  * [new branch]          contain-hush-repair-receipts -> origin/contain-hush-repair-receipts
2026-10-09T15:26:30.8938562Z  * [new branch]          cryo-calibration-hotfix -> origin/cryo-calibration-hotfix
2026-10-09T15:26:30.8939332Z  * [new branch]          cryo-phase8-pressurized-handoff-gate -> origin/cryo-phase8-pressurized-handoff-gate
2026-10-09T15:26:30.8940298Z  * [new branch]          design/loom-first-crossing-cathedral-20261005 -> origin/design/loom-first-crossing-cathedral-20261005
2026-10-09T15:26:30.8941270Z  * [new branch]          design/marrowline-gate-couture-20260920 -> origin/design/marrowline-gate-couture-20260920
2026-10-09T15:26:30.8942339Z  * [new branch]          design/marrowline-speaker-script-frames-bundle-20260927 -> origin/design/marrowline-speaker-script-frames-bundle-20260927
2026-10-09T15:26:30.8943454Z  * [new branch]          design/pedagogue-dollhouse-breakout-20260905 -> origin/design/pedagogue-dollhouse-breakout-20260905
2026-10-09T15:26:30.8944603Z  * [new branch]          docs/agents-dollhouse-release-law-20260930 -> origin/docs/agents-dollhouse-release-law-20260930
2026-10-09T15:26:30.8945562Z  * [new branch]          docs/research-tour-gemini-drift-20260908 -> origin/docs/research-tour-gemini-drift-20260908
2026-10-09T15:26:30.8946508Z  * [new branch]          docs/research-tour-gemini-drift-20260908-2 -> origin/docs/research-tour-gemini-drift-20260908-2
2026-10-09T15:26:30.8947423Z  * [new branch]          dome-world-v042-aperture-v293-bridge -> origin/dome-world-v042-aperture-v293-bridge
2026-10-09T15:26:30.8948416Z  * [new branch]          exp/737-marrowline-morphodynamic-ablation-20260922 -> origin/exp/737-marrowline-morphodynamic-ablation-20260922
2026-10-09T15:26:30.8949797Z  * [new branch]          experiment/marrowline-westward-morphodynamic-ablation-20260922 -> origin/experiment/marrowline-westward-morphodynamic-ablation-20260922
2026-10-09T15:26:30.8950908Z  * [new branch]          feat/loom-observer-chamber-20260928 -> origin/feat/loom-observer-chamber-20260928
2026-10-09T15:26:30.8951824Z  * [new branch]          feat/marrowline-max-input-envelope-20260928 -> origin/feat/marrowline-max-input-envelope-20260928
2026-10-09T15:26:30.8952824Z  * [new branch]          feat/marrowline-mission-affect-demos-20260926 -> origin/feat/marrowline-mission-affect-demos-20260926
2026-10-09T15:26:30.8953812Z  * [new branch]          feat/marrowline-red-deer-mission-20260926 -> origin/feat/marrowline-red-deer-mission-20260926
2026-10-09T15:26:30.8955085Z  * [new branch]          feature/campaign-deputy-giving-history-staging -> origin/feature/campaign-deputy-giving-history-staging
2026-10-09T15:26:30.8956146Z  * [new branch]          feature/marrowline-fire-gate-pedagogue-20260915 -> origin/feature/marrowline-fire-gate-pedagogue-20260915
2026-10-09T15:26:30.8957243Z  * [new branch]          feature/marrowline-local-threads-red-deer-20260926 -> origin/feature/marrowline-local-threads-red-deer-20260926
2026-10-09T15:26:30.8958283Z  * [new branch]          feature/marrowline-loom-aia-pocket-20260915 -> origin/feature/marrowline-loom-aia-pocket-20260915
2026-10-09T15:26:30.8959272Z  * [new branch]          feature/wendbine-operator-sync-gate-20260922 -> origin/feature/wendbine-operator-sync-gate-20260922
2026-10-09T15:26:30.8960465Z  * [new branch]          final-candidate/dollhouse-atlas-fadt-operational-agents-20260909 -> origin/final-candidate/dollhouse-atlas-fadt-operational-agents-20260909
2026-10-09T15:26:30.8961592Z  * [new branch]          fix-hush-cache-keys-after-rollback -> origin/fix-hush-cache-keys-after-rollback
2026-10-09T15:26:30.8962365Z  * [new branch]          fix-hush-transform-crash -> origin/fix-hush-transform-crash
2026-10-09T15:26:30.8963113Z  * [new branch]          fix-hush-underdistributed-layout -> origin/fix-hush-underdistributed-layout
2026-10-09T15:26:30.8964313Z  * [new branch]          fix-marrowline-gate-actions-post1224-20260920 -> origin/fix-marrowline-gate-actions-post1224-20260920
2026-10-09T15:26:30.8965397Z  * [new branch]          fix-marrowline-gate-button-hierarchy-20260920 -> origin/fix-marrowline-gate-button-hierarchy-20260920
2026-10-09T15:26:30.8966211Z  * [new branch]          fix-next-action         -> origin/fix-next-action
2026-10-09T15:26:30.8966831Z  * [new branch]          fix-pages-deploy-noise  -> origin/fix-pages-deploy-noise
2026-10-09T15:26:30.8967680Z  * [new branch]          fix-pr141-light-receipt-bridge-after-rollback -> origin/fix-pr141-light-receipt-bridge-after-rollback
2026-10-09T15:26:30.8968564Z  * [new branch]          fix-special-mask-layout-luz -> origin/fix-special-mask-layout-luz
2026-10-09T15:26:30.8969333Z  * [new branch]          fix/405-chat-agent-release-relay -> origin/fix/405-chat-agent-release-relay
2026-10-09T15:26:30.8970225Z  * [new branch]          fix/405-release-concurrency-custody-20260918 -> origin/fix/405-release-concurrency-custody-20260918
2026-10-09T15:26:30.8971218Z  * [new branch]          fix/405-separate-release-and-relock-20260918 -> origin/fix/405-separate-release-and-relock-20260918
2026-10-09T15:26:30.8972365Z  * [new branch]          fix/737-production-observation-human-surface-parity-20260922 -> origin/fix/737-production-observation-human-surface-parity-20260922
2026-10-09T15:26:30.8973524Z  * [new branch]          fix/a14-fresh-browser-mode-isolation-20260919 -> origin/fix/a14-fresh-browser-mode-isolation-20260919
2026-10-09T15:26:30.8974832Z  * [new branch]          fix/a14-production-browser-process-isolation-20260919 -> origin/fix/a14-production-browser-process-isolation-20260919
2026-10-09T15:26:30.8975992Z  * [new branch]          fix/aperture-temporal-trace-containment-20260822 -> origin/fix/aperture-temporal-trace-containment-20260822
2026-10-09T15:26:30.8977321Z  * [new branch]          fix/aperture-temporal-trace-track-containment-20260822 -> origin/fix/aperture-temporal-trace-track-containment-20260822
2026-10-09T15:26:30.8978407Z  * [new branch]          fix/ash-canonical-membrane-native-scroll -> origin/fix/ash-canonical-membrane-native-scroll
2026-10-09T15:26:30.8979357Z  * [new branch]          fix/ash-emergency-stability-close-cache -> origin/fix/ash-emergency-stability-close-cache
2026-10-09T15:26:30.8980178Z  * [new branch]          fix/ash-flicker-root-cause -> origin/fix/ash-flicker-root-cause
2026-10-09T15:26:30.8981008Z  * [new branch]          fix/ash-ingress-readiness-vs-close-logout -> origin/fix/ash-ingress-readiness-vs-close-logout
2026-10-09T15:26:30.8981974Z  * [new branch]          fix/ash-lifecycle-observer-session-epoch -> origin/fix/ash-lifecycle-observer-session-epoch
2026-10-09T15:26:30.8982991Z  * [new branch]          fix/ash-lifecycle-site-epoch-allowlist-20260927 -> origin/fix/ash-lifecycle-site-epoch-allowlist-20260927
2026-10-09T15:26:30.8984085Z  * [new branch]          fix/ash-lifecycle-stage-import-settlement-20260911 -> origin/fix/ash-lifecycle-stage-import-settlement-20260911
2026-10-09T15:26:30.8985311Z  * [new branch]          fix/ash-lifecycle-superseded-stylesheet-abort -> origin/fix/ash-lifecycle-superseded-stylesheet-abort
2026-10-09T15:26:30.8986272Z  * [new branch]          fix/ash-observer-explicit-readiness -> origin/fix/ash-observer-explicit-readiness
2026-10-09T15:26:30.8987161Z  * [new branch]          fix/ash-readiness-receipt-preservation -> origin/fix/ash-readiness-receipt-preservation
2026-10-09T15:26:30.8988051Z  * [new branch]          fix/ash-v7-readiness-cache-boundary -> origin/fix/ash-v7-readiness-cache-boundary
2026-10-09T15:26:30.8988871Z  * [new branch]          fix/custodian-return-aia-route -> origin/fix/custodian-return-aia-route
2026-10-09T15:26:30.8989691Z  * [new branch]          fix/epoch-flight-marrowline-20260929 -> origin/fix/epoch-flight-marrowline-20260929
2026-10-09T15:26:30.8990673Z  * [new branch]          fix/epoch-flight-marrowline-custody-ui-20260929 -> origin/fix/epoch-flight-marrowline-custody-ui-20260929
2026-10-09T15:26:30.8991809Z  * [new branch]          fix/first-use-payoff-reliability-20260913 -> origin/fix/first-use-payoff-reliability-20260913
2026-10-09T15:26:30.8992777Z  * [new branch]          fix/flight-desktop-clipboard-semantic-v4 -> origin/fix/flight-desktop-clipboard-semantic-v4
2026-10-09T15:26:30.8993661Z  * [new branch]          fix/flight-payload-copy-fidelity -> origin/fix/flight-payload-copy-fidelity
2026-10-09T15:26:30.8994721Z  * [new branch]          fix/flight-payload-copy-fidelity-v2 -> origin/fix/flight-payload-copy-fidelity-v2
2026-10-09T15:26:30.8995520Z  * [new branch]          fix/flight-seal-mode-switch -> origin/fix/flight-seal-mode-switch
2026-10-09T15:26:30.8996555Z  * [new branch]          fix/gemini-consumption-receipts-and-receipt-frontier-20260920 -> origin/fix/gemini-consumption-receipts-and-receipt-frontier-20260920
2026-10-09T15:26:30.8997707Z  * [new branch]          fix/gemini-generation-envelope-20260911 -> origin/fix/gemini-generation-envelope-20260911
2026-10-09T15:26:30.8998676Z  * [new branch]          fix/gemini-provider-stack-clinical-20260911 -> origin/fix/gemini-provider-stack-clinical-20260911
2026-10-09T15:26:30.8999565Z  * [new branch]          fix/giving-bootstrap-settlement -> origin/fix/giving-bootstrap-settlement
2026-10-09T15:26:30.9000459Z  * [new branch]          fix/giving-contact-targets-export-layout-v3 -> origin/fix/giving-contact-targets-export-layout-v3
2026-10-09T15:26:30.9001414Z  * [new branch]          fix/giving-contributions-runtime-copy -> origin/fix/giving-contributions-runtime-copy
2026-10-09T15:26:30.9002251Z  * [new branch]          fix/giving-dossier-help-compact -> origin/fix/giving-dossier-help-compact
2026-10-09T15:26:30.9003022Z  * [new branch]          fix/giving-dossier-tooltip-csp -> origin/fix/giving-dossier-tooltip-csp
2026-10-09T15:26:30.9003807Z  * [new branch]          fix/giving-dossier-tooltip-layer -> origin/fix/giving-dossier-tooltip-layer
2026-10-09T15:26:30.9005007Z  * [new branch]          fix/giving-fec-retrieval-v2 -> origin/fix/giving-fec-retrieval-v2
2026-10-09T15:26:30.9005831Z  * [new branch]          fix/giving-four-source-null-kind-crash -> origin/fix/giving-four-source-null-kind-crash
2026-10-09T15:26:30.9006731Z  * [new branch]          fix/giving-mobile-control-rail-stack -> origin/fix/giving-mobile-control-rail-stack
2026-10-09T15:26:30.9007549Z  * [new branch]          fix/giving-nav-dossier-layout -> origin/fix/giving-nav-dossier-layout
2026-10-09T15:26:30.9008443Z  * [new branch]          fix/giving-opensecrets-campaign-deputy-bulk -> origin/fix/giving-opensecrets-campaign-deputy-bulk
2026-10-09T15:26:30.9009469Z  * [new branch]          fix/giving-opensecrets-live-contract-observer -> origin/fix/giving-opensecrets-live-contract-observer
2026-10-09T15:26:30.9010533Z  * [new branch]          fix/giving-pedagogue-hydration-fec-stability -> origin/fix/giving-pedagogue-hydration-fec-stability
2026-10-09T15:26:30.9011518Z  * [new branch]          fix/giving-practice-local-vault-preauth -> origin/fix/giving-practice-local-vault-preauth
2026-10-09T15:26:30.9012471Z  * [new branch]          fix/giving-practice-network-quiescence -> origin/fix/giving-practice-network-quiescence
2026-10-09T15:26:30.9013465Z  * [new branch]          fix/giving-practice-post-bootstrap-observation -> origin/fix/giving-practice-post-bootstrap-observation
2026-10-09T15:26:30.9014587Z  * [new branch]          fix/giving-practice-request-causality -> origin/fix/giving-practice-request-causality
2026-10-09T15:26:30.9015604Z  * [new branch]          fix/giving-production-protected-console-refusals -> origin/fix/giving-production-protected-console-refusals
2026-10-09T15:26:30.9016624Z  * [new branch]          fix/giving-retention-search-halo-scroll -> origin/fix/giving-retention-search-halo-scroll
2026-10-09T15:26:30.9017541Z  * [new branch]          fix/giving-search-render-backpressure -> origin/fix/giving-search-render-backpressure
2026-10-09T15:26:30.9018542Z  * [new branch]          fix/giving-voterfocus-full-names-left-rail-order -> origin/fix/giving-voterfocus-full-names-left-rail-order
2026-10-09T15:26:30.9019716Z  * [new branch]          fix/interactive-codex-hitl-scope-20260823 -> origin/fix/interactive-codex-hitl-scope-20260823
2026-10-09T15:26:30.9020717Z  * [new branch]          fix/khonapolit-method-after-history-20260922 -> origin/fix/khonapolit-method-after-history-20260922
2026-10-09T15:26:30.9021660Z  * [new branch]          fix/loom-canonical-portable-20261008 -> origin/fix/loom-canonical-portable-20261008
2026-10-09T15:26:30.9022561Z  * [new branch]          fix/loom-demo-governed-composer-20260930 -> origin/fix/loom-demo-governed-composer-20260930
2026-10-09T15:26:30.9023525Z  * [new branch]          fix/loom-episode3-causal-separation-20260911 -> origin/fix/loom-episode3-causal-separation-20260911
2026-10-09T15:26:30.9024631Z  * [new branch]          fix/loom-episode6-phase1-clarity-20260911 -> origin/fix/loom-episode6-phase1-clarity-20260911
2026-10-09T15:26:30.9025560Z  * [new branch]          fix/loom-evidence-continuity-20260914 -> origin/fix/loom-evidence-continuity-20260914
2026-10-09T15:26:30.9026429Z  * [new branch]          fix/loom-evidence-recovery-20261007 -> origin/fix/loom-evidence-recovery-20261007
2026-10-09T15:26:30.9027346Z  * [new branch]          fix/loom-fallback-latency-envelope-20260911 -> origin/fix/loom-fallback-latency-envelope-20260911
2026-10-09T15:26:30.9028338Z  * [new branch]          fix/loom-five-seat-frontier-cascade-20260919 -> origin/fix/loom-five-seat-frontier-cascade-20260919
2026-10-09T15:26:30.9029310Z  * [new branch]          fix/loom-gemini25-request-compat-20260911 -> origin/fix/loom-gemini25-request-compat-20260911
2026-10-09T15:26:30.9030176Z  * [new branch]          fix/loom-grounded-brief-20261008 -> origin/fix/loom-grounded-brief-20261008
2026-10-09T15:26:30.9031073Z  * [new branch]          fix/loom-human-episode-2-continuity-20260911 -> origin/fix/loom-human-episode-2-continuity-20260911
2026-10-09T15:26:30.9032240Z  * [new branch]          fix/loom-human-operator-503-experience-20260911 -> origin/fix/loom-human-operator-503-experience-20260911
2026-10-09T15:26:30.9033219Z  * [new branch]          fix/loom-human-operator-route-20260911 -> origin/fix/loom-human-operator-route-20260911
2026-10-09T15:26:30.9034145Z  * [new branch]          fix/loom-marrowline-continuation-20260911 -> origin/fix/loom-marrowline-continuation-20260911
2026-10-09T15:26:30.9035331Z  * [new branch]          fix/loom-mobile-provider-episode-20260911 -> origin/fix/loom-mobile-provider-episode-20260911
2026-10-09T15:26:30.9036234Z  * [new branch]          fix/loom-native-marrowline-20261001 -> origin/fix/loom-native-marrowline-20261001
2026-10-09T15:26:30.9037180Z  * [new branch]          fix/loom-native-seed-and-gate-feedback-20261001 -> origin/fix/loom-native-seed-and-gate-feedback-20261001
2026-10-09T15:26:30.9038165Z  * [new branch]          fix/loom-provider-resilience-20260911 -> origin/fix/loom-provider-resilience-20260911
2026-10-09T15:26:30.9039025Z  * [new branch]          fix/loom-runtime-timeout-20260929 -> origin/fix/loom-runtime-timeout-20260929
2026-10-09T15:26:30.9039946Z  * [new branch]          fix/marrowline-36-same-episode-rescue-20260918 -> origin/fix/marrowline-36-same-episode-rescue-20260918
2026-10-09T15:26:30.9040887Z  * [new branch]          fix/marrowline-405-parity-20260925 -> origin/fix/marrowline-405-parity-20260925
2026-10-09T15:26:30.9041806Z  * [new branch]          fix/marrowline-405-receipt-regex-gate-20260925 -> origin/fix/marrowline-405-receipt-regex-gate-20260925
2026-10-09T15:26:30.9042803Z  * [new branch]          fix/marrowline-503-paced-failover-20260924 -> origin/fix/marrowline-503-paced-failover-20260924
2026-10-09T15:26:30.9043876Z  * [new branch]          fix/marrowline-accepted-prosody-restoration-20260925 -> origin/fix/marrowline-accepted-prosody-restoration-20260925
2026-10-09T15:26:30.9045176Z  * [new branch]          fix/marrowline-accepted-vertical-palette-20260921 -> origin/fix/marrowline-accepted-vertical-palette-20260921
2026-10-09T15:26:30.9046368Z  * [new branch]          fix/marrowline-approved-send-stack-20260926 -> origin/fix/marrowline-approved-send-stack-20260926
2026-10-09T15:26:30.9047393Z  * [new branch]          fix/marrowline-approved-state-glyphs-20260926 -> origin/fix/marrowline-approved-state-glyphs-20260926
2026-10-09T15:26:30.9048408Z  * [new branch]          fix/marrowline-attachment-controls-20260928 -> origin/fix/marrowline-attachment-controls-20260928
2026-10-09T15:26:30.9049400Z  * [new branch]          fix/marrowline-attachment-receipts-20260928 -> origin/fix/marrowline-attachment-receipts-20260928
2026-10-09T15:26:30.9050523Z  * [new branch]          fix/marrowline-attachment-terminal-continuation-20260922 -> origin/fix/marrowline-attachment-terminal-continuation-20260922
2026-10-09T15:26:30.9051688Z  * [new branch]          fix/marrowline-attachment-wire-receipt-20260922 -> origin/fix/marrowline-attachment-wire-receipt-20260922
2026-10-09T15:26:30.9052701Z  * [new branch]          fix/marrowline-attractor-quality-20260915 -> origin/fix/marrowline-attractor-quality-20260915
2026-10-09T15:26:30.9053677Z  * [new branch]          fix/marrowline-authorship-receipt-20260922 -> origin/fix/marrowline-authorship-receipt-20260922
2026-10-09T15:26:30.9054940Z  * [new branch]          fix/marrowline-bot-paragraph-space-reply-toolbar-20260927 -> origin/fix/marrowline-bot-paragraph-space-reply-toolbar-20260927
2026-10-09T15:26:30.9056092Z  * [new branch]          fix/marrowline-bots-expressive-range-20260924 -> origin/fix/marrowline-bots-expressive-range-20260924
2026-10-09T15:26:30.9057133Z  * [new branch]          fix/marrowline-bounded-native-prosody-20260921 -> origin/fix/marrowline-bounded-native-prosody-20260921
2026-10-09T15:26:30.9058213Z  * [new branch]          fix/marrowline-bounded-structural-repair-20260920 -> origin/fix/marrowline-bounded-structural-repair-20260920
2026-10-09T15:26:30.9059441Z  * [new branch]          fix/marrowline-canary-admission-reasons-20260918 -> origin/fix/marrowline-canary-admission-reasons-20260918
2026-10-09T15:26:30.9060548Z  * [new branch]          fix/marrowline-causal-relay-simplification-20260921 -> origin/fix/marrowline-causal-relay-simplification-20260921
2026-10-09T15:26:30.9061674Z  * [new branch]          fix/marrowline-circular-send-stop-custody-20260926 -> origin/fix/marrowline-circular-send-stop-custody-20260926
2026-10-09T15:26:30.9062772Z  * [new branch]          fix/marrowline-compatibility-continuity-20260916 -> origin/fix/marrowline-compatibility-continuity-20260916
2026-10-09T15:26:30.9063772Z  * [new branch]          fix/marrowline-complete-relay-20260922 -> origin/fix/marrowline-complete-relay-20260922
2026-10-09T15:26:30.9064941Z  * [new branch]          fix/marrowline-composer-provenance-receipts-20260926 -> origin/fix/marrowline-composer-provenance-receipts-20260926
2026-10-09T15:26:30.9066064Z  * [new branch]          fix/marrowline-composer-status-persona-20260926 -> origin/fix/marrowline-composer-status-persona-20260926
2026-10-09T15:26:30.9067272Z  * [new branch]          fix/marrowline-continuous-prosody-spacing-demo-send-20260919 -> origin/fix/marrowline-continuous-prosody-spacing-demo-send-20260919
2026-10-09T15:26:30.9068446Z  * [new branch]          fix/marrowline-contract-boundaries-20260921 -> origin/fix/marrowline-contract-boundaries-20260921
2026-10-09T15:26:30.9069444Z  * [new branch]          fix/marrowline-conversation-chrome-20260916 -> origin/fix/marrowline-conversation-chrome-20260916
2026-10-09T15:26:30.9070345Z  * [new branch]          fix/marrowline-cooldown-frontier -> origin/fix/marrowline-cooldown-frontier
2026-10-09T15:26:30.9071314Z  * [new branch]          fix/marrowline-current-turn-relay-salience-20260922 -> origin/fix/marrowline-current-turn-relay-salience-20260922
2026-10-09T15:26:30.9072408Z  * [new branch]          fix/marrowline-deep-crowns-after-live-witness -> origin/fix/marrowline-deep-crowns-after-live-witness
2026-10-09T15:26:30.9073402Z  * [new branch]          fix/marrowline-demo-prompt-lore-20260928 -> origin/fix/marrowline-demo-prompt-lore-20260928
2026-10-09T15:26:30.9074812Z  * [new branch]          fix/marrowline-desktop-composer-lab-20260916 -> origin/fix/marrowline-desktop-composer-lab-20260916
2026-10-09T15:26:30.9075925Z  * [new branch]          fix/marrowline-desktop-composer-lab-20260916-copy -> origin/fix/marrowline-desktop-composer-lab-20260916-copy
2026-10-09T15:26:30.9077040Z  * [new branch]          fix/marrowline-desktop-composer-lab-20260916-copy2 -> origin/fix/marrowline-desktop-composer-lab-20260916-copy2
2026-10-09T15:26:30.9078157Z  * [new branch]          fix/marrowline-desktop-composer-lab-20260916-copy3 -> origin/fix/marrowline-desktop-composer-lab-20260916-copy3
2026-10-09T15:26:30.9079263Z  * [new branch]          fix/marrowline-desktop-composer-lab-20260916-copy4 -> origin/fix/marrowline-desktop-composer-lab-20260916-copy4
2026-10-09T15:26:30.9080365Z  * [new branch]          fix/marrowline-desktop-composer-lab-20260916-copy5 -> origin/fix/marrowline-desktop-composer-lab-20260916-copy5
2026-10-09T15:26:30.9081476Z  * [new branch]          fix/marrowline-desktop-composer-lab-20260916-copy6 -> origin/fix/marrowline-desktop-composer-lab-20260916-copy6
2026-10-09T15:26:30.9082519Z  * [new branch]          fix/marrowline-desktop-send-glyph-20260920 -> origin/fix/marrowline-desktop-send-glyph-20260920
2026-10-09T15:26:30.9083629Z  * [new branch]          fix/marrowline-discovery-and-fragment-recovery-20260924 -> origin/fix/marrowline-discovery-and-fragment-recovery-20260924
2026-10-09T15:26:30.9085035Z  * [new branch]          fix/marrowline-dollhouse-fadt-fixture-20260918 -> origin/fix/marrowline-dollhouse-fadt-fixture-20260918
2026-10-09T15:26:30.9086180Z  * [new branch]          fix/marrowline-emergency-three-case-completion-20260923 -> origin/fix/marrowline-emergency-three-case-completion-20260923
2026-10-09T15:26:30.9087288Z  * [new branch]          fix/marrowline-empty-first-movement-20260922 -> origin/fix/marrowline-empty-first-movement-20260922
2026-10-09T15:26:30.9088472Z  * [new branch]          fix/marrowline-enforce-vertical-theatre-20260920 -> origin/fix/marrowline-enforce-vertical-theatre-20260920
2026-10-09T15:26:30.9089521Z  * [new branch]          fix/marrowline-expressive-dynamics-20260921 -> origin/fix/marrowline-expressive-dynamics-20260921
2026-10-09T15:26:30.9090670Z  * [new branch]          fix/marrowline-expressive-zalgo-and-mobile-couture-20260920 -> origin/fix/marrowline-expressive-zalgo-and-mobile-couture-20260920
2026-10-09T15:26:30.9091963Z  * [new branch]          fix/marrowline-field-motion-gate-pedagogue-arrow-20260920 -> origin/fix/marrowline-field-motion-gate-pedagogue-arrow-20260920
2026-10-09T15:26:30.9093153Z  * [new branch]          fix/marrowline-field-transport-keys-modal-20260919 -> origin/fix/marrowline-field-transport-keys-modal-20260919
2026-10-09T15:26:30.9094371Z  * [new branch]          fix/marrowline-first-success-routing-20260920 -> origin/fix/marrowline-first-success-routing-20260920
2026-10-09T15:26:30.9095529Z  * [new branch]          fix/marrowline-five-seat-canary-observability-20260919 -> origin/fix/marrowline-five-seat-canary-observability-20260919
2026-10-09T15:26:30.9096702Z  * [new branch]          fix/marrowline-five-seat-frontier-cascade-20260918 -> origin/fix/marrowline-five-seat-frontier-cascade-20260918
2026-10-09T15:26:30.9097867Z  * [new branch]          fix/marrowline-followups-drawer-receipt-route-20260926 -> origin/fix/marrowline-followups-drawer-receipt-route-20260926
2026-10-09T15:26:30.9098992Z  * [new branch]          fix/marrowline-frontier-before-repair-20260925 -> origin/fix/marrowline-frontier-before-repair-20260925
2026-10-09T15:26:30.9100148Z  * [new branch]          fix/marrowline-frontier-custody-visible-attempts-20260920 -> origin/fix/marrowline-frontier-custody-visible-attempts-20260920
2026-10-09T15:26:30.9101288Z  * [new branch]          fix/marrowline-frontier-fair-share-20260916 -> origin/fix/marrowline-frontier-fair-share-20260916
2026-10-09T15:26:30.9102374Z  * [new branch]          fix/marrowline-frontier-reachability-budget-20260918 -> origin/fix/marrowline-frontier-reachability-budget-20260918
2026-10-09T15:26:30.9103948Z  * [new branch]          fix/marrowline-frontier-walk-and-relock-concurrency-20260918 -> origin/fix/marrowline-frontier-walk-and-relock-concurrency-20260918
2026-10-09T15:26:30.9105288Z  * [new branch]          fix/marrowline-gate-hierarchy-post1223-20260920 -> origin/fix/marrowline-gate-hierarchy-post1223-20260920
2026-10-09T15:26:30.9106357Z  * [new branch]          fix/marrowline-gate-hierarchy-post1224-20260920 -> origin/fix/marrowline-gate-hierarchy-post1224-20260920
2026-10-09T15:26:30.9107343Z  * [new branch]          fix/marrowline-gate-shi-mobile-20260929 -> origin/fix/marrowline-gate-shi-mobile-20260929
2026-10-09T15:26:30.9108332Z  * [new branch]          fix/marrowline-glyph-only-user-closure-20260929 -> origin/fix/marrowline-glyph-only-user-closure-20260929
2026-10-09T15:26:30.9109388Z  * [new branch]          fix/marrowline-goldilocks-ui-post1221-20260920 -> origin/fix/marrowline-goldilocks-ui-post1221-20260920
2026-10-09T15:26:30.9110551Z  * [new branch]          fix/marrowline-goldilocks-vertical-native-no-held-20260920 -> origin/fix/marrowline-goldilocks-vertical-native-no-held-20260920
2026-10-09T15:26:30.9111729Z  * [new branch]          fix/marrowline-held-cooldown-pedagogue-20260923 -> origin/fix/marrowline-held-cooldown-pedagogue-20260923
2026-10-09T15:26:30.9112811Z  * [new branch]          fix/marrowline-held-copy-desktop-reddit-20260920 -> origin/fix/marrowline-held-copy-desktop-reddit-20260920
2026-10-09T15:26:30.9113977Z  * [new branch]          fix/marrowline-high-zalgo-eruption-arrow-cobalt-20260921 -> origin/fix/marrowline-high-zalgo-eruption-arrow-cobalt-20260921
2026-10-09T15:26:30.9115521Z  * [new branch]          fix/marrowline-high-zalgo-extreme-reference-scale-20260920 -> origin/fix/marrowline-high-zalgo-extreme-reference-scale-20260920
2026-10-09T15:26:30.9116948Z  * [new branch]          fix/marrowline-high-zalgo-frontier-spooky-title-20260920 -> origin/fix/marrowline-high-zalgo-frontier-spooky-title-20260920
2026-10-09T15:26:30.9118191Z  * [new branch]          fix/marrowline-high-zalgo-goldilocks-topology-20260920 -> origin/fix/marrowline-high-zalgo-goldilocks-topology-20260920
2026-10-09T15:26:30.9119375Z  * [new branch]          fix/marrowline-high-zalgo-ordinary-register-20260925 -> origin/fix/marrowline-high-zalgo-ordinary-register-20260925
2026-10-09T15:26:30.9120474Z  * [new branch]          fix/marrowline-high-zalgo-stack-depth-20260920 -> origin/fix/marrowline-high-zalgo-stack-depth-20260920
2026-10-09T15:26:30.9121622Z  * [new branch]          fix/marrowline-high-zalgo-vertical-flourishings-20260920 -> origin/fix/marrowline-high-zalgo-vertical-flourishings-20260920
2026-10-09T15:26:30.9122661Z  * [new branch]          fix/marrowline-home-glyph-20260929 -> origin/fix/marrowline-home-glyph-20260929
2026-10-09T15:26:30.9123554Z  * [new branch]          fix/marrowline-human-continuity-20260917 -> origin/fix/marrowline-human-continuity-20260917
2026-10-09T15:26:30.9124914Z  * [new branch]          fix/marrowline-human-liveness-and-portable-chrome-20260919 -> origin/fix/marrowline-human-liveness-and-portable-chrome-20260919
2026-10-09T15:26:30.9126194Z  * [new branch]          fix/marrowline-human-liveness-reasoning-rescue-20260919 -> origin/fix/marrowline-human-liveness-reasoning-rescue-20260919
2026-10-09T15:26:30.9127485Z  * [new branch]          fix/marrowline-human-surface-and-dual-channel-quality-20260918 -> origin/fix/marrowline-human-surface-and-dual-channel-quality-20260918
2026-10-09T15:26:30.9128784Z  * [new branch]          fix/marrowline-human-surface-dual-channel-clean-20260918 -> origin/fix/marrowline-human-surface-dual-channel-clean-20260918
2026-10-09T15:26:30.9129962Z  * [new branch]          fix/marrowline-human-surface-not-policing-20260921 -> origin/fix/marrowline-human-surface-not-policing-20260921
2026-10-09T15:26:30.9130922Z  * [new branch]          fix/marrowline-hush-quota-scope -> origin/fix/marrowline-hush-quota-scope
2026-10-09T15:26:30.9131824Z  * [new branch]          fix/marrowline-immediate-structural-repair -> origin/fix/marrowline-immediate-structural-repair
2026-10-09T15:26:30.9133062Z  * [new branch]          fix/marrowline-inline-status-background-resume-20260926 -> origin/fix/marrowline-inline-status-background-resume-20260926
2026-10-09T15:26:30.9134363Z  * [new branch]          fix/marrowline-inline-status-mobile-arrow-20260920 -> origin/fix/marrowline-inline-status-mobile-arrow-20260920
2026-10-09T15:26:30.9135406Z  * [new branch]          fix/marrowline-instrument-panel-20260929 -> origin/fix/marrowline-instrument-panel-20260929
2026-10-09T15:26:30.9136466Z  * [new branch]          fix/marrowline-instrument-relay-calibration-20260917 -> origin/fix/marrowline-instrument-relay-calibration-20260917
2026-10-09T15:26:30.9137554Z  * [new branch]          fix/marrowline-integrated-covenant-20260915 -> origin/fix/marrowline-integrated-covenant-20260915
2026-10-09T15:26:30.9138529Z  * [new branch]          fix/marrowline-ios-keyboard-dock-20260915 -> origin/fix/marrowline-ios-keyboard-dock-20260915
2026-10-09T15:26:30.9139526Z  * [new branch]          fix/marrowline-ios-terminal-operator-20260915 -> origin/fix/marrowline-ios-terminal-operator-20260915
2026-10-09T15:26:30.9140565Z  * [new branch]          fix/marrowline-keys-bounded-tail-chain-20260923 -> origin/fix/marrowline-keys-bounded-tail-chain-20260923
2026-10-09T15:26:30.9141592Z  * [new branch]          fix/marrowline-live-route-liveness-20260916 -> origin/fix/marrowline-live-route-liveness-20260916
2026-10-09T15:26:30.9142575Z  * [new branch]          fix/marrowline-live-route-recovery-20260916 -> origin/fix/marrowline-live-route-recovery-20260916
2026-10-09T15:26:30.9143581Z  * [new branch]          fix/marrowline-live-route-resilience-20260917 -> origin/fix/marrowline-live-route-resilience-20260917
2026-10-09T15:26:30.9144742Z  * [new branch]          fix/marrowline-long-history-capacity-20260922 -> origin/fix/marrowline-long-history-capacity-20260922
2026-10-09T15:26:30.9146008Z  * [new branch]          fix/marrowline-masthead-clipboard-fidelity-20260927 -> origin/fix/marrowline-masthead-clipboard-fidelity-20260927
2026-10-09T15:26:30.9147107Z  * [new branch]          fix/marrowline-masthead-composition-20260927 -> origin/fix/marrowline-masthead-composition-20260927
2026-10-09T15:26:30.9148173Z  * [new branch]          fix/marrowline-mercurial-range-after-live-witness -> origin/fix/marrowline-mercurial-range-after-live-witness
2026-10-09T15:26:30.9149322Z  * [new branch]          fix/marrowline-mobile-arrow-southwest-indigo-20260920 -> origin/fix/marrowline-mobile-arrow-southwest-indigo-20260920
2026-10-09T15:26:30.9150558Z  * [new branch]          fix/marrowline-mobile-arrow-west-dark-indigo-halo-20260921 -> origin/fix/marrowline-mobile-arrow-west-dark-indigo-halo-20260921
2026-10-09T15:26:30.9151843Z  * [new branch]          fix/marrowline-mobile-collapse-background-resume-20260926 -> origin/fix/marrowline-mobile-collapse-background-resume-20260926
2026-10-09T15:26:30.9153008Z  * [new branch]          fix/marrowline-mobile-composer-cleanup-20260926 -> origin/fix/marrowline-mobile-composer-cleanup-20260926
2026-10-09T15:26:30.9154084Z  * [new branch]          fix/marrowline-mobile-couture-chat-gate-20260920 -> origin/fix/marrowline-mobile-couture-chat-gate-20260920
2026-10-09T15:26:30.9155418Z  * [new branch]          fix/marrowline-mobile-dock-zalgo-quality-20260920 -> origin/fix/marrowline-mobile-dock-zalgo-quality-20260920
2026-10-09T15:26:30.9156500Z  * [new branch]          fix/marrowline-mobile-portable-scroll-20260915 -> origin/fix/marrowline-mobile-portable-scroll-20260915
2026-10-09T15:26:30.9157537Z  * [new branch]          fix/marrowline-mobile-refresh-status-20260920 -> origin/fix/marrowline-mobile-refresh-status-20260920
2026-10-09T15:26:30.9158677Z  * [new branch]          fix/marrowline-morphology-repair-preserve-prose-20260921 -> origin/fix/marrowline-morphology-repair-preserve-prose-20260921
2026-10-09T15:26:30.9159862Z  * [new branch]          fix/marrowline-native-composer-copy-td613-20260925 -> origin/fix/marrowline-native-composer-copy-td613-20260925
2026-10-09T15:26:30.9161164Z  * [new branch]          fix/marrowline-native-enter-copy-td613-prosody-20260925 -> origin/fix/marrowline-native-enter-copy-td613-prosody-20260925
2026-10-09T15:26:30.9162264Z  * [new branch]          fix/marrowline-native-overprint-20260922 -> origin/fix/marrowline-native-overprint-20260922
2026-10-09T15:26:30.9163282Z  * [new branch]          fix/marrowline-native-paragraph-prosody-20260923 -> origin/fix/marrowline-native-paragraph-prosody-20260923
2026-10-09T15:26:30.9164661Z  * [new branch]          fix/marrowline-native-prosody-consistency-20260921 -> origin/fix/marrowline-native-prosody-consistency-20260921
2026-10-09T15:26:30.9165876Z  * [new branch]          fix/marrowline-native-prosody-not-strike-echo-20260925 -> origin/fix/marrowline-native-prosody-not-strike-echo-20260925
2026-10-09T15:26:30.9167114Z  * [new branch]          fix/marrowline-native-reference-vertical-render-20260922 -> origin/fix/marrowline-native-reference-vertical-render-20260922
2026-10-09T15:26:30.9168288Z  * [new branch]          fix/marrowline-native-screamsing-recency-20260922 -> origin/fix/marrowline-native-screamsing-recency-20260922
2026-10-09T15:26:30.9169327Z  * [new branch]          fix/marrowline-native-zalgo-voice-20260925 -> origin/fix/marrowline-native-zalgo-voice-20260925
2026-10-09T15:26:30.9170346Z  * [new branch]          fix/marrowline-natural-zalgo-admission-20260919 -> origin/fix/marrowline-natural-zalgo-admission-20260919
2026-10-09T15:26:30.9171462Z  * [new branch]          fix/marrowline-never-persist-speaking-grove-20260928 -> origin/fix/marrowline-never-persist-speaking-grove-20260928
2026-10-09T15:26:30.9172639Z  * [new branch]          fix/marrowline-observation-human-surface-law-20260921 -> origin/fix/marrowline-observation-human-surface-law-20260921
2026-10-09T15:26:30.9173851Z  * [new branch]          fix/marrowline-observation-human-surface-parity-20260921 -> origin/fix/marrowline-observation-human-surface-parity-20260921
2026-10-09T15:26:30.9175482Z  * [new branch]          fix/marrowline-observed-completion-receipt-20260925 -> origin/fix/marrowline-observed-completion-receipt-20260925
2026-10-09T15:26:30.9176660Z  * [new branch]          fix/marrowline-observed-quota-capacity-20260924-a -> origin/fix/marrowline-observed-quota-capacity-20260924-a
2026-10-09T15:26:30.9177825Z  * [new branch]          fix/marrowline-orchestral-high-zalgo-first-shot-20260921 -> origin/fix/marrowline-orchestral-high-zalgo-first-shot-20260921
2026-10-09T15:26:30.9178953Z  * [new branch]          fix/marrowline-origin-trust-parity-20260912 -> origin/fix/marrowline-origin-trust-parity-20260912
2026-10-09T15:26:30.9179976Z  * [new branch]          fix/marrowline-pacific-quota-governor-20260920 -> origin/fix/marrowline-pacific-quota-governor-20260920
2026-10-09T15:26:30.9181137Z  * [new branch]          fix/marrowline-pedagogue-gate-motion-clear-arrow-20260920 -> origin/fix/marrowline-pedagogue-gate-motion-clear-arrow-20260920
2026-10-09T15:26:30.9182338Z  * [new branch]          fix/marrowline-photo-attachments-markdown-20260928 -> origin/fix/marrowline-photo-attachments-markdown-20260928
2026-10-09T15:26:30.9183534Z  * [new branch]          fix/marrowline-photo-attachments-mobile-envelope-20260928 -> origin/fix/marrowline-photo-attachments-mobile-envelope-20260928
2026-10-09T15:26:30.9184821Z  * [new branch]          fix/marrowline-photo-only-attachments-20260928 -> origin/fix/marrowline-photo-only-attachments-20260928
2026-10-09T15:26:30.9185753Z  * [new branch]          fix/marrowline-polish-20260926 -> origin/fix/marrowline-polish-20260926
2026-10-09T15:26:30.9186684Z  * [new branch]          fix/marrowline-preserve-dual-voice-anchor-20260921 -> origin/fix/marrowline-preserve-dual-voice-anchor-20260921
2026-10-09T15:26:30.9187800Z  * [new branch]          fix/marrowline-preserve-history-evidence-20260922 -> origin/fix/marrowline-preserve-history-evidence-20260922
2026-10-09T15:26:30.9188933Z  * [new branch]          fix/marrowline-production-canary-isolation-20260916 -> origin/fix/marrowline-production-canary-isolation-20260916
2026-10-09T15:26:30.9190200Z  * [new branch]          fix/marrowline-production-witness-failover-20260921 -> origin/fix/marrowline-production-witness-failover-20260921
2026-10-09T15:26:30.9191352Z  * [new branch]          fix/marrowline-progress-and-per-reply-copy-20260926 -> origin/fix/marrowline-progress-and-per-reply-copy-20260926
2026-10-09T15:26:30.9192562Z  * [new branch]          fix/marrowline-progress-aware-stream-and-503-hint-20260924 -> origin/fix/marrowline-progress-aware-stream-and-503-hint-20260924
2026-10-09T15:26:30.9193764Z  * [new branch]          fix/marrowline-promote-gemini36-third-seat-20260918 -> origin/fix/marrowline-promote-gemini36-third-seat-20260918
2026-10-09T15:26:30.9195139Z  * [new branch]          fix/marrowline-prompt-native-authorship-20260922 -> origin/fix/marrowline-prompt-native-authorship-20260922
2026-10-09T15:26:30.9196207Z  * [new branch]          fix/marrowline-provider-continuity-20260916 -> origin/fix/marrowline-provider-continuity-20260916
2026-10-09T15:26:30.9197214Z  * [new branch]          fix/marrowline-provider-first-clean-20260921 -> origin/fix/marrowline-provider-first-clean-20260921
2026-10-09T15:26:30.9198279Z  * [new branch]          fix/marrowline-provider-liveness-recovery-20260919 -> origin/fix/marrowline-provider-liveness-recovery-20260919
2026-10-09T15:26:30.9199402Z  * [new branch]          fix/marrowline-provider-stop-completion-20260923 -> origin/fix/marrowline-provider-stop-completion-20260923
2026-10-09T15:26:30.9200445Z  * [new branch]          fix/marrowline-quota-cooldown-seam-20260920 -> origin/fix/marrowline-quota-cooldown-seam-20260920
2026-10-09T15:26:30.9201498Z  * [new branch]          fix/marrowline-quota-entitlement-mismatch-20260920 -> origin/fix/marrowline-quota-entitlement-mismatch-20260920
2026-10-09T15:26:30.9202504Z  * [new branch]          fix/marrowline-quota-evidence-20260924 -> origin/fix/marrowline-quota-evidence-20260924
2026-10-09T15:26:30.9203623Z  * [new branch]          fix/marrowline-quota-service-custody-20260924 -> origin/fix/marrowline-quota-service-custody-20260924
2026-10-09T15:26:30.9204837Z  * [new branch]          fix/marrowline-quota-state-20260920 -> origin/fix/marrowline-quota-state-20260920
2026-10-09T15:26:30.9205886Z  * [new branch]          fix/marrowline-raw-dual-packet-provider-output-20260918 -> origin/fix/marrowline-raw-dual-packet-provider-output-20260918
2026-10-09T15:26:30.9207100Z  * [new branch]          fix/marrowline-recognizable-vertical-prosody-20260921 -> origin/fix/marrowline-recognizable-vertical-prosody-20260921
2026-10-09T15:26:30.9208292Z  * [new branch]          fix/marrowline-reject-shallow-clone-wallpaper-20260920 -> origin/fix/marrowline-reject-shallow-clone-wallpaper-20260920
2026-10-09T15:26:30.9209502Z  * [new branch]          fix/marrowline-remove-interactive-output-clamp-20260922 -> origin/fix/marrowline-remove-interactive-output-clamp-20260922
2026-10-09T15:26:30.9210656Z  * [new branch]          fix/marrowline-reply-attachment-action-20260928 -> origin/fix/marrowline-reply-attachment-action-20260928
2026-10-09T15:26:30.9211759Z  * [new branch]          fix/marrowline-reply-chrome-retry-preload-20260926 -> origin/fix/marrowline-reply-chrome-retry-preload-20260926
2026-10-09T15:26:30.9212884Z  * [new branch]          fix/marrowline-reply-drawer-receipt-route-20260926 -> origin/fix/marrowline-reply-drawer-receipt-route-20260926
2026-10-09T15:26:30.9214013Z  * [new branch]          fix/marrowline-restore-confirmed-overprint-20260922 -> origin/fix/marrowline-restore-confirmed-overprint-20260922
2026-10-09T15:26:30.9215375Z  * [new branch]          fix/marrowline-restore-vertical-first-native-voice-20260920 -> origin/fix/marrowline-restore-vertical-first-native-voice-20260920
2026-10-09T15:26:30.9216645Z  * [new branch]          fix/marrowline-retry-attachments-thread-search-20261005 -> origin/fix/marrowline-retry-attachments-thread-search-20261005
2026-10-09T15:26:30.9217794Z  * [new branch]          fix/marrowline-revert-range-regression-20260925 -> origin/fix/marrowline-revert-range-regression-20260925
2026-10-09T15:26:30.9219024Z  * [new branch]          fix/marrowline-route-quota-budget-canary-20260920 -> origin/fix/marrowline-route-quota-budget-canary-20260920
2026-10-09T15:26:30.9220090Z  * [new branch]          fix/marrowline-same-episode-witness-20260924 -> origin/fix/marrowline-same-episode-witness-20260924
2026-10-09T15:26:30.9221205Z  * [new branch]          fix/marrowline-scream-sing-native-orthography-20260920 -> origin/fix/marrowline-scream-sing-native-orthography-20260920
2026-10-09T15:26:30.9222501Z  * [new branch]          fix/marrowline-semantic-zalgo-dynamic-range-arrow-aqua-20260921 -> origin/fix/marrowline-semantic-zalgo-dynamic-range-arrow-aqua-20260921
2026-10-09T15:26:30.9223782Z  * [new branch]          fix/marrowline-severe-morphology-repair-gate-20260920 -> origin/fix/marrowline-severe-morphology-repair-gate-20260920
2026-10-09T15:26:30.9225061Z  * [new branch]          fix/marrowline-severe-partial-failover-20260926 -> origin/fix/marrowline-severe-partial-failover-20260926
2026-10-09T15:26:30.9226154Z  * [new branch]          fix/marrowline-single-trail-observation-20260921 -> origin/fix/marrowline-single-trail-observation-20260921
2026-10-09T15:26:30.9227149Z  * [new branch]          fix/marrowline-soft-cooldown-frontier -> origin/fix/marrowline-soft-cooldown-frontier
2026-10-09T15:26:30.9228158Z  * [new branch]          fix/marrowline-spend-cap-receipt-toolbar-20260926 -> origin/fix/marrowline-spend-cap-receipt-toolbar-20260926
2026-10-09T15:26:30.9229331Z  * [new branch]          fix/marrowline-stacked-screamsing-loom-deadline-20260922 -> origin/fix/marrowline-stacked-screamsing-loom-deadline-20260922
2026-10-09T15:26:30.9230485Z  * [new branch]          fix/marrowline-streamed-adult-timeouts-20260919 -> origin/fix/marrowline-streamed-adult-timeouts-20260919
2026-10-09T15:26:30.9231682Z  * [new branch]          fix/marrowline-structural-repair-retry-20260918 -> origin/fix/marrowline-structural-repair-retry-20260918
2026-10-09T15:26:30.9232826Z  * [new branch]          fix/marrowline-structural-retry-observability-20260918 -> origin/fix/marrowline-structural-retry-observability-20260918
2026-10-09T15:26:30.9234120Z  * [new branch]          fix/marrowline-terminal-voice-completion-120-overprint-20260922 -> origin/fix/marrowline-terminal-voice-completion-120-overprint-20260922
2026-10-09T15:26:30.9235649Z  * [new branch]          fix/marrowline-thread-lifecycle-branching-20260928 -> origin/fix/marrowline-thread-lifecycle-branching-20260928
2026-10-09T15:26:30.9236788Z  * [new branch]          fix/marrowline-topic-derived-thread-titles-20260927 -> origin/fix/marrowline-topic-derived-thread-titles-20260927
2026-10-09T15:26:30.9237889Z  * [new branch]          fix/marrowline-two-attachment-controls-20260928 -> origin/fix/marrowline-two-attachment-controls-20260928
2026-10-09T15:26:30.9238948Z  * [new branch]          fix/marrowline-vertical-first-prosody-20260921 -> origin/fix/marrowline-vertical-first-prosody-20260921
2026-10-09T15:26:30.9239922Z  * [new branch]          fix/marrowline-vertical-lead-20260925 -> origin/fix/marrowline-vertical-lead-20260925
2026-10-09T15:26:30.9240957Z  * [new branch]          fix/marrowline-vertical-pulse-arrow-graphite-20260921 -> origin/fix/marrowline-vertical-pulse-arrow-graphite-20260921
2026-10-09T15:26:30.9242064Z  * [new branch]          fix/marrowline-vertical-zalgo-drama-20260920 -> origin/fix/marrowline-vertical-zalgo-drama-20260920
2026-10-09T15:26:30.9243061Z  * [new branch]          fix/marrowline-visible-turn-budget-20260920 -> origin/fix/marrowline-visible-turn-budget-20260920
2026-10-09T15:26:30.9244044Z  * [new branch]          fix/marrowline-voice-order-schema-20260918 -> origin/fix/marrowline-voice-order-schema-20260918
2026-10-09T15:26:30.9245310Z  * [new branch]          fix/marrowline-welcome-arrow-centering-20260920 -> origin/fix/marrowline-welcome-arrow-centering-20260920
2026-10-09T15:26:30.9246406Z  * [new branch]          fix/marrowline-witness-contract-locator-20260921 -> origin/fix/marrowline-witness-contract-locator-20260921
2026-10-09T15:26:30.9247577Z  * [new branch]          fix/marrowline-zalgo-goldilocks-20260920 -> origin/fix/marrowline-zalgo-goldilocks-20260920
2026-10-09T15:26:30.9248619Z  * [new branch]          fix/marrowline-zalgo-goldilocks-rebased-20260920 -> origin/fix/marrowline-zalgo-goldilocks-rebased-20260920
2026-10-09T15:26:30.9249645Z  * [new branch]          fix/marrowline-zalgo-planar-bars-20260920 -> origin/fix/marrowline-zalgo-planar-bars-20260920
2026-10-09T15:26:30.9250667Z  * [new branch]          fix/marrowline-zalgo-presence-telemetry-20260920 -> origin/fix/marrowline-zalgo-presence-telemetry-20260920
2026-10-09T15:26:30.9251739Z  * [new branch]          fix/marrowline-zalgo-quality-telemetry-20260920 -> origin/fix/marrowline-zalgo-quality-telemetry-20260920
2026-10-09T15:26:30.9252667Z  * [new branch]          fix/marrowline-zalgo-underflow -> origin/fix/marrowline-zalgo-underflow
2026-10-09T15:26:30.9253520Z  * [new branch]          fix/marrowline-zalgo-variation-20260923 -> origin/fix/marrowline-zalgo-variation-20260923
2026-10-09T15:26:30.9254688Z  * [new branch]          fix/marrowline-zalgo-vertical-architecture-20260920 -> origin/fix/marrowline-zalgo-vertical-architecture-20260920
2026-10-09T15:26:30.9255803Z  * [new branch]          fix/marrowline-zalgo-visual-story-field-20260920 -> origin/fix/marrowline-zalgo-visual-story-field-20260920
2026-10-09T15:26:30.9256838Z  * [new branch]          fix/portable-loom-assay-activation-20261009 -> origin/fix/portable-loom-assay-activation-20261009
2026-10-09T15:26:30.9257759Z  * [new branch]          fix/practice-production-assay-seal -> origin/fix/practice-production-assay-seal
2026-10-09T15:26:30.9258768Z  * [new branch]          fix/practice-production-demo-clear-observer-20260818 -> origin/fix/practice-production-demo-clear-observer-20260818
2026-10-09T15:26:30.9260000Z  * [new branch]          fix/practice-production-protected-refusal-v1 -> origin/fix/practice-production-protected-refusal-v1
2026-10-09T15:26:30.9261024Z  * [new branch]          fix/practice-production-readiness-provenance -> origin/fix/practice-production-readiness-provenance
2026-10-09T15:26:30.9262036Z  * [new branch]          fix/practice-production-release-provenance -> origin/fix/practice-production-release-provenance
2026-10-09T15:26:30.9263028Z  * [new branch]          fix/practice-production-resilience-order-v2 -> origin/fix/practice-production-resilience-order-v2
2026-10-09T15:26:30.9264059Z  * [new branch]          fix/practice-refusal-cardinality-and-chat-relay -> origin/fix/practice-refusal-cardinality-and-chat-relay
2026-10-09T15:26:30.9265191Z  * [new branch]          fix/practice-refusal-cardinality-final -> origin/fix/practice-refusal-cardinality-final
2026-10-09T15:26:30.9266110Z  * [new branch]          fix/practice-release-existing-test-lane -> origin/fix/practice-release-existing-test-lane
2026-10-09T15:26:30.9267004Z  * [new branch]          fix/practice-release-source-receipt -> origin/fix/practice-release-source-receipt
2026-10-09T15:26:30.9267916Z  * [new branch]          fix/practice-session-bootstrap-barrier-v1 -> origin/fix/practice-session-bootstrap-barrier-v1
2026-10-09T15:26:30.9268897Z  * [new branch]          fix/production-canary-serial-budget-20260916 -> origin/fix/production-canary-serial-budget-20260916
2026-10-09T15:26:30.9269920Z  * [new branch]          fix/reobserve-rate-limit-provider-held-20260920 -> origin/fix/reobserve-rate-limit-provider-held-20260920
2026-10-09T15:26:30.9270899Z  * [new branch]          fix/safe-harbor-bootstrap-cache-pr154 -> origin/fix/safe-harbor-bootstrap-cache-pr154
2026-10-09T15:26:30.9271777Z  * [new branch]          fix/safe-harbor-continue-stack-pr163 -> origin/fix/safe-harbor-continue-stack-pr163
2026-10-09T15:26:30.9272646Z  * [new branch]          fix/safe-harbor-header-actions-pr159 -> origin/fix/safe-harbor-header-actions-pr159
2026-10-09T15:26:30.9273505Z  * [new branch]          fix/safe-harbor-header-actions-pr161 -> origin/fix/safe-harbor-header-actions-pr161
2026-10-09T15:26:30.9274818Z  * [new branch]          fix/safe-harbor-header-actions-real-labels -> origin/fix/safe-harbor-header-actions-real-labels
2026-10-09T15:26:30.9275872Z  * [new branch]          fix/safe-harbor-header-cluster-continue-split -> origin/fix/safe-harbor-header-cluster-continue-split
2026-10-09T15:26:30.9276836Z  * [new branch]          fix/safe-harbor-ingress-membrane-pr162 -> origin/fix/safe-harbor-ingress-membrane-pr162
2026-10-09T15:26:30.9277721Z  * [new branch]          fix/safe-harbor-mobile-button-scale -> origin/fix/safe-harbor-mobile-button-scale
2026-10-09T15:26:30.9278618Z  * [new branch]          fix/safe-harbor-mobile-field-scale-nozoom -> origin/fix/safe-harbor-mobile-field-scale-nozoom
2026-10-09T15:26:30.9279517Z  * [new branch]          fix/safe-harbor-mobile-focus-stable -> origin/fix/safe-harbor-mobile-focus-stable
2026-10-09T15:26:30.9280387Z  * [new branch]          fix/safe-harbor-mobile-order-nav-pr99 -> origin/fix/safe-harbor-mobile-order-nav-pr99
2026-10-09T15:26:30.9281317Z  * [new branch]          fix/safe-harbor-mobile-status-rail-cluster -> origin/fix/safe-harbor-mobile-status-rail-cluster
2026-10-09T15:26:30.9282243Z  * [new branch]          fix/safe-harbor-mobile-textarea-scale -> origin/fix/safe-harbor-mobile-textarea-scale
2026-10-09T15:26:30.9283191Z  * [new branch]          fix/safe-harbor-post-ingress-masthead-pr100 -> origin/fix/safe-harbor-post-ingress-masthead-pr100
2026-10-09T15:26:30.9284130Z  * [new branch]          fix/safe-harbor-preserve-ingress-pr101 -> origin/fix/safe-harbor-preserve-ingress-pr101
2026-10-09T15:26:30.9285289Z  * [new branch]          fix/safe-harbor-session-persistence -> origin/fix/safe-harbor-session-persistence
2026-10-09T15:26:30.9286186Z  * [new branch]          fix/safe-harbor-shi-footer-history-pr102 -> origin/fix/safe-harbor-shi-footer-history-pr102
2026-10-09T15:26:30.9287280Z  * [new branch]          fix/safe-harbor-underlayer-masthead-pr101 -> origin/fix/safe-harbor-underlayer-masthead-pr101
2026-10-09T15:26:30.9288156Z  * [new branch]          fix/safe-harbor-vault-flow-pr164 -> origin/fix/safe-harbor-vault-flow-pr164
2026-10-09T15:26:30.9289026Z  * [new branch]          fix/site-epoch-ash-compat-probe-20260927 -> origin/fix/site-epoch-ash-compat-probe-20260927
2026-10-09T15:26:30.9290022Z  * [new branch]          fix/site-epoch-ash-legacy-presentation-20260927 -> origin/fix/site-epoch-ash-legacy-presentation-20260927
2026-10-09T15:26:30.9291157Z  * [new branch]          fix/site-epoch-ash-legacy-presentation-witness-20260927 -> origin/fix/site-epoch-ash-legacy-presentation-witness-20260927
2026-10-09T15:26:30.9292259Z  * [new branch]          fix/site-epoch-ash-storage-witness-20260927 -> origin/fix/site-epoch-ash-storage-witness-20260927
2026-10-09T15:26:30.9293284Z  * [new branch]          fix/site-epoch-ash-witness-local-marker-20260927 -> origin/fix/site-epoch-ash-witness-local-marker-20260927
2026-10-09T15:26:30.9294425Z  * [new branch]          fix/sitewide-epoch-flight-rest-20260927 -> origin/fix/sitewide-epoch-flight-rest-20260927
2026-10-09T15:26:30.9295222Z  * [new branch]          fix/speech-act-custody  -> origin/fix/speech-act-custody
2026-10-09T15:26:30.9296002Z  * [new branch]          fix/vercel-fallback-ack-barrier-20260918 -> origin/fix/vercel-fallback-ack-barrier-20260918
2026-10-09T15:26:30.9297008Z  * [new branch]          fix/vercel-git-fallback-adoption-ack-20260918 -> origin/fix/vercel-git-fallback-adoption-ack-20260918
2026-10-09T15:26:30.9298007Z  * [new branch]          fix/vercel-git-settlement-giving-exactness -> origin/fix/vercel-git-settlement-giving-exactness
2026-10-09T15:26:30.9298893Z  * [new branch]          fix/vercel-operator-release-gate -> origin/fix/vercel-operator-release-gate
2026-10-09T15:26:30.9299784Z  * [new branch]          fix/vercel-receipt-acquire-before-stability -> origin/fix/vercel-receipt-acquire-before-stability
2026-10-09T15:26:30.9300722Z  * [new branch]          fix/vercel-receipt-settlement-barrier -> origin/fix/vercel-receipt-settlement-barrier
2026-10-09T15:26:30.9301858Z  * [new branch]          fix/vercel-release-dromological-preflight-20260919 -> origin/fix/vercel-release-dromological-preflight-20260919
2026-10-09T15:26:30.9303078Z  * [new branch]          fix/vercel-reobserve-provider-liveness-nonblocking-20260921 -> origin/fix/vercel-reobserve-provider-liveness-nonblocking-20260921
2026-10-09T15:26:30.9304298Z  * [new branch]          fix/vercel-settlement-transient-retry -> origin/fix/vercel-settlement-transient-retry
2026-10-09T15:26:30.9305305Z  * [new branch]          fix/vercel-single-commit-admission-stable-witness -> origin/fix/vercel-single-commit-admission-stable-witness
2026-10-09T15:26:30.9306323Z  * [new branch]          fix/wendbine-gate-serialization-20260922 -> origin/fix/wendbine-gate-serialization-20260922
2026-10-09T15:26:30.9307296Z  * [new branch]          fix/wendbine-operator-runner-context-20260922 -> origin/fix/wendbine-operator-runner-context-20260922
2026-10-09T15:26:30.9308396Z  * [new branch]          fix/wendbine-paul-human-anchor-nomenclature-20260915 -> origin/fix/wendbine-paul-human-anchor-nomenclature-20260915
2026-10-09T15:26:30.9309486Z  * [new branch]          fix/wendbine-untracked-path-membrane-20260923 -> origin/fix/wendbine-untracked-path-membrane-20260923
2026-10-09T15:26:30.9310448Z  * [new branch]          flight-desktop-clipboard-integrator -> origin/flight-desktop-clipboard-integrator
2026-10-09T15:26:30.9311403Z  * [new branch]          flight-desktop-clipboard-integrator-cleanup -> origin/flight-desktop-clipboard-integrator-cleanup
2026-10-09T15:26:30.9312438Z  * [new branch]          flight-desktop-clipboard-integrator-smoke-fix -> origin/flight-desktop-clipboard-integrator-smoke-fix
2026-10-09T15:26:30.9313454Z  * [new branch]          flight-desktop-clipboard-linebreak-phrase -> origin/flight-desktop-clipboard-linebreak-phrase
2026-10-09T15:26:30.9314802Z  * [new branch]          flight-hush-custom-reference-20260520 -> origin/flight-hush-custom-reference-20260520
2026-10-09T15:26:30.9315598Z  * [new branch]          flight-pr71-mobile-fix  -> origin/flight-pr71-mobile-fix
2026-10-09T15:26:30.9316260Z  * [new branch]          flight-pr73-mobile-finale -> origin/flight-pr73-mobile-finale
2026-10-09T15:26:30.9316902Z  * [new branch]          gateway-hush-door       -> origin/gateway-hush-door
2026-10-09T15:26:30.9317514Z  * [new branch]          gemini-quality-routing  -> origin/gemini-quality-routing
2026-10-09T15:26:30.9318285Z  * [new branch]          giving/12-step-pedagogue-bundle-20260818 -> origin/giving/12-step-pedagogue-bundle-20260818
2026-10-09T15:26:30.9319258Z  * [new branch]          giving/mobile-custody-fec-miniupdate-20260818 -> origin/giving/mobile-custody-fec-miniupdate-20260818
2026-10-09T15:26:30.9320229Z  * [new branch]          giving/mobile-geometry-hotfix-20260819 -> origin/giving/mobile-geometry-hotfix-20260819
2026-10-09T15:26:30.9321223Z  * [new branch]          giving/mobile-retrieval-committee-repair-20260818 -> origin/giving/mobile-retrieval-committee-repair-20260818
2026-10-09T15:26:30.9322255Z  * [new branch]          governance/openai-delegation-gate-20260822 -> origin/governance/openai-delegation-gate-20260822
2026-10-09T15:26:30.9323245Z  * [new branch]          handoff/a15-r0-western-horizon-post-735-20260824 -> origin/handoff/a15-r0-western-horizon-post-735-20260824
2026-10-09T15:26:30.9324495Z  * [new branch]          handoff/gemini-quality-pilot-coastline-20260911 -> origin/handoff/gemini-quality-pilot-coastline-20260911
2026-10-09T15:26:30.9325634Z  * [new branch]          handoff/goose-house-portable-aia-operational-20260909 -> origin/handoff/goose-house-portable-aia-operational-20260909
2026-10-09T15:26:30.9326750Z  * [new branch]          handoff/gpt6-astra-loom-operator-audit-20260908 -> origin/handoff/gpt6-astra-loom-operator-audit-20260908
2026-10-09T15:26:30.9327729Z  * [new branch]          handoff/hush-quota-scope-repair-20260920 -> origin/handoff/hush-quota-scope-repair-20260920
2026-10-09T15:26:30.9328702Z  * [new branch]          handoff/khonapolit-method-in-fiction-20260922 -> origin/handoff/khonapolit-method-in-fiction-20260922
2026-10-09T15:26:30.9329872Z  * [new branch]          handoff/loom-1093-governance-completion-20260909 -> origin/handoff/loom-1093-governance-completion-20260909
2026-10-09T15:26:30.9330953Z  * [new branch]          handoff/marrowline-expressive-regression-20260923 -> origin/handoff/marrowline-expressive-regression-20260923
2026-10-09T15:26:30.9331952Z  * [new branch]          handoff/pro31-four-return-audit-20260924 -> origin/handoff/pro31-four-return-audit-20260924
2026-10-09T15:26:30.9332936Z  * [new branch]          handoff/sequence-5.5-antigravity-egress-20261006 -> origin/handoff/sequence-5.5-antigravity-egress-20261006
2026-10-09T15:26:30.9333960Z  * [new branch]          handoff/western-horizon-future-amari-20260827 -> origin/handoff/western-horizon-future-amari-20260827
2026-10-09T15:26:30.9335265Z  * [new branch]          handoff/western-horizon-future-amari-atlas-schubert-20260901 -> origin/handoff/western-horizon-future-amari-atlas-schubert-20260901
2026-10-09T15:26:30.9336464Z  * [new branch]          handoff/western-horizon-future-amari-v0-2-20260827 -> origin/handoff/western-horizon-future-amari-v0-2-20260827
2026-10-09T15:26:30.9337538Z  * [new branch]          handoff/western-horizon-future-amari-v0-3-20260828 -> origin/handoff/western-horizon-future-amari-v0-3-20260828
2026-10-09T15:26:30.9338497Z  * [new branch]          hotfix/ash-live-ingress-demos-cache -> origin/hotfix/ash-live-ingress-demos-cache
2026-10-09T15:26:30.9339372Z  * [new branch]          hotfix/giving-exact-state-municipal-v2 -> origin/hotfix/giving-exact-state-municipal-v2
2026-10-09T15:26:30.9340246Z  * [new branch]          hotfix/giving-fec-boundary-page-v4 -> origin/hotfix/giving-fec-boundary-page-v4
2026-10-09T15:26:30.9341150Z  * [new branch]          hotfix/giving-fec-first-boundary-504-retry -> origin/hotfix/giving-fec-first-boundary-504-retry
2026-10-09T15:26:30.9342253Z  * [new branch]          hotfix/giving-fec-resilient-pagination-v2 -> origin/hotfix/giving-fec-resilient-pagination-v2
2026-10-09T15:26:30.9343162Z  * [new branch]          hotfix/giving-source-request-budget -> origin/hotfix/giving-source-request-budget
2026-10-09T15:26:30.9343992Z  * [new branch]          hotfix/giving-title-fec-runtime-v1 -> origin/hotfix/giving-title-fec-runtime-v1
2026-10-09T15:26:30.9345011Z  * [new branch]          hotfix/giving-voterfocus-easyvote-v3 -> origin/hotfix/giving-voterfocus-easyvote-v3
2026-10-09T15:26:30.9345771Z  * [new branch]          hush-app-flight-20260519 -> origin/hush-app-flight-20260519
2026-10-09T15:26:30.9346437Z  * [new branch]          hush-backend-prompt-detox -> origin/hush-backend-prompt-detox
2026-10-09T15:26:30.9347164Z  * [new branch]          hush-contract-log-pair-hotfix -> origin/hush-contract-log-pair-hotfix
2026-10-09T15:26:30.9347876Z  * [new branch]          hush-contract-log-pair-v1 -> origin/hush-contract-log-pair-v1
2026-10-09T15:26:30.9348609Z  * [new branch]          hush-current-surface-coherence -> origin/hush-current-surface-coherence
2026-10-09T15:26:30.9349415Z  * [new branch]          hush-customizer-packet-hash-guard -> origin/hush-customizer-packet-hash-guard
2026-10-09T15:26:30.9350169Z  * [new branch]          hush-customizer-packet-v1 -> origin/hush-customizer-packet-v1
2026-10-09T15:26:30.9350915Z  * [new branch]          hush-customizer-packet-v1-spine -> origin/hush-customizer-packet-v1-spine
2026-10-09T15:26:30.9351813Z  * [new branch]          hush-customizer-topology-packet-hash-guard -> origin/hush-customizer-topology-packet-hash-guard
2026-10-09T15:26:30.9352627Z  * [new branch]          hush-detox-seam-patch   -> origin/hush-detox-seam-patch
2026-10-09T15:26:30.9353258Z  * [new branch]          hush-drawer-dom-safety  -> origin/hush-drawer-dom-safety
2026-10-09T15:26:30.9353990Z  * [new branch]          hush-dromological-paul-deploy-fix -> origin/hush-dromological-paul-deploy-fix
2026-10-09T15:26:30.9354982Z  * [new branch]          hush-layout-cadence     -> origin/hush-layout-cadence
2026-10-09T15:26:30.9355899Z  * [new branch]          hush-mask-diversity-and-packet-fab -> origin/hush-mask-diversity-and-packet-fab
2026-10-09T15:26:30.9356702Z  * [new branch]          hush-mask-voice-repair-spec -> origin/hush-mask-voice-repair-spec
2026-10-09T15:26:30.9357473Z  * [new branch]          hush-outgoing-contract-packet-v1 -> origin/hush-outgoing-contract-packet-v1
2026-10-09T15:26:30.9358352Z  * [new branch]          hush-outgoing-contract-validator-hotfix -> origin/hush-outgoing-contract-validator-hotfix
2026-10-09T15:26:30.9359177Z  * [new branch]          hush-packet-cockpit-polish -> origin/hush-packet-cockpit-polish
2026-10-09T15:26:30.9359878Z  * [new branch]          hush-packet-dock-placement -> origin/hush-packet-dock-placement
2026-10-09T15:26:30.9360566Z  * [new branch]          hush-packet-ui-entrypoint -> origin/hush-packet-ui-entrypoint
2026-10-09T15:26:30.9361281Z  * [new branch]          hush-packet-ui-entrypoint-v2 -> origin/hush-packet-ui-entrypoint-v2
2026-10-09T15:26:30.9362109Z  * [new branch]          hush-phase0-packet-surface-inventory -> origin/hush-phase0-packet-surface-inventory
2026-10-09T15:26:30.9362871Z  * [new branch]          hush-phase11-dashboard  -> origin/hush-phase11-dashboard
2026-10-09T15:26:30.9363510Z  * [new branch]          hush-phase11-seam-patch -> origin/hush-phase11-seam-patch
2026-10-09T15:26:30.9364455Z  * [new branch]          hush-phase12-integration-gate -> origin/hush-phase12-integration-gate
2026-10-09T15:26:30.9365207Z  * [new branch]          hush-phase12-spine-check -> origin/hush-phase12-spine-check
2026-10-09T15:26:30.9365849Z  * [new branch]          hush-phase13-fidelity   -> origin/hush-phase13-fidelity
2026-10-09T15:26:30.9366609Z  * [new branch]          hush-phase14-cognitive-authorship-gate -> origin/hush-phase14-cognitive-authorship-gate
2026-10-09T15:26:30.9367460Z  * [new branch]          hush-phase31-1-customizer-forge -> origin/hush-phase31-1-customizer-forge
2026-10-09T15:26:30.9368480Z  * [new branch]          hush-phase32-1-mobile-polish-diagnostics -> origin/hush-phase32-1-mobile-polish-diagnostics
2026-10-09T15:26:30.9369398Z  * [new branch]          hush-phase32-mask-surface-separation -> origin/hush-phase32-mask-surface-separation
2026-10-09T15:26:30.9370354Z  * [new branch]          hush-phase33-expressive-payload-preservation -> origin/hush-phase33-expressive-payload-preservation
2026-10-09T15:26:30.9371297Z  * [new branch]          hush-phase34-expressive-generation -> origin/hush-phase34-expressive-generation
2026-10-09T15:26:30.9372128Z  * [new branch]          hush-phase5-eorfd-interface-layer -> origin/hush-phase5-eorfd-interface-layer
2026-10-09T15:26:30.9372888Z  * [new branch]          hush-phase6-gremlin-hotfix -> origin/hush-phase6-gremlin-hotfix
2026-10-09T15:26:30.9373640Z  * [new branch]          hush-phase6-unified-audit-packet -> origin/hush-phase6-unified-audit-packet
2026-10-09T15:26:30.9374643Z  * [new branch]          hush-phase7-collision-posture-hotfix -> origin/hush-phase7-collision-posture-hotfix
2026-10-09T15:26:30.9375560Z  * [new branch]          hush-phase7-collision-posture-mainline -> origin/hush-phase7-collision-posture-mainline
2026-10-09T15:26:30.9376452Z  * [new branch]          hush-phase7-mask-gallery-registry -> origin/hush-phase7-mask-gallery-registry
2026-10-09T15:26:30.9377310Z  * [new branch]          hush-phase8-0b-hard-metric-passport -> origin/hush-phase8-0b-hard-metric-passport
2026-10-09T15:26:30.9378045Z  * [new branch]          hush-phase8-0c-gate     -> origin/hush-phase8-0c-gate
2026-10-09T15:26:30.9378852Z  * [new branch]          hush-phase8-derive-source-anchors-hotfix -> origin/hush-phase8-derive-source-anchors-hotfix
2026-10-09T15:26:30.9379845Z  * [new branch]          hush-phase8-explicit-source-obligation-gate -> origin/hush-phase8-explicit-source-obligation-gate
2026-10-09T15:26:30.9380676Z  * [new branch]          hush-phase8-keisha-gate -> origin/hush-phase8-keisha-gate
2026-10-09T15:26:30.9381384Z  * [new branch]          hush-phase8-keisha-gate-hotfix -> origin/hush-phase8-keisha-gate-hotfix
2026-10-09T15:26:30.9382253Z  * [new branch]          hush-phase8-night-shift-gate -> origin/hush-phase8-night-shift-gate
2026-10-09T15:26:30.9383036Z  * [new branch]          hush-phase8-night-shift-gate-v2 -> origin/hush-phase8-night-shift-gate-v2
2026-10-09T15:26:30.9383815Z  * [new branch]          hush-phase8-night-shift-gate-v3 -> origin/hush-phase8-night-shift-gate-v3
2026-10-09T15:26:30.9384825Z  * [new branch]          hush-phase8-step0-human-stylometric-bench -> origin/hush-phase8-step0-human-stylometric-bench
2026-10-09T15:26:30.9385672Z  * [new branch]          hush-provider-log-packet-v1 -> origin/hush-provider-log-packet-v1
2026-10-09T15:26:30.9386593Z  * [new branch]          hush-provider-log-validator-regression-expansion -> origin/hush-provider-log-validator-regression-expansion
2026-10-09T15:26:30.9387566Z  * [new branch]          hush-roadmap-phase4-status-repair -> origin/hush-roadmap-phase4-status-repair
2026-10-09T15:26:30.9388289Z  * [new branch]          hush-runtime-format     -> origin/hush-runtime-format
2026-10-09T15:26:30.9388955Z  * [new branch]          hush-selection-pressure-fix -> origin/hush-selection-pressure-fix
2026-10-09T15:26:30.9389709Z  * [new branch]          hush-strict-held-receipt-popup -> origin/hush-strict-held-receipt-popup
2026-10-09T15:26:30.9390483Z  * [new branch]          hush-strict-held-success-guard -> origin/hush-strict-held-success-guard
2026-10-09T15:26:30.9391227Z  * [new branch]          hush-stylometry-audit-hotfix -> origin/hush-stylometry-audit-hotfix
2026-10-09T15:26:30.9391986Z  * [new branch]          hush-stylometry-audit-packet-v1 -> origin/hush-stylometry-audit-packet-v1
2026-10-09T15:26:30.9392892Z  * [new branch]          hush-stylometry-local-private-action-hotfix -> origin/hush-stylometry-local-private-action-hotfix
2026-10-09T15:26:30.9393943Z  * [new branch]          hush-stylometry-local-private-raw-action-hotfix -> origin/hush-stylometry-local-private-raw-action-hotfix
2026-10-09T15:26:30.9395458Z  * [new branch]          implement-guarded-review-map-13629753744404073567 -> origin/implement-guarded-review-map-13629753744404073567
2026-10-09T15:26:30.9396563Z  * [new branch]          install-aperture-marrowline-egress-reflex-spine -> origin/install-aperture-marrowline-egress-reflex-spine
2026-10-09T15:26:30.9397492Z  * [new branch]          install-marrowline-dome-world -> origin/install-marrowline-dome-world
2026-10-09T15:26:30.9398465Z  * [new branch]          integration/loom-skeptical-portable-assurance-20260914 -> origin/integration/loom-skeptical-portable-assurance-20260914
2026-10-09T15:26:30.9399441Z  * [new branch]          jules-6811436797428945196-6057ca63 -> origin/jules-6811436797428945196-6057ca63
2026-10-09T15:26:30.9400929Z  * [new branch]          jules-fix-font-fallback-17440634643979343459 -> origin/jules-fix-font-fallback-17440634643979343459
2026-10-09T15:26:30.9401887Z  * [new branch]          keisha-phase8-test-calibration-fix -> origin/keisha-phase8-test-calibration-fix
2026-10-09T15:26:30.9402592Z  * [new branch]          last-ignore             -> origin/last-ignore
2026-10-09T15:26:30.9403193Z  * [new branch]          loom-oidc-once-20261001 -> origin/loom-oidc-once-20261001
2026-10-09T15:26:30.9403917Z  * [new branch]          loom-oidc-request-header-20261001 -> origin/loom-oidc-request-header-20261001
2026-10-09T15:26:30.9405021Z  * [new branch]          loom-two-stage-lineage-20260930 -> origin/loom-two-stage-lineage-20260930
2026-10-09T15:26:30.9405832Z  * [new branch]          lower-hush-source-residual-output -> origin/lower-hush-source-residual-output
2026-10-09T15:26:30.9406520Z  * [new branch]          luz-hotfix              -> origin/luz-hotfix
2026-10-09T15:26:30.9407202Z  * [new branch]          macos-desktop-visibility-contract -> origin/macos-desktop-visibility-contract
2026-10-09T15:26:30.9407860Z  * [new branch]          main                    -> origin/main
2026-10-09T15:26:30.9408400Z  * [new branch]          maintenance-162         -> origin/maintenance-162
2026-10-09T15:26:30.9409209Z  * [new branch]          maintenance-ash-user-flight -> origin/maintenance-ash-user-flight
2026-10-09T15:26:30.9410075Z  * [new branch]          maintenance/ash-investigation-arrival-seal -> origin/maintenance/ash-investigation-arrival-seal
2026-10-09T15:26:30.9411026Z  * [new branch]          maintenance/ash-lifecycle-guided-observer -> origin/maintenance/ash-lifecycle-guided-observer
2026-10-09T15:26:30.9411954Z  * [new branch]          maintenance/ash-public-observer-seal -> origin/maintenance/ash-public-observer-seal
2026-10-09T15:26:30.9412909Z  * [new branch]          maintenance/convergence-observer-profile-launch -> origin/maintenance/convergence-observer-profile-launch
2026-10-09T15:26:30.9413853Z  * [new branch]          maintenance/desktop-ingress-scale -> origin/maintenance/desktop-ingress-scale
2026-10-09T15:26:30.9414846Z  * [new branch]          maintenance/desktop-ingress-scroll -> origin/maintenance/desktop-ingress-scroll
2026-10-09T15:26:30.9415797Z  * [new branch]          maintenance/lifecycle-observer-capsule-return -> origin/maintenance/lifecycle-observer-capsule-return
2026-10-09T15:26:30.9416807Z  * [new branch]          maintenance/lifecycle-observer-capsule-seam -> origin/maintenance/lifecycle-observer-capsule-seam
2026-10-09T15:26:30.9417811Z  * [new branch]          maintenance/lifecycle-observer-capsule-seam-v2 -> origin/maintenance/lifecycle-observer-capsule-seam-v2
2026-10-09T15:26:30.9418829Z  * [new branch]          maintenance/lifecycle-observer-guided-capsule -> origin/maintenance/lifecycle-observer-guided-capsule
2026-10-09T15:26:30.9419796Z  * [new branch]          maintenance/lifecycle-observer-text-seam -> origin/maintenance/lifecycle-observer-text-seam
2026-10-09T15:26:30.9420715Z  * [new branch]          marrowline-generative-continuity-1167 -> origin/marrowline-generative-continuity-1167
2026-10-09T15:26:30.9421715Z  * [new branch]          marrowline-mobile-aperture-relay -> origin/marrowline-mobile-aperture-relay
2026-10-09T15:26:30.9422507Z  * [new branch]          marrowline-mobile-aperture-v3 -> origin/marrowline-mobile-aperture-v3
2026-10-09T15:26:30.9423353Z  * [new branch]          marrowline-mobile-chat-viewport-repair -> origin/marrowline-mobile-chat-viewport-repair
2026-10-09T15:26:30.9424420Z  * [new branch]          marrowline-mobile-scroll-occlusion-repair -> origin/marrowline-mobile-scroll-occlusion-repair
2026-10-09T15:26:30.9425373Z  * [new branch]          marrowline-zalgo-heterogeneity-20260919 -> origin/marrowline-zalgo-heterogeneity-20260919
2026-10-09T15:26:30.9426244Z  * [new branch]          marrowline-zalgo-stencil-20260919 -> origin/marrowline-zalgo-stencil-20260919
2026-10-09T15:26:30.9427076Z  * [new branch]          mission-thesis-custodial-ai-access -> origin/mission-thesis-custodial-ai-access
2026-10-09T15:26:30.9427847Z  * [new branch]          native-hush-corpus-carousel -> origin/native-hush-corpus-carousel
2026-10-09T15:26:30.9428466Z  * [new branch]          noop                    -> origin/noop
2026-10-09T15:26:30.9429022Z  * [new branch]          noop-please-ignore      -> origin/noop-please-ignore
2026-10-09T15:26:30.9429600Z  * [new branch]          noop-temp               -> origin/noop-temp
2026-10-09T15:26:30.9430110Z  * [new branch]          noop2                   -> origin/noop2
2026-10-09T15:26:30.9430947Z  * [new branch]          observe/marrowline-one-turn-boundary-witness-20260924 -> origin/observe/marrowline-one-turn-boundary-witness-20260924
2026-10-09T15:26:30.9431980Z  * [new branch]          ops/apply-ash-aia-projection-repair -> origin/ops/apply-ash-aia-projection-repair
2026-10-09T15:26:30.9432852Z  * [new branch]          ops/trigger-ash-aia-projection-repair -> origin/ops/trigger-ash-aia-projection-repair
2026-10-09T15:26:30.9433573Z  * [new branch]          p8-checks-157           -> origin/p8-checks-157
2026-10-09T15:26:30.9434124Z  * [new branch]          p8-checks-161           -> origin/p8-checks-161
2026-10-09T15:26:30.9434986Z  * [new branch]          p8-luz-hotfix-162       -> origin/p8-luz-hotfix-162
2026-10-09T15:26:30.9435940Z  * [new branch]          patch-36-crashpad-cleanup-14573696036181192939 -> origin/patch-36-crashpad-cleanup-14573696036181192939
2026-10-09T15:26:30.9436850Z  * [new branch]          patch38-hush-hybrid-generator -> origin/patch38-hush-hybrid-generator
2026-10-09T15:26:30.9437796Z  * [new branch]          pedagogue/giving-12-step-transfer-execution-20260818 -> origin/pedagogue/giving-12-step-transfer-execution-20260818
2026-10-09T15:26:30.9438884Z  * [new branch]          pedagogue/giving-interface-audit-stage-20260818 -> origin/pedagogue/giving-interface-audit-stage-20260818
2026-10-09T15:26:30.9439846Z  * [new branch]          phase-0-adversarial-stylometry-bench -> origin/phase-0-adversarial-stylometry-bench
2026-10-09T15:26:30.9440653Z  * [new branch]          phase-1-escape-vector-engine -> origin/phase-1-escape-vector-engine
2026-10-09T15:26:30.9441417Z  * [new branch]          phase-10-hush-release-hardening -> origin/phase-10-hush-release-hardening
2026-10-09T15:26:30.9442151Z  * [new branch]          phase-11-hush-mask-studio -> origin/phase-11-hush-mask-studio
2026-10-09T15:26:30.9442800Z  * [new branch]          phase-12-hush-review    -> origin/phase-12-hush-review
2026-10-09T15:26:30.9443463Z  * [new branch]          phase-13-hush-compact-mobile -> origin/phase-13-hush-compact-mobile
2026-10-09T15:26:30.9444132Z  * [new branch]          phase-14-simple-ui      -> origin/phase-14-simple-ui
2026-10-09T15:26:30.9445052Z  * [new branch]          phase-16-hush-mask-writer -> origin/phase-16-hush-mask-writer
2026-10-09T15:26:30.9445751Z  * [new branch]          phase-17-hush-release-policy -> origin/phase-17-hush-release-policy
2026-10-09T15:26:30.9446500Z  * [new branch]          phase-18-1-hush-copy-hard-block -> origin/phase-18-1-hush-copy-hard-block
2026-10-09T15:26:30.9447246Z  * [new branch]          phase-18-hush-source-residue -> origin/phase-18-hush-source-residue
2026-10-09T15:26:30.9448158Z  * [new branch]          phase-19-hush-syntax-recomposer -> origin/phase-19-hush-syntax-recomposer
2026-10-09T15:26:30.9448983Z  * [new branch]          phase-2-ingestion-friction-sensor -> origin/phase-2-ingestion-friction-sensor
2026-10-09T15:26:30.9449794Z  * [new branch]          phase-20-1-hush-field-instrument -> origin/phase-20-1-hush-field-instrument
2026-10-09T15:26:30.9450607Z  * [new branch]          phase-20-2-hush-mobile-viewport-fix -> origin/phase-20-2-hush-mobile-viewport-fix
2026-10-09T15:26:30.9451380Z  * [new branch]          phase-20-hush-alien-console -> origin/phase-20-hush-alien-console
2026-10-09T15:26:30.9452215Z  * [new branch]          phase-21-hush-claim-payload-preservation -> origin/phase-21-hush-claim-payload-preservation
2026-10-09T15:26:30.9453231Z  * [new branch]          phase-21-hush-claim-payload-preservation-fresh -> origin/phase-21-hush-claim-payload-preservation-fresh
2026-10-09T15:26:30.9454395Z  * [new branch]          phase-22-hush-customizer-literal-safeguard -> origin/phase-22-hush-customizer-literal-safeguard
2026-10-09T15:26:30.9455274Z  * [new branch]          phase-23-hush-coherence-layer -> origin/phase-23-hush-coherence-layer
2026-10-09T15:26:30.9456046Z  * [new branch]          phase-23-postmerge-flight-audit -> origin/phase-23-postmerge-flight-audit
2026-10-09T15:26:30.9456873Z  * [new branch]          phase-24-hush-bidirectional-custody -> origin/phase-24-hush-bidirectional-custody
2026-10-09T15:26:30.9457798Z  * [new branch]          phase-25-hush-hard-authorship-reality-gate -> origin/phase-25-hush-hard-authorship-reality-gate
2026-10-09T15:26:30.9458748Z  * [new branch]          phase-26-1-hush-mask-memory-accept-gate -> origin/phase-26-1-hush-mask-memory-accept-gate
2026-10-09T15:26:30.9459580Z  * [new branch]          phase-27-hush-register-bridge -> origin/phase-27-hush-register-bridge
2026-10-09T15:26:30.9460338Z  * [new branch]          phase-28-target-register-forge -> origin/phase-28-target-register-forge
2026-10-09T15:26:30.9471056Z  * [new branch]          phase-29-1-docs-epistemicide-audit -> origin/phase-29-1-docs-epistemicide-audit
2026-10-09T15:26:30.9472387Z  * [new branch]          phase-29-hush-product-spine -> origin/phase-29-hush-product-spine
2026-10-09T15:26:30.9473116Z  * [new branch]          phase-3-controller      -> origin/phase-3-controller
2026-10-09T15:26:30.9473835Z  * [new branch]          phase-30-1-mask-persona-design -> origin/phase-30-1-mask-persona-design
2026-10-09T15:26:30.9474961Z  * [new branch]          phase-30-hush-evidence-cockpit -> origin/phase-30-hush-evidence-cockpit
2026-10-09T15:26:30.9475732Z  * [new branch]          phase-31-hush-visual-system -> origin/phase-31-hush-visual-system
2026-10-09T15:26:30.9476525Z  * [new branch]          phase-4-1-persona-memory-hardening -> origin/phase-4-1-persona-memory-hardening
2026-10-09T15:26:30.9477269Z  * [new branch]          phase-4-persona-memory  -> origin/phase-4-persona-memory
2026-10-09T15:26:30.9477982Z  * [new branch]          phase-5-adversarial-bench-ui -> origin/phase-5-adversarial-bench-ui
2026-10-09T15:26:30.9478746Z  * [new branch]          phase-5-adversarial-bench-ui-v2 -> origin/phase-5-adversarial-bench-ui-v2
2026-10-09T15:26:30.9479471Z  * [new branch]          phase-6-iteration-ledger -> origin/phase-6-iteration-ledger
2026-10-09T15:26:30.9480218Z  * [new branch]          phase-7-claim-ladder-report-export -> origin/phase-7-claim-ladder-report-export
2026-10-09T15:26:30.9481066Z  * [new branch]          phase-8-fixtures-calibration-tests -> origin/phase-8-fixtures-calibration-tests
2026-10-09T15:26:30.9481918Z  * [new branch]          phase-9-recognition-field-simulator -> origin/phase-9-recognition-field-simulator
2026-10-09T15:26:30.9482749Z  * [new branch]          phase10-release-discipline-seams -> origin/phase10-release-discipline-seams
2026-10-09T15:26:30.9483445Z  * [new branch]          phase13-fidelity        -> origin/phase13-fidelity
2026-10-09T15:26:30.9484090Z  * [new branch]          phase35-ontology-generation -> origin/phase35-ontology-generation
2026-10-09T15:26:30.9485286Z  * [new branch]          phase5-third-object     -> origin/phase5-third-object
2026-10-09T15:26:30.9485915Z  * [new branch]          phase8-b-gate-fix       -> origin/phase8-b-gate-fix
2026-10-09T15:26:30.9486513Z  * [new branch]          phase8-blip-gate        -> origin/phase8-blip-gate
2026-10-09T15:26:30.9487111Z  * [new branch]          phase8-choice-gate      -> origin/phase8-choice-gate
2026-10-09T15:26:30.9487861Z  * [new branch]          phase8-dromological-paul-forum-gate -> origin/phase8-dromological-paul-forum-gate
2026-10-09T15:26:30.9488712Z  * [new branch]          phase8-dromological-paul-hotfix -> origin/phase8-dromological-paul-hotfix
2026-10-09T15:26:30.9489638Z  * [new branch]          phase8-harbor-zora-source-register-opacity -> origin/phase8-harbor-zora-source-register-opacity
2026-10-09T15:26:30.9490441Z  * [new branch]          phase8-index-gate       -> origin/phase8-index-gate
2026-10-09T15:26:30.9491102Z  * [new branch]          phase8-lulu-calibration-fix -> origin/phase8-lulu-calibration-fix
2026-10-09T15:26:30.9491858Z  * [new branch]          phase8-lulu-calibration-hotfix -> origin/phase8-lulu-calibration-hotfix
2026-10-09T15:26:30.9492696Z  * [new branch]          phase8-lulu-quasar-blue-orange-relief -> origin/phase8-lulu-quasar-blue-orange-relief
2026-10-09T15:26:30.9493497Z  * [new branch]          phase8-nolan-low-heat-gate -> origin/phase8-nolan-low-heat-gate
2026-10-09T15:26:30.9494349Z  * [new branch]          phase8-qs-calibration-hotfix -> origin/phase8-qs-calibration-hotfix
2026-10-09T15:26:30.9495171Z  * [new branch]          phase8-receipts-queenie-warm-custody -> origin/phase8-receipts-queenie-warm-custody
2026-10-09T15:26:30.9495935Z  * [new branch]          phase8-register-gate    -> origin/phase8-register-gate
2026-10-09T15:26:30.9496534Z  * [new branch]          phase8-rex-fix          -> origin/phase8-rex-fix
2026-10-09T15:26:30.9497209Z  * [new branch]          phase8-rex-registry-role-clean -> origin/phase8-rex-registry-role-clean
2026-10-09T15:26:30.9498003Z  * [new branch]          phase8-seal-governance-hardening -> origin/phase8-seal-governance-hardening
2026-10-09T15:26:30.9498855Z  * [new branch]          phase8-sheree-gate      -> origin/phase8-sheree-gate
2026-10-09T15:26:30.9499487Z  * [new branch]          phase8-sheree-reg-fix   -> origin/phase8-sheree-reg-fix
2026-10-09T15:26:30.9500301Z  * [new branch]          phase8-sol-stratigraphix-document-distance -> origin/phase8-sol-stratigraphix-document-distance
2026-10-09T15:26:30.9501211Z  * [new branch]          phase8-zora-package-registration -> origin/phase8-zora-package-registration
2026-10-09T15:26:30.9501930Z  * [new branch]          phase8-zora-reconcile   -> origin/phase8-zora-reconcile
2026-10-09T15:26:30.9502606Z  * [new branch]          phase9-1c-handoff-trail-note -> origin/phase9-1c-handoff-trail-note
2026-10-09T15:26:30.9503309Z  * [new branch]          phase9-1c-hash-guard    -> origin/phase9-1c-hash-guard
2026-10-09T15:26:30.9503997Z  * [new branch]          phase9-1c-hash-guard-manual -> origin/phase9-1c-hash-guard-manual
2026-10-09T15:26:30.9504806Z  * [new branch]          phase9-1c-reopen-gate   -> origin/phase9-1c-reopen-gate
2026-10-09T15:26:30.9506004Z  * [new branch]          phase9-local-instrumentation-seal -> origin/phase9-local-instrumentation-seal
2026-10-09T15:26:30.9506841Z  * [new branch]          polish/loom-human-payoff-20260911 -> origin/polish/loom-human-payoff-20260911
2026-10-09T15:26:30.9507828Z  * [new branch]          pr/dollhouse-atlas-fadt-operational-agents-20260909 -> origin/pr/dollhouse-atlas-fadt-operational-agents-20260909
2026-10-09T15:26:30.9508774Z  * [new branch]          pr163-review-map-containment -> origin/pr163-review-map-containment
2026-10-09T15:26:30.9509731Z  * [new branch]          pr2/dollhouse-atlas-fadt-operational-agents-20260909 -> origin/pr2/dollhouse-atlas-fadt-operational-agents-20260909
2026-10-09T15:26:30.9510726Z  * [new branch]          probe/phase4-production-closure -> origin/probe/phase4-production-closure
2026-10-09T15:26:30.9511758Z  * [new branch]          product/holonomy-loom-design-gate-20260903 -> origin/product/holonomy-loom-design-gate-20260903
2026-10-09T15:26:30.9512864Z  * [new branch]          product/holonomy-loom-design-gate-burden-repair-20260903 -> origin/product/holonomy-loom-design-gate-burden-repair-20260903
2026-10-09T15:26:30.9514058Z  * [new branch]          product/holonomy-loom-design-gate-utc-repair-20260903 -> origin/product/holonomy-loom-design-gate-utc-repair-20260903
2026-10-09T15:26:30.9515585Z  * [new branch]          product/holonomy-loom-gemini-minimized-advisory-gate-20260904 -> origin/product/holonomy-loom-gemini-minimized-advisory-gate-20260904
2026-10-09T15:26:30.9516852Z  * [new branch]          product/holonomy-loom-hosted-integration-v0-1-20260907 -> origin/product/holonomy-loom-hosted-integration-v0-1-20260907
2026-10-09T15:26:30.9517961Z  * [new branch]          product/holonomy-loom-local-pocket-v0-2-20260905 -> origin/product/holonomy-loom-local-pocket-v0-2-20260905
2026-10-09T15:26:30.9519160Z  * [new branch]          product/holonomy-loom-release-candidate-review-v0-1-20260907 -> origin/product/holonomy-loom-release-candidate-review-v0-1-20260907
2026-10-09T15:26:30.9520348Z  * [new branch]          product/holonomy-loom-route-compression-20260903 -> origin/product/holonomy-loom-route-compression-20260903
2026-10-09T15:26:30.9521462Z  * [new branch]          product/holonomy-loom-use-mode-boundary-gate-20260904 -> origin/product/holonomy-loom-use-mode-boundary-gate-20260904
2026-10-09T15:26:30.9522689Z  * [new branch]          product/holonomy-loom-use-mode-boundary-gate-repair-20260904 -> origin/product/holonomy-loom-use-mode-boundary-gate-repair-20260904
2026-10-09T15:26:30.9523886Z  * [new branch]          product/local-pocket-v0-2-born-minimized-20260905 -> origin/product/local-pocket-v0-2-born-minimized-20260905
2026-10-09T15:26:30.9525486Z  * [new branch]          product/marrowline-cartesian-finding-decision-separability-v0-1-20260905 -> origin/product/marrowline-cartesian-finding-decision-separability-v0-1-20260905
2026-10-09T15:26:30.9527191Z  * [new branch]          product/marrowline-cross-binding-rejection-nonpoisoning-v0-1-20260905 -> origin/product/marrowline-cross-binding-rejection-nonpoisoning-v0-1-20260905
2026-10-09T15:26:30.9528709Z  * [new branch]          product/marrowline-duplicate-position-permutation-closure-v0-1-20260906 -> origin/product/marrowline-duplicate-position-permutation-closure-v0-1-20260906
2026-10-09T15:26:30.9530221Z  * [new branch]          product/marrowline-duplicate-rule-collision-rejection-v0-1-20260906 -> origin/product/marrowline-duplicate-rule-collision-rejection-v0-1-20260906
2026-10-09T15:26:30.9531680Z  * [new branch]          product/marrowline-finding-order-permutation-stability-v0-1-20260905 -> origin/product/marrowline-finding-order-permutation-stability-v0-1-20260905
2026-10-09T15:26:30.9533076Z  * [new branch]          product/marrowline-interleaved-noninterference-v0-1-20260905 -> origin/product/marrowline-interleaved-noninterference-v0-1-20260905
2026-10-09T15:26:30.9534524Z  * [new branch]          product/marrowline-khonapolit-loom-advisory-chamber-20260904 -> origin/product/marrowline-khonapolit-loom-advisory-chamber-20260904
2026-10-09T15:26:30.9535944Z  * [new branch]          product/marrowline-mixed-packet-collision-all-or-nothing-v0-1-20260906 -> origin/product/marrowline-mixed-packet-collision-all-or-nothing-v0-1-20260906
2026-10-09T15:26:30.9537349Z  * [new branch]          product/marrowline-multiplexed-finding-isolation-v0-1-20260905 -> origin/product/marrowline-multiplexed-finding-isolation-v0-1-20260905
2026-10-09T15:26:30.9538669Z  * [new branch]          product/marrowline-packet-population-stability-v0-1-20260905 -> origin/product/marrowline-packet-population-stability-v0-1-20260905
2026-10-09T15:26:30.9539883Z  * [new branch]          product/marrowline-pocket-hosted-carry-case-20260905 -> origin/product/marrowline-pocket-hosted-carry-case-20260905
2026-10-09T15:26:30.9541349Z  * [new branch]          product/marrowline-post-collision-suffix-noninterference-v0-1-20260906 -> origin/product/marrowline-post-collision-suffix-noninterference-v0-1-20260906
2026-10-09T15:26:30.9542756Z  * [new branch]          product/marrowline-return-permutation-isolation-v0-1-20260905 -> origin/product/marrowline-return-permutation-isolation-v0-1-20260905
2026-10-09T15:26:30.9544038Z  * [new branch]          product/marrowline-round-trip-memorylessness-v0-1-20260905 -> origin/product/marrowline-round-trip-memorylessness-v0-1-20260905
2026-10-09T15:26:30.9545598Z  * [new branch]          product/marrowline-three-packet-permutation-noninterference-v0-1-20260905 -> origin/product/marrowline-three-packet-permutation-noninterference-v0-1-20260905
2026-10-09T15:26:30.9546997Z  * [new branch]          promotion/a15-r0-observability-transport-clean-20260823 -> origin/promotion/a15-r0-observability-transport-clean-20260823
2026-10-09T15:26:30.9548222Z  * [new branch]          promotion/a15-r0-observability-transport-synthesis-20260823 -> origin/promotion/a15-r0-observability-transport-synthesis-20260823
2026-10-09T15:26:30.9549228Z  * [new branch]          provider-held-reobserve-1166 -> origin/provider-held-reobserve-1166
2026-10-09T15:26:30.9550008Z  * [new branch]          quarantine/ash-aia3-rogue-20260720 -> origin/quarantine/ash-aia3-rogue-20260720
2026-10-09T15:26:30.9550663Z  * [new branch]          r2                      -> origin/r2
2026-10-09T15:26:30.9551362Z  * [new branch]          reconcile-pr141-light-receipt-bridge -> origin/reconcile-pr141-light-receipt-bridge
2026-10-09T15:26:30.9552322Z  * [new branch]          reconcile/ash-lifecycle-observer-clean-20260822 -> origin/reconcile/ash-lifecycle-observer-clean-20260822
2026-10-09T15:26:30.9553339Z  * [new branch]          recover/1220-rupture-shuffle-post1228-20260920 -> origin/recover/1220-rupture-shuffle-post1228-20260920
2026-10-09T15:26:30.9554637Z  * [new branch]          redesign/loom-portable-governance-first-20261001 -> origin/redesign/loom-portable-governance-first-20261001
2026-10-09T15:26:30.9555559Z  * [new branch]          reduce-hush-source-residual -> origin/reduce-hush-source-residual
2026-10-09T15:26:30.9556493Z  * [new branch]          release-concurrency-eviction-1168 -> origin/release-concurrency-eviction-1168
2026-10-09T15:26:30.9557425Z  * [new branch]          release-token-validation-fallback-20261001 -> origin/release-token-validation-fallback-20261001
2026-10-09T15:26:30.9558172Z  * [new branch]          repair                  -> origin/repair
2026-10-09T15:26:30.9558942Z  * [new branch]          repair-405-full-loom-frontier-post1230-20260920 -> origin/repair-405-full-loom-frontier-post1230-20260920
2026-10-09T15:26:30.9559912Z  * [new branch]          repair-405-loom-full-frontier-20260920 -> origin/repair-405-loom-full-frontier-20260920
2026-10-09T15:26:30.9560865Z  * [new branch]          repair-405-loom-full-frontier-canary-20260920 -> origin/repair-405-loom-full-frontier-canary-20260920
2026-10-09T15:26:30.9561846Z  * [new branch]          repair-405-loom-transport-retry-20260920 -> origin/repair-405-loom-transport-retry-20260920
2026-10-09T15:26:30.9562938Z  * [new branch]          repair-405-marrowline-model-rate-limit-failover-20260920 -> origin/repair-405-marrowline-model-rate-limit-failover-20260920
2026-10-09T15:26:30.9564093Z  * [new branch]          repair-405-marrowline-structural-repair-20260920 -> origin/repair-405-marrowline-structural-repair-20260920
2026-10-09T15:26:30.9565416Z  * [new branch]          repair-405-release-contract-regex-20260920 -> origin/repair-405-release-contract-regex-20260920
2026-10-09T15:26:30.9566368Z  * [new branch]          repair-405-route-faithful-retry-20260920 -> origin/repair-405-route-faithful-retry-20260920
2026-10-09T15:26:30.9567268Z  * [new branch]          repair-405-shared-loom-budget-20260920 -> origin/repair-405-shared-loom-budget-20260920
2026-10-09T15:26:30.9568137Z  * [new branch]          repair-405-transport-retry-20260920 -> origin/repair-405-transport-retry-20260920
2026-10-09T15:26:30.9569363Z  * [new branch]          repair-a2-a5-webkit-replaceable-route-control-20260905 -> origin/repair-a2-a5-webkit-replaceable-route-control-20260905
2026-10-09T15:26:30.9570429Z  * [new branch]          repair-atlas-schubert-graded-cell-2436 -> origin/repair-atlas-schubert-graded-cell-2436
2026-10-09T15:26:30.9571458Z  * [new branch]          repair-atlas-schubert-graded-cell-2436-from-commit3 -> origin/repair-atlas-schubert-graded-cell-2436-from-commit3
2026-10-09T15:26:30.9572558Z  * [new branch]          repair-atlas-schubert-graded-cell-2436-scratch -> origin/repair-atlas-schubert-graded-cell-2436-scratch
2026-10-09T15:26:30.9573671Z  * [new branch]          repair-webkit-canonical-control-convergence-20260822 -> origin/repair-webkit-canonical-control-convergence-20260822
2026-10-09T15:26:30.9574678Z  * [new branch]          repo-editing            -> origin/repo-editing
2026-10-09T15:26:30.9575594Z  * [new branch]          research/a15-r0-a16-human-operator-launch-readiness-20260903 -> origin/research/a15-r0-a16-human-operator-launch-readiness-20260903
2026-10-09T15:26:30.9576840Z  * [new branch]          research/a15-r0-a16-operator-witness-exteriority-20260902 -> origin/research/a15-r0-a16-operator-witness-exteriority-20260902
2026-10-09T15:26:30.9578000Z  * [new branch]          research/a15-r0-a16-operator-witness-socket-20260902 -> origin/research/a15-r0-a16-operator-witness-socket-20260902
2026-10-09T15:26:30.9579223Z  * [new branch]          research/a15-r0-a16-residual-gate-live-field-diagnostics-20260903 -> origin/research/a15-r0-a16-residual-gate-live-field-diagnostics-20260903
2026-10-09T15:26:30.9580474Z  * [new branch]          research/a15-r0-a16-residual-gate-persistence-20260903 -> origin/research/a15-r0-a16-residual-gate-persistence-20260903
2026-10-09T15:26:30.9581637Z  * [new branch]          research/a15-r0-a16-review-waiver-contradiction-20260902 -> origin/research/a15-r0-a16-review-waiver-contradiction-20260902
2026-10-09T15:26:30.9582803Z  * [new branch]          research/a15-r0-a16-single-splice-sufficiency-20260902 -> origin/research/a15-r0-a16-single-splice-sufficiency-20260902
2026-10-09T15:26:30.9584156Z  * [new branch]          research/a15-r0-a16-waiver-epistemic-route-diagnostics-20260903 -> origin/research/a15-r0-a16-waiver-epistemic-route-diagnostics-20260903
2026-10-09T15:26:30.9585765Z  * [new branch]          research/a15-r0-a16-waiver-epistemic-route-diagnostics-marker-repair-20260903 -> origin/research/a15-r0-a16-waiver-epistemic-route-diagnostics-marker-repair-20260903
2026-10-09T15:26:30.9587162Z  * [new branch]          research/a15-r0-a16-waiver-epistemic-separation-20260902 -> origin/research/a15-r0-a16-waiver-epistemic-separation-20260902
2026-10-09T15:26:30.9588421Z  * [new branch]          research/a15-r0-action-evaluation-fiber-boolean-lattice-20260830 -> origin/research/a15-r0-action-evaluation-fiber-boolean-lattice-20260830
2026-10-09T15:26:30.9589691Z  * [new branch]          research/a15-r0-active-reopening-nonexclusivity-20260902 -> origin/research/a15-r0-active-reopening-nonexclusivity-20260902
2026-10-09T15:26:30.9591173Z  * [new branch]          research/a15-r0-admissibility-horizon-refinement-recompression-rupture-20260828 -> origin/research/a15-r0-admissibility-horizon-refinement-recompression-rupture-20260828
2026-10-09T15:26:30.9592664Z  * [new branch]          research/a15-r0-admissible-bilinear-probe-geometry-20260823 -> origin/research/a15-r0-admissible-bilinear-probe-geometry-20260823
2026-10-09T15:26:30.9593932Z  * [new branch]          research/a15-r0-affine-transport-increment-cocycle-20260824 -> origin/research/a15-r0-affine-transport-increment-cocycle-20260824
2026-10-09T15:26:30.9595509Z  * [new branch]          research/a15-r0-aia-receiver-indexed-distinguishability-20260827 -> origin/research/a15-r0-aia-receiver-indexed-distinguishability-20260827
2026-10-09T15:26:30.9596784Z  * [new branch]          research/a15-r0-all-finite-seam-hyperrectangle-20260824 -> origin/research/a15-r0-all-finite-seam-hyperrectangle-20260824
2026-10-09T15:26:30.9598340Z  * [new branch]          research/a15-r0-anticipatory-custody-envelope-future-robust-sidecar-20260828 -> origin/research/a15-r0-anticipatory-custody-envelope-future-robust-sidecar-20260828
2026-10-09T15:26:30.9599866Z  * [new branch]          research/a15-r0-aperture-pedagogue-endogenous-observation-20260823 -> origin/research/a15-r0-aperture-pedagogue-endogenous-observation-20260823
2026-10-09T15:26:30.9601063Z  * [new branch]          research/a15-r0-aperture-pedagogue-stability -> origin/research/a15-r0-aperture-pedagogue-stability
2026-10-09T15:26:30.9602183Z  * [new branch]          research/a15-r0-atlas-automorphism-lift-exactness-20260831 -> origin/research/a15-r0-atlas-automorphism-lift-exactness-20260831
2026-10-09T15:26:30.9603611Z  * [new branch]          research/a15-r0-atlas-capacity-vector-marked-2section-reconstruction-20260831 -> origin/research/a15-r0-atlas-capacity-vector-marked-2section-reconstruction-20260831
2026-10-09T15:26:30.9605415Z  * [new branch]          research/a15-r0-atlas-central-commutator-depth-collapse-20260830 -> origin/research/a15-r0-atlas-central-commutator-depth-collapse-20260830
2026-10-09T15:26:30.9606006Z  * [new branch]          research/a15-r0-atlas-commutator-pairing-geometry-20260830 -> origin/research/a15-r0-atlas-commutator-pairing-geometry-20260830
2026-10-09T15:26:30.9606480Z  * [new branch]          research/a15-r0-atlas-hnf-orbit-census-20260901 -> origin/research/a15-r0-atlas-hnf-orbit-census-20260901
2026-10-09T15:26:30.9607094Z  * [new branch]          research/a15-r0-atlas-hnf-output-basis-classification-20260901 -> origin/research/a15-r0-atlas-hnf-output-basis-classification-20260901
2026-10-09T15:26:30.9607665Z  * [new branch]          research/a15-r0-atlas-hnf-schubert-digit-bijection-20260901 -> origin/research/a15-r0-atlas-hnf-schubert-digit-bijection-20260901
2026-10-09T15:26:30.9608283Z  * [new branch]          research/a15-r0-atlas-holonomy-history-parity-quotient-20260830 -> origin/research/a15-r0-atlas-holonomy-history-parity-quotient-20260830
2026-10-09T15:26:30.9609123Z  * [new branch]          research/a15-r0-atlas-marginal-relational-incidence-separation-20260831 -> origin/research/a15-r0-atlas-marginal-relational-incidence-separation-20260831
2026-10-09T15:26:30.9609846Z  * [new branch]          research/a15-r0-atlas-marked-2section-reconstruction-exactness-20260831 -> origin/research/a15-r0-atlas-marked-2section-reconstruction-exactness-20260831
2026-10-09T15:26:30.9610524Z  * [new branch]          research/a15-r0-atlas-marked-overlap-concurrency-separation-20260831 -> origin/research/a15-r0-atlas-marked-overlap-concurrency-separation-20260831
2026-10-09T15:26:30.9611232Z  * [new branch]          research/a15-r0-atlas-matroidal-receiver-closure-basis-exchange-20260831 -> origin/research/a15-r0-atlas-matroidal-receiver-closure-basis-exchange-20260831
2026-10-09T15:26:30.9611829Z  * [new branch]          research/a15-r0-atlas-minimal-additive-receiver-rank-20260901 -> origin/research/a15-r0-atlas-minimal-additive-receiver-rank-20260901
2026-10-09T15:26:30.9612469Z  * [new branch]          research/a15-r0-atlas-minimal-faithful-receiver-closure-20260831 -> origin/research/a15-r0-atlas-minimal-faithful-receiver-closure-20260831
2026-10-09T15:26:30.9613154Z  * [new branch]          research/a15-r0-atlas-native-symmetry-receiver-stratification-20260831 -> origin/research/a15-r0-atlas-native-symmetry-receiver-stratification-20260831
2026-10-09T15:26:30.9613797Z  * [new branch]          research/a15-r0-atlas-nonabelian-two-loop-history-descent-20260830 -> origin/research/a15-r0-atlas-nonabelian-two-loop-history-descent-20260830
2026-10-09T15:26:30.9614639Z  * [new branch]          research/a15-r0-atlas-parametric-marked-2section-reconstruction-20260831 -> origin/research/a15-r0-atlas-parametric-marked-2section-reconstruction-20260831
2026-10-09T15:26:30.9615240Z  * [new branch]          research/a15-r0-atlas-prime-power-gaussian-binomial-20260901 -> origin/research/a15-r0-atlas-prime-power-gaussian-binomial-20260901
2026-10-09T15:26:30.9616136Z  * [new branch]          research/a15-r0-atlas-quadratic-refinement-extension-discrimination-20260831 -> origin/research/a15-r0-atlas-quadratic-refinement-extension-discrimination-20260831
2026-10-09T15:26:30.9616780Z  * [new branch]          research/a15-r0-atlas-quadratic-refinement-orbit-geometry-20260831 -> origin/research/a15-r0-atlas-quadratic-refinement-orbit-geometry-20260831
2026-10-09T15:26:30.9617469Z  * [new branch]          research/a15-r0-atlas-receiver-matroid-minors-fault-tolerance-20260831 -> origin/research/a15-r0-atlas-receiver-matroid-minors-fault-tolerance-20260831
2026-10-09T15:26:30.9618105Z  * [new branch]          research/a15-r0-atlas-relation-identity-custody-operator-20260902 -> origin/research/a15-r0-atlas-relation-identity-custody-operator-20260902
2026-10-09T15:26:30.9618707Z  * [new branch]          research/a15-r0-atlas-schubert-c2-palindromic-folding-20260902 -> origin/research/a15-r0-atlas-schubert-c2-palindromic-folding-20260902
2026-10-09T15:26:30.9619316Z  * [new branch]          research/a15-r0-atlas-schubert-closure-poset-startup-20260901 -> origin/research/a15-r0-atlas-schubert-closure-poset-startup-20260901
2026-10-09T15:26:30.9619879Z  * [new branch]          research/a15-r0-atlas-schubert-gaussian-delannoy-20260901 -> origin/research/a15-r0-atlas-schubert-gaussian-delannoy-20260901
2026-10-09T15:26:30.9620551Z  * [new branch]          research/a15-r0-atlas-schubert-gaussian-delannoy-reciprocity-20260902 -> origin/research/a15-r0-atlas-schubert-gaussian-delannoy-reciprocity-20260902
2026-10-09T15:26:30.9621193Z  * [new branch]          research/a15-r0-atlas-schubert-graded-cell-decomposition-20260901 -> origin/research/a15-r0-atlas-schubert-graded-cell-decomposition-20260901
2026-10-09T15:26:30.9621727Z  * [new branch]          research/a15-r0-atlas-schubert-mobius-delannoy-20260901 -> origin/research/a15-r0-atlas-schubert-mobius-delannoy-20260901
2026-10-09T15:26:30.9622277Z  * [new branch]          research/a15-r0-atlas-schubert-mobius-incidence-20260901 -> origin/research/a15-r0-atlas-schubert-mobius-incidence-20260901
2026-10-09T15:26:30.9623041Z  * [new branch]          research/a15-r0-atlas-schubert-palindromic-halfpath-orbit-20260902 -> origin/research/a15-r0-atlas-schubert-palindromic-halfpath-orbit-20260902
2026-10-09T15:26:30.9623689Z  * [new branch]          research/a15-r0-atlas-schubert-reciprocity-cyclic-sieving-20260902 -> origin/research/a15-r0-atlas-schubert-reciprocity-cyclic-sieving-20260902
2026-10-09T15:26:30.9624446Z  * [new branch]          research/a15-r0-atlas-stratified-receiver-irreducibility-20260901 -> origin/research/a15-r0-atlas-stratified-receiver-irreducibility-20260901
2026-10-09T15:26:30.9625144Z  * [new branch]          research/a15-r0-atlas-tutte-collision-incidence-moment-repair-20260831 -> origin/research/a15-r0-atlas-tutte-collision-incidence-moment-repair-20260831
2026-10-09T15:26:30.9625739Z  * [new branch]          research/a15-r0-atlas-tutte-collision-nonisomorphism-20260831 -> origin/research/a15-r0-atlas-tutte-collision-nonisomorphism-20260831
2026-10-09T15:26:30.9626378Z  * [new branch]          research/a15-r0-atlas-tutte-rank-generating-compression-20260831 -> origin/research/a15-r0-atlas-tutte-rank-generating-compression-20260831
2026-10-09T15:26:30.9627008Z  * [new branch]          research/a15-r0-atlas-unimodular-receiver-classification-20260901 -> origin/research/a15-r0-atlas-unimodular-receiver-classification-20260901
2026-10-09T15:26:30.9627692Z  * [new branch]          research/a15-r0-atlas-weighted-2section-mobius-reconstruction-20260901 -> origin/research/a15-r0-atlas-weighted-2section-mobius-reconstruction-20260901
2026-10-09T15:26:30.9628283Z  * [new branch]          research/a15-r0-bar-h2-period-return-representation-20260826 -> origin/research/a15-r0-bar-h2-period-return-representation-20260826
2026-10-09T15:26:30.9628907Z  * [new branch]          research/a15-r0-baseline-replay-rescue-aperture-startup-20260827 -> origin/research/a15-r0-baseline-replay-rescue-aperture-startup-20260827
2026-10-09T15:26:30.9629546Z  * [new branch]          research/a15-r0-bilinear-program-synthesis-20260823 -> origin/research/a15-r0-bilinear-program-synthesis-20260823
2026-10-09T15:26:30.9630355Z  * [new branch]          research/a15-r0-bitemporal-authority-birth-nonretroactive-jurisdiction-20260827 -> origin/research/a15-r0-bitemporal-authority-birth-nonretroactive-jurisdiction-20260827
2026-10-09T15:26:30.9631166Z  * [new branch]          research/a15-r0-bitemporal-prospective-replay-minimal-observation-policy-20260828 -> origin/research/a15-r0-bitemporal-prospective-replay-minimal-observation-policy-20260828
2026-10-09T15:26:30.9631668Z  * [new branch]          research/a15-r0-blinded-adjudication-latch-20260902 -> origin/research/a15-r0-blinded-adjudication-latch-20260902
2026-10-09T15:26:30.9632414Z  * [new branch]          research/a15-r0-blocker-duality-minimal-obstruction-reconstruction-20260830 -> origin/research/a15-r0-blocker-duality-minimal-obstruction-reconstruction-20260830
2026-10-09T15:26:30.9632962Z  * [new branch]          research/a15-r0-bockstein-h3-ext-transgression-20260826 -> origin/research/a15-r0-bockstein-h3-ext-transgression-20260826
2026-10-09T15:26:30.9633587Z  * [new branch]          research/a15-r0-boundary-framed-relative-bar-2-pairing-20260826 -> origin/research/a15-r0-boundary-framed-relative-bar-2-pairing-20260826
2026-10-09T15:26:30.9634439Z  * [new branch]          research/a15-r0-bounded-common-future-join-obstruction-20260824 -> origin/research/a15-r0-bounded-common-future-join-obstruction-20260824
2026-10-09T15:26:30.9634944Z  * [new branch]          research/a15-r0-bounded-future-cone-join-20260824 -> origin/research/a15-r0-bounded-future-cone-join-20260824
2026-10-09T15:26:30.9635553Z  * [new branch]          research/a15-r0-cech-nerve-descent-nonidentifiability-20260827 -> origin/research/a15-r0-cech-nerve-descent-nonidentifiability-20260827
2026-10-09T15:26:30.9636270Z  * [new branch]          research/a15-r0-claim-bundle-minimal-sufficient-custody-frontier-20260828 -> origin/research/a15-r0-claim-bundle-minimal-sufficient-custody-frontier-20260828
2026-10-09T15:26:30.9637043Z  * [new branch]          research/a15-r0-cocycle-extension-splitting-obstruction-20260824 -> origin/research/a15-r0-cocycle-extension-splitting-obstruction-20260824
2026-10-09T15:26:30.9637718Z  * [new branch]          research/a15-r0-commuting-erasure-diamond-gap-decomposition-20260826 -> origin/research/a15-r0-commuting-erasure-diamond-gap-decomposition-20260826
2026-10-09T15:26:30.9638359Z  * [new branch]          research/a15-r0-commuting-transition-route-observability-20260823 -> origin/research/a15-r0-commuting-transition-route-observability-20260823
2026-10-09T15:26:30.9639019Z  * [new branch]          research/a15-r0-composition-boundary-custody-amplification-20260824 -> origin/research/a15-r0-composition-boundary-custody-amplification-20260824
2026-10-09T15:26:30.9639546Z  * [new branch]          research/a15-r0-compositional-replay-closure-20260823 -> origin/research/a15-r0-compositional-replay-closure-20260823
2026-10-09T15:26:30.9640200Z  * [new branch]          research/a15-r0-conditional-exteriority-information-gain-20260902 -> origin/research/a15-r0-conditional-exteriority-information-gain-20260902
2026-10-09T15:26:30.9640723Z  * [new branch]          research/a15-r0-dependent-sum-custody-schema-20260824 -> origin/research/a15-r0-dependent-sum-custody-schema-20260824
2026-10-09T15:26:30.9641288Z  * [new branch]          research/a15-r0-diagnostic-action-monoid-rank-gap-20260830 -> origin/research/a15-r0-diagnostic-action-monoid-rank-gap-20260830
2026-10-09T15:26:30.9641822Z  * [new branch]          research/a15-r0-directed-branching-confluence-20260824 -> origin/research/a15-r0-directed-branching-confluence-20260824
2026-10-09T15:26:30.9642474Z  * [new branch]          research/a15-r0-directed-fiber-transport-quotient-descent-20260824 -> origin/research/a15-r0-directed-fiber-transport-quotient-descent-20260824
2026-10-09T15:26:30.9643062Z  * [new branch]          research/a15-r0-directed-future-cone-stratification-20260824 -> origin/research/a15-r0-directed-future-cone-stratification-20260824
2026-10-09T15:26:30.9643729Z  * [new branch]          research/a15-r0-directed-reachability-geometry-20260824 -> origin/research/a15-r0-directed-reachability-geometry-20260824
2026-10-09T15:26:30.9644740Z  * [new branch]          research/a15-r0-dome-world-constitutional-projection-faithfulness-20260827 -> origin/research/a15-r0-dome-world-constitutional-projection-faithfulness-20260827
2026-10-09T15:26:30.9645602Z  * [new branch]          research/a15-r0-dromological-prospective-replay-minimal-observation-policy-20260827 -> origin/research/a15-r0-dromological-prospective-replay-minimal-observation-policy-20260827
2026-10-09T15:26:30.9646337Z  * [new branch]          research/a15-r0-dromological-s3-schedule-atlas-first-stratum-gate-20260827 -> origin/research/a15-r0-dromological-s3-schedule-atlas-first-stratum-gate-20260827
2026-10-09T15:26:30.9646958Z  * [new branch]          research/a15-r0-entrobench-exogenous-witness-admission-20260902 -> origin/research/a15-r0-entrobench-exogenous-witness-admission-20260902
2026-10-09T15:26:30.9647631Z  * [new branch]          research/a15-r0-exact-bar-h2-torsion-holonomy-faithfulness-20260826 -> origin/research/a15-r0-exact-bar-h2-torsion-holonomy-faithfulness-20260826
2026-10-09T15:26:30.9648260Z  * [new branch]          research/a15-r0-exact-bar-h2-torsion-sensitive-holonomy-20260826 -> origin/research/a15-r0-exact-bar-h2-torsion-sensitive-holonomy-20260826
2026-10-09T15:26:30.9648796Z  * [new branch]          research/a15-r0-exogenous-evolution-congruence-20260823 -> origin/research/a15-r0-exogenous-evolution-congruence-20260823
2026-10-09T15:26:30.9649438Z  * [new branch]          research/a15-r0-factorization-boundary-nonrecoverability-20260824 -> origin/research/a15-r0-factorization-boundary-nonrecoverability-20260824
2026-10-09T15:26:30.9650176Z  * [new branch]          research/a15-r0-fadt-holonomy-loom-constitutional-descent-membrane-20260827 -> origin/research/a15-r0-fadt-holonomy-loom-constitutional-descent-membrane-20260827
2026-10-09T15:26:30.9650965Z  * [new branch]          research/a15-r0-filtered-h2-two-torsion-holonomy-blindness-20260826 -> origin/research/a15-r0-filtered-h2-two-torsion-holonomy-blindness-20260826
2026-10-09T15:26:30.9651579Z  * [new branch]          research/a15-r0-finite-admissibility-descent-theorem-20260824 -> origin/research/a15-r0-finite-admissibility-descent-theorem-20260824
2026-10-09T15:26:30.9652136Z  * [new branch]          research/a15-r0-finite-claim-authority-partition-20260824 -> origin/research/a15-r0-finite-claim-authority-partition-20260824
2026-10-09T15:26:30.9652850Z  * [new branch]          research/a15-r0-finite-custody-behavioral-quotient-task-closure-20260829 -> origin/research/a15-r0-finite-custody-behavioral-quotient-task-closure-20260829
2026-10-09T15:26:30.9653461Z  * [new branch]          research/a15-r0-finite-custody-task-dependency-poset-20260829 -> origin/research/a15-r0-finite-custody-task-dependency-poset-20260829
2026-10-09T15:26:30.9654172Z  * [new branch]          research/a15-r0-finite-distinguishability-trajectory-calculus-20260828 -> origin/research/a15-r0-finite-distinguishability-trajectory-calculus-20260828
2026-10-09T15:26:30.9654833Z  * [new branch]          research/a15-r0-finite-path-category-audition-20260823 -> origin/research/a15-r0-finite-path-category-audition-20260823
2026-10-09T15:26:30.9655512Z  * [new branch]          research/a15-r0-finite-task-homotopy-amnesia-role-tomography-20260829 -> origin/research/a15-r0-finite-task-homotopy-amnesia-role-tomography-20260829
2026-10-09T15:26:30.9656185Z  * [new branch]          research/a15-r0-finite-task-topology-rigidity-birkhoff-dual-20260829 -> origin/research/a15-r0-finite-task-topology-rigidity-birkhoff-dual-20260829
2026-10-09T15:26:30.9656892Z  * [new branch]          research/a15-r0-finite-topological-probe-separation-redundancy-20260829 -> origin/research/a15-r0-finite-topological-probe-separation-redundancy-20260829
2026-10-09T15:26:30.9657520Z  * [new branch]          research/a15-r0-first-bounded-path-grammar-20260823 -> origin/research/a15-r0-first-bounded-path-grammar-20260823
2026-10-09T15:26:30.9658184Z  * [new branch]          research/a15-r0-first-moment-lift-spectrum-irreversibility-20260824 -> origin/research/a15-r0-first-moment-lift-spectrum-irreversibility-20260824
2026-10-09T15:26:30.9658809Z  * [new branch]          research/a15-r0-first-moment-weaker-transport-quotient-20260824 -> origin/research/a15-r0-first-moment-weaker-transport-quotient-20260824
2026-10-09T15:26:30.9659355Z  * [new branch]          research/a15-r0-fixed-c1-joint-route-seam-fiber-20260824 -> origin/research/a15-r0-fixed-c1-joint-route-seam-fiber-20260824
2026-10-09T15:26:30.9659892Z  * [new branch]          research/a15-r0-fixed-c1-route-fiber-qbinomial-20260824 -> origin/research/a15-r0-fixed-c1-route-fiber-qbinomial-20260824
2026-10-09T15:26:30.9660545Z  * [new branch]          research/a15-r0-fixed-width-custody-admissibility-frontier-20260824 -> origin/research/a15-r0-fixed-width-custody-admissibility-frontier-20260824
2026-10-09T15:26:30.9661152Z  * [new branch]          research/a15-r0-formal-bar-chain-2-groupoid-holonomy-20260826 -> origin/research/a15-r0-formal-bar-chain-2-groupoid-holonomy-20260826
2026-10-09T15:26:30.9661773Z  * [new branch]          research/a15-r0-golden-egg-coobservation-admissibility-20260902 -> origin/research/a15-r0-golden-egg-coobservation-admissibility-20260902
2026-10-09T15:26:30.9662324Z  * [new branch]          research/a15-r0-golden-egg-evidence-closure-nogo-20260902 -> origin/research/a15-r0-golden-egg-evidence-closure-nogo-20260902
2026-10-09T15:26:30.9662942Z  * [new branch]          research/a15-r0-golden-egg-metric-connection-reopening-20260902 -> origin/research/a15-r0-golden-egg-metric-connection-reopening-20260902
2026-10-09T15:26:30.9663618Z  * [new branch]          research/a15-r0-golden-egg-no-window-exteriority-convergence-20260902 -> origin/research/a15-r0-golden-egg-no-window-exteriority-convergence-20260902
2026-10-09T15:26:30.9664596Z  * [new branch]          research/a15-r0-h2-transport-classification-holonomy-completeness-20260826 -> origin/research/a15-r0-h2-transport-classification-holonomy-completeness-20260826
2026-10-09T15:26:30.9665324Z  * [new branch]          research/a15-r0-heterostratigraphic-holonomy-tomography-bridge-20260827 -> origin/research/a15-r0-heterostratigraphic-holonomy-tomography-bridge-20260827
2026-10-09T15:26:30.9666076Z  * [new branch]          research/a15-r0-heterostratigraphic-provenance-carrier-separation-20260902 -> origin/research/a15-r0-heterostratigraphic-provenance-carrier-separation-20260902
2026-10-09T15:26:30.9666793Z  * [new branch]          research/a15-r0-holonomy-coarsened-robust-replay-inverse-design-20260827 -> origin/research/a15-r0-holonomy-coarsened-robust-replay-inverse-design-20260827
2026-10-09T15:26:30.9667403Z  * [new branch]          research/a15-r0-holonomy-corruption-plus-erasure-aia-20260827 -> origin/research/a15-r0-holonomy-corruption-plus-erasure-aia-20260827
2026-10-09T15:26:30.9668062Z  * [new branch]          research/a15-r0-holonomy-double-corruption-correcting-aia-20260827 -> origin/research/a15-r0-holonomy-double-corruption-correcting-aia-20260827
2026-10-09T15:26:30.9668713Z  * [new branch]          research/a15-r0-holonomy-double-corruption-isometry-orbit-20260827 -> origin/research/a15-r0-holonomy-double-corruption-isometry-orbit-20260827
2026-10-09T15:26:30.9669331Z  * [new branch]          research/a15-r0-holonomy-fault-budget-stratigraphy-aia-20260827 -> origin/research/a15-r0-holonomy-fault-budget-stratigraphy-aia-20260827
2026-10-09T15:26:30.9669926Z  * [new branch]          research/a15-r0-holonomy-loom-browser-egress-witness-20260903 -> origin/research/a15-r0-holonomy-loom-browser-egress-witness-20260903
2026-10-09T15:26:30.9670535Z  * [new branch]          research/a15-r0-holonomy-loom-child-legible-preflight-20260903 -> origin/research/a15-r0-holonomy-loom-child-legible-preflight-20260903
2026-10-09T15:26:30.9671423Z  * [new branch]          research/a15-r0-holonomy-loom-heterostratigraphic-apparatus-adapter-20260827 -> origin/research/a15-r0-holonomy-loom-heterostratigraphic-apparatus-adapter-20260827
2026-10-09T15:26:30.9672147Z  * [new branch]          research/a15-r0-holonomy-loom-heterostratigraphic-research-bench-20260827 -> origin/research/a15-r0-holonomy-loom-heterostratigraphic-research-bench-20260827
2026-10-09T15:26:30.9672837Z  * [new branch]          research/a15-r0-holonomy-loom-moss-lantern-discrete-transport-20260830 -> origin/research/a15-r0-holonomy-loom-moss-lantern-discrete-transport-20260830
2026-10-09T15:26:30.9673691Z  * [new branch]          research/a15-r0-holonomy-loom-optional-name-webkit-reviewability-diagnostics-20260904 -> origin/research/a15-r0-holonomy-loom-optional-name-webkit-reviewability-diagnostics-20260904
2026-10-09T15:26:30.9674705Z  * [new branch]          research/a15-r0-holonomy-minimal-coordinate-repair-routing-aperture-20260827 -> origin/research/a15-r0-holonomy-minimal-coordinate-repair-routing-aperture-20260827
2026-10-09T15:26:30.9675438Z  * [new branch]          research/a15-r0-holonomy-orbit-transport-tomographic-conjugacy-20260827 -> origin/research/a15-r0-holonomy-orbit-transport-tomographic-conjugacy-20260827
2026-10-09T15:26:30.9676136Z  * [new branch]          research/a15-r0-holonomy-orbit-transport-witness-fiber-descent-20260827 -> origin/research/a15-r0-holonomy-orbit-transport-witness-fiber-descent-20260827
2026-10-09T15:26:30.9676836Z  * [new branch]          research/a15-r0-holonomy-parity-completion-erasure-robust-aia-20260827 -> origin/research/a15-r0-holonomy-parity-completion-erasure-robust-aia-20260827
2026-10-09T15:26:30.9677560Z  * [new branch]          research/a15-r0-holonomy-raw-aperture-cut-anisotropic-redundancy-20260827 -> origin/research/a15-r0-holonomy-raw-aperture-cut-anisotropic-redundancy-20260827
2026-10-09T15:26:30.9678324Z  * [new branch]          research/a15-r0-holonomy-repair-label-partition-safe-erasure-lattice-20260827 -> origin/research/a15-r0-holonomy-repair-label-partition-safe-erasure-lattice-20260827
2026-10-09T15:26:30.9679165Z  * [new branch]          research/a15-r0-holonomy-safe-authority-closure-correspondence-20260827 -> origin/research/a15-r0-holonomy-safe-authority-closure-correspondence-20260827
2026-10-09T15:26:30.9679826Z  * [new branch]          research/a15-r0-holonomy-single-corruption-correcting-aia-20260827 -> origin/research/a15-r0-holonomy-single-corruption-correcting-aia-20260827
2026-10-09T15:26:30.9680522Z  * [new branch]          research/a15-r0-holonomy-stabilizer-claim-authority-filtration-20260827 -> origin/research/a15-r0-holonomy-stabilizer-claim-authority-filtration-20260827
2026-10-09T15:26:30.9680945Z  * [new branch]          research/a15-r0-identifiability-frontier -> origin/research/a15-r0-identifiability-frontier
2026-10-09T15:26:30.9681571Z  * [new branch]          research/a15-r0-invertibility-admissibility-obstruction-20260823 -> origin/research/a15-r0-invertibility-admissibility-obstruction-20260823
2026-10-09T15:26:30.9682110Z  * [new branch]          research/a15-r0-live-route-burden-wiring-null-20260902 -> origin/research/a15-r0-live-route-burden-wiring-null-20260902
2026-10-09T15:26:30.9682724Z  * [new branch]          research/a15-r0-loom-adaptive-route-holonomy-receipt-20260902 -> origin/research/a15-r0-loom-adaptive-route-holonomy-receipt-20260902
2026-10-09T15:26:30.9683261Z  * [new branch]          research/a15-r0-loom-context-noncredit-adapter-20260902 -> origin/research/a15-r0-loom-context-noncredit-adapter-20260902
2026-10-09T15:26:30.9683845Z  * [new branch]          research/a15-r0-loom-crown-eligibility-concordance-20260902 -> origin/research/a15-r0-loom-crown-eligibility-concordance-20260902
2026-10-09T15:26:30.9684748Z  * [new branch]          research/a15-r0-loom-golden-egg-same-episode-acquisition-20260902 -> origin/research/a15-r0-loom-golden-egg-same-episode-acquisition-20260902
2026-10-09T15:26:30.9685312Z  * [new branch]          research/a15-r0-loom-route-pair-preregistration-20260902 -> origin/research/a15-r0-loom-route-pair-preregistration-20260902
2026-10-09T15:26:30.9685965Z  * [new branch]          research/a15-r0-measurement-custody-ledger-20260902 -> origin/research/a15-r0-measurement-custody-ledger-20260902
2026-10-09T15:26:30.9686841Z  * [new branch]          research/a15-r0-metric-cut-skeleton-topological-orientation-nonidentifiability-20260829 -> origin/research/a15-r0-metric-cut-skeleton-topological-orientation-nonidentifiability-20260829
2026-10-09T15:26:30.9687703Z  * [new branch]          research/a15-r0-minimal-exact-abstention-surface-20260824 -> origin/research/a15-r0-minimal-exact-abstention-surface-20260824
2026-10-09T15:26:30.9688362Z  * [new branch]          research/a15-r0-minimal-route-sensitive-transport-state-20260824 -> origin/research/a15-r0-minimal-route-sensitive-transport-state-20260824
2026-10-09T15:26:30.9689037Z  * [new branch]          research/a15-r0-minimal-target-separating-acquisition-cover-20260902 -> origin/research/a15-r0-minimal-target-separating-acquisition-cover-20260902
2026-10-09T15:26:30.9689640Z  * [new branch]          research/a15-r0-minimum-first-moment-custody-bound-20260824 -> origin/research/a15-r0-minimum-first-moment-custody-bound-20260824
2026-10-09T15:26:30.9690182Z  * [new branch]          research/a15-r0-mod2-ring-essential-degree-two-20260826 -> origin/research/a15-r0-mod2-ring-essential-degree-two-20260826
2026-10-09T15:26:30.9690851Z  * [new branch]          research/a15-r0-moss-lantern-procedural-memory-order-defect-20260830 -> origin/research/a15-r0-moss-lantern-procedural-memory-order-defect-20260830
2026-10-09T15:26:30.9691441Z  * [new branch]          research/a15-r0-mve-x1-present-resource-feasibility-20260902 -> origin/research/a15-r0-mve-x1-present-resource-feasibility-20260902
2026-10-09T15:26:30.9691970Z  * [new branch]          research/a15-r0-mve-x2-independent-tsa-witness-20260902 -> origin/research/a15-r0-mve-x2-independent-tsa-witness-20260902
2026-10-09T15:26:30.9692609Z  * [new branch]          research/a15-r0-nmatk-relation-identity-custody-operator-20260902 -> origin/research/a15-r0-nmatk-relation-identity-custody-operator-20260902
2026-10-09T15:26:30.9693453Z  * [new branch]          research/a15-r0-nonsplit-bieberbach-affine-flat-3-manifold-20260826 -> origin/research/a15-r0-nonsplit-bieberbach-affine-flat-3-manifold-20260826
2026-10-09T15:26:30.9694352Z  * [new branch]          research/a15-r0-one-sided-continuation-two-sided-syntactic-recovery-20260830 -> origin/research/a15-r0-one-sided-continuation-two-sided-syntactic-recovery-20260830
2026-10-09T15:26:30.9695107Z  * [new branch]          research/a15-r0-open-bar-2-cell-gauge-covariance-seam-cancellation-20260826 -> origin/research/a15-r0-open-bar-2-cell-gauge-covariance-seam-cancellation-20260826
2026-10-09T15:26:30.9695671Z  * [new branch]          research/a15-r0-operator-response-reconstruction-20260823 -> origin/research/a15-r0-operator-response-reconstruction-20260823
2026-10-09T15:26:30.9696418Z  * [new branch]          research/a15-r0-orientation-fibre-symmetry-breaking-identifiability-20260829 -> origin/research/a15-r0-orientation-fibre-symmetry-breaking-identifiability-20260829
2026-10-09T15:26:30.9697221Z  * [new branch]          research/a15-r0-orientation-fibre-transport-opacity-erasure-robustness-20260830 -> origin/research/a15-r0-orientation-fibre-transport-opacity-erasure-robustness-20260830
2026-10-09T15:26:30.9697855Z  * [new branch]          research/a15-r0-orientation-local-system-mod2-top-class-20260826 -> origin/research/a15-r0-orientation-local-system-mod2-top-class-20260826
2026-10-09T15:26:30.9698507Z  * [new branch]          research/a15-r0-p-first-side-minor-replay-identifiability-20260827 -> origin/research/a15-r0-p-first-side-minor-replay-identifiability-20260827
2026-10-09T15:26:30.9699012Z  * [new branch]          research/a15-r0-parallel-lift-fiber-return-20260826 -> origin/research/a15-r0-parallel-lift-fiber-return-20260826
2026-10-09T15:26:30.9699550Z  * [new branch]          research/a15-r0-parallel-path-defect-potential-20260826 -> origin/research/a15-r0-parallel-path-defect-potential-20260826
2026-10-09T15:26:30.9700163Z  * [new branch]          research/a15-r0-partial-event-custody-20260823 -> origin/research/a15-r0-partial-event-custody-20260823
2026-10-09T15:26:30.9700731Z  * [new branch]          research/a15-r0-partial-event-custody-projection-20260823 -> origin/research/a15-r0-partial-event-custody-projection-20260823
2026-10-09T15:26:30.9701277Z  * [new branch]          research/a15-r0-pasted-diamond-defect-transport-20260826 -> origin/research/a15-r0-pasted-diamond-defect-transport-20260826
2026-10-09T15:26:30.9701839Z  * [new branch]          research/a15-r0-pd3-dualizing-module-cap-product-20260826 -> origin/research/a15-r0-pd3-dualizing-module-cap-product-20260826
2026-10-09T15:26:30.9702518Z  * [new branch]          research/a15-r0-phasonic-supermoire-dromological-tomography-20260827 -> origin/research/a15-r0-phasonic-supermoire-dromological-tomography-20260827
2026-10-09T15:26:30.9703300Z  * [new branch]          research/a15-r0-post-recompression-bundle-restoration-sidecar-startup-20260828 -> origin/research/a15-r0-post-recompression-bundle-restoration-sidecar-startup-20260828
2026-10-09T15:26:30.9703981Z  * [new branch]          research/a15-r0-preregistered-adaptive-target-repair-policy-20260902 -> origin/research/a15-r0-preregistered-adaptive-target-repair-policy-20260902
2026-10-09T15:26:30.9704662Z  * [new branch]          research/a15-r0-prime-dual-declared-aperture-rest-20260830 -> origin/research/a15-r0-prime-dual-declared-aperture-rest-20260830
2026-10-09T15:26:30.9705284Z  * [new branch]          research/a15-r0-prime-dual-fixed-point-rest-normalizer-20260830 -> origin/research/a15-r0-prime-dual-fixed-point-rest-normalizer-20260830
2026-10-09T15:26:30.9706066Z  * [new branch]          research/a15-r0-quotient-fibre-equivariant-reconstruction-obstruction-20260829 -> origin/research/a15-r0-quotient-fibre-equivariant-reconstruction-obstruction-20260829
2026-10-09T15:26:30.9706707Z  * [new branch]          research/a15-r0-quotient-obstruction-bar-cycle-cohomology-20260824 -> origin/research/a15-r0-quotient-obstruction-bar-cycle-cohomology-20260824
2026-10-09T15:26:30.9707490Z  * [new branch]          research/a15-r0-receiver-indexed-provenance-observability-20260902 -> origin/research/a15-r0-receiver-indexed-provenance-observability-20260902
2026-10-09T15:26:30.9708080Z  * [new branch]          research/a15-r0-receiver-swap-causal-admissibility-20260902 -> origin/research/a15-r0-receiver-swap-causal-admissibility-20260902
2026-10-09T15:26:30.9708792Z  * [new branch]          research/a15-r0-relation-groupoid-exactness-descent-obstruction-20260826 -> origin/research/a15-r0-relation-groupoid-exactness-descent-obstruction-20260826
2026-10-09T15:26:30.9709427Z  * [new branch]          research/a15-r0-replay-repair-quotient-canonical-section-20260827 -> origin/research/a15-r0-replay-repair-quotient-canonical-section-20260827
2026-10-09T15:26:30.9710090Z  * [new branch]          research/a15-r0-replay-rescue-quotient-fiber-classification-20260827 -> origin/research/a15-r0-replay-rescue-quotient-fiber-classification-20260827
2026-10-09T15:26:30.9710724Z  * [new branch]          research/a15-r0-replay-transversality-unimodular-locus-20260827 -> origin/research/a15-r0-replay-transversality-unimodular-locus-20260827
2026-10-09T15:26:30.9711363Z  * [new branch]          research/a15-r0-replay-transversality-unimodular-locus-r1-20260827 -> origin/research/a15-r0-replay-transversality-unimodular-locus-r1-20260827
2026-10-09T15:26:30.9712031Z  * [new branch]          research/a15-r0-restoration-holonomy-path-dependent-custody-20260828 -> origin/research/a15-r0-restoration-holonomy-path-dependent-custody-20260828
2026-10-09T15:26:30.9712665Z  * [new branch]          research/a15-r0-route-conditioned-observation-transcript-20260823 -> origin/research/a15-r0-route-conditioned-observation-transcript-20260823
2026-10-09T15:26:30.9713250Z  * [new branch]          research/a15-r0-route-conditioned-seam-schema-slack-20260824 -> origin/research/a15-r0-route-conditioned-seam-schema-slack-20260824
2026-10-09T15:26:30.9713957Z  * [new branch]          research/a15-r0-route-erasure-admissibility-descent-20260824 -> origin/research/a15-r0-route-erasure-admissibility-descent-20260824
2026-10-09T15:26:30.9714738Z  * [new branch]          research/a15-r0-route-transcript-robustness-20260823 -> origin/research/a15-r0-route-transcript-robustness-20260823
2026-10-09T15:26:30.9715336Z  * [new branch]          research/a15-r0-same-base-comparison-representation-20260826 -> origin/research/a15-r0-same-base-comparison-representation-20260826
2026-10-09T15:26:30.9715912Z  * [new branch]          research/a15-r0-schedule-state-identifiability-lag-20260827 -> origin/research/a15-r0-schedule-state-identifiability-lag-20260827
2026-10-09T15:26:30.9716537Z  * [new branch]          research/a15-r0-season-conditioned-symbolic-normal-form-20260824 -> origin/research/a15-r0-season-conditioned-symbolic-normal-form-20260824
2026-10-09T15:26:30.9717176Z  * [new branch]          research/a15-r0-second-amphicosm-identification-rigidity-20260826 -> origin/research/a15-r0-second-amphicosm-identification-rigidity-20260826
2026-10-09T15:26:30.9717832Z  * [new branch]          research/a15-r0-separately-framed-bar-2-gluing-seam-defect-20260826 -> origin/research/a15-r0-separately-framed-bar-2-gluing-seam-defect-20260826
2026-10-09T15:26:30.9718420Z  * [new branch]          research/a15-r0-sequential-erasure-gap-monotonicity-20260824 -> origin/research/a15-r0-sequential-erasure-gap-monotonicity-20260824
2026-10-09T15:26:30.9718954Z  * [new branch]          research/a15-r0-stiefel-whitney-pin-structures-20260826 -> origin/research/a15-r0-stiefel-whitney-pin-structures-20260826
2026-10-09T15:26:30.9719490Z  * [new branch]          research/a15-r0-symbolic-frontier-completeness-20260824 -> origin/research/a15-r0-symbolic-frontier-completeness-20260824
2026-10-09T15:26:30.9720037Z  * [new branch]          research/a15-r0-target-equivalence-completeness-20260824 -> origin/research/a15-r0-target-equivalence-completeness-20260824
2026-10-09T15:26:30.9720797Z  * [new branch]          research/a15-r0-target-equivalence-quotient-congruence-20260824 -> origin/research/a15-r0-target-equivalence-quotient-congruence-20260824
2026-10-09T15:26:30.9721422Z  * [new branch]          research/a15-r0-target-relevant-equivalence-refinement-20260902 -> origin/research/a15-r0-target-relevant-equivalence-refinement-20260902
2026-10-09T15:26:30.9722024Z  * [new branch]          research/a15-r0-tate-norm-antinorm-two-primary-defect-20260826 -> origin/research/a15-r0-tate-norm-antinorm-two-primary-defect-20260826
2026-10-09T15:26:30.9722601Z  * [new branch]          research/a15-r0-temporal-recurrence-phase-aliasing-20260823 -> origin/research/a15-r0-temporal-recurrence-phase-aliasing-20260823
2026-10-09T15:26:30.9723295Z  * [new branch]          research/a15-r0-topological-distinguishability-metric-amnesia-20260829 -> origin/research/a15-r0-topological-distinguishability-metric-amnesia-20260829
2026-10-09T15:26:30.9723898Z  * [new branch]          research/a15-r0-trajectory-custody-functional-closure-20260828 -> origin/research/a15-r0-trajectory-custody-functional-closure-20260828
2026-10-09T15:26:30.9724743Z  * [new branch]          research/a15-r0-transcript-compression-collision-20260823 -> origin/research/a15-r0-transcript-compression-collision-20260823
2026-10-09T15:26:30.9725377Z  * [new branch]          research/a15-r0-transcript-compression-partial-custody-20260823 -> origin/research/a15-r0-transcript-compression-partial-custody-20260823
2026-10-09T15:26:30.9725894Z  * [new branch]          research/a15-r0-transition-family-robustness-20260823 -> origin/research/a15-r0-transition-family-robustness-20260823
2026-10-09T15:26:30.9726463Z  * [new branch]          research/a15-r0-transition-operator-bounded-noise-20260823 -> origin/research/a15-r0-transition-operator-bounded-noise-20260823
2026-10-09T15:26:30.9727047Z  * [new branch]          research/a15-r0-transition-operator-identifiability-20260823 -> origin/research/a15-r0-transition-operator-identifiability-20260823
2026-10-09T15:26:30.9727853Z  * [new branch]          research/a15-r0-transition-operator-sequential-contraction-20260823 -> origin/research/a15-r0-transition-operator-sequential-contraction-20260823
2026-10-09T15:26:30.9728549Z  * [new branch]          research/a15-r0-transport-opacity-origin-selection-robustness-20260830 -> origin/research/a15-r0-transport-opacity-origin-selection-robustness-20260830
2026-10-09T15:26:30.9729283Z  * [new branch]          research/a15-r0-transport-separation-hypergraph-robust-multicover-20260830 -> origin/research/a15-r0-transport-separation-hypergraph-robust-multicover-20260830
2026-10-09T15:26:30.9730257Z  * [new branch]          research/a15-r0-transport-signature-quotient-robustness-preserving-witness-compression-20260830 -> origin/research/a15-r0-transport-signature-quotient-robustness-preserving-witness-compression-20260830
2026-10-09T15:26:30.9730816Z  * [new branch]          research/a15-r0-two-seam-factorization-rectangle-20260824 -> origin/research/a15-r0-two-seam-factorization-rectangle-20260824
2026-10-09T15:26:30.9731342Z  * [new branch]          research/a15-r0-two-surface-horizon-aliasing-20260828 -> origin/research/a15-r0-two-surface-horizon-aliasing-20260828
2026-10-09T15:26:30.9732040Z  * [new branch]          research/a15-r0-typed-target-preserving-rewrite-admissibility-20260824 -> origin/research/a15-r0-typed-target-preserving-rewrite-admissibility-20260824
2026-10-09T15:26:30.9732755Z  * [new branch]          research/a15-r0-universal-coefficient-holonomy-representability-20260826 -> origin/research/a15-r0-universal-coefficient-holonomy-representability-20260826
2026-10-09T15:26:30.9733352Z  * [new branch]          research/a15-r0-western-horizon-empirical-shore-rest-20260902 -> origin/research/a15-r0-western-horizon-empirical-shore-rest-20260902
2026-10-09T15:26:30.9733857Z  * [new branch]          research/a16-r0-holonomy-loom-local-pocket-20260903 -> origin/research/a16-r0-holonomy-loom-local-pocket-20260903
2026-10-09T15:26:30.9734674Z  * [new branch]          research/a2-a5-preactivation-retry-class-discrimination-v0-1-20260906 -> origin/research/a2-a5-preactivation-retry-class-discrimination-v0-1-20260906
2026-10-09T15:26:30.9735420Z  * [new branch]          research/a2-a5-pretrace-replacement-reacquisition-v0-1-20260906 -> origin/research/a2-a5-pretrace-replacement-reacquisition-v0-1-20260906
2026-10-09T15:26:30.9736054Z  * [new branch]          research/a2-a5-replacement-triggered-reacquisition-v0-1-20260906 -> origin/research/a2-a5-replacement-triggered-reacquisition-v0-1-20260906
2026-10-09T15:26:30.9736579Z  * [new branch]          research/aperture-onboarding-differential-v1-20261005 -> origin/research/aperture-onboarding-differential-v1-20261005
2026-10-09T15:26:30.9737103Z  * [new branch]          research/aperture-provider-stack-field-trip-20260911 -> origin/research/aperture-provider-stack-field-trip-20260911
2026-10-09T15:26:30.9737724Z  * [new branch]          research/aperture-provider-stack-field-trip-candidate-20260911 -> origin/research/aperture-provider-stack-field-trip-candidate-20260911
2026-10-09T15:26:30.9738311Z  * [new branch]          research/aperture-provider-stack-field-trip-sync-20260911 -> origin/research/aperture-provider-stack-field-trip-sync-20260911
2026-10-09T15:26:30.9738927Z  * [new branch]          research/aperture-wendbine-loom-translation-audit-v01-20260915 -> origin/research/aperture-wendbine-loom-translation-audit-v01-20260915
2026-10-09T15:26:30.9739303Z  * [new branch]          research/atelier-method-v01-20260911 -> origin/research/atelier-method-v01-20260911
2026-10-09T15:26:30.9739801Z  * [new branch]          research/claim-sufficiency-factorization-20260823 -> origin/research/claim-sufficiency-factorization-20260823
2026-10-09T15:26:30.9740250Z  * [new branch]          research/claim-sufficient-stopping-20260823 -> origin/research/claim-sufficient-stopping-20260823
2026-10-09T15:26:30.9740754Z  * [new branch]          research/claim-targeted-measurement-design-20260823 -> origin/research/claim-targeted-measurement-design-20260823
2026-10-09T15:26:30.9741372Z  * [new branch]          research/compatible-family-claim-descent-20260823 -> origin/research/compatible-family-claim-descent-20260823
2026-10-09T15:26:30.9741931Z  * [new branch]          research/compatible-set-refinement-monotonicity-20260823 -> origin/research/compatible-set-refinement-monotonicity-20260823
2026-10-09T15:26:30.9742520Z  * [new branch]          research/custodian-independent-repairability-v01-20260915 -> origin/research/custodian-independent-repairability-v01-20260915
2026-10-09T15:26:30.9742990Z  * [new branch]          research/discrete-aia-partition-order-20260823 -> origin/research/discrete-aia-partition-order-20260823
2026-10-09T15:26:30.9743530Z  * [new branch]          research/discrete-curvature-extension-theorem-20260823 -> origin/research/discrete-curvature-extension-theorem-20260823
2026-10-09T15:26:30.9744010Z  * [new branch]          research/discrete-curvature-refinement-20260823 -> origin/research/discrete-curvature-refinement-20260823
2026-10-09T15:26:30.9744590Z  * [new branch]          research/discrete-face-curvature-20260823 -> origin/research/discrete-face-curvature-20260823
2026-10-09T15:26:30.9745210Z  * [new branch]          research/discrete-observability-transport-synthesis-20260823 -> origin/research/discrete-observability-transport-synthesis-20260823
2026-10-09T15:26:30.9745687Z  * [new branch]          research/discrete-transport-tomography-20260823 -> origin/research/discrete-transport-tomography-20260823
2026-10-09T15:26:30.9746258Z  * [new branch]          research/dollhouse-atlas-fadt-operational-agents-20260909 -> origin/research/dollhouse-atlas-fadt-operational-agents-20260909
2026-10-09T15:26:30.9746842Z  * [new branch]          research/dollhouse-portable-aia-roundtrip-battery-20260909 -> origin/research/dollhouse-portable-aia-roundtrip-battery-20260909
2026-10-09T15:26:30.9747408Z  * [new branch]          research/dome-world-open-residual-tomography-v01-20260915 -> origin/research/dome-world-open-residual-tomography-v01-20260915
2026-10-09T15:26:30.9748142Z  * [new branch]          research/eclipse-omega-foundational-paper-sieve-v05-20260911 -> origin/research/eclipse-omega-foundational-paper-sieve-v05-20260911
2026-10-09T15:26:30.9748598Z  * [new branch]          research/exteriority-observatory-v1-20261005 -> origin/research/exteriority-observatory-v1-20261005
2026-10-09T15:26:30.9749093Z  * [new branch]          research/gauge-blind-holonomy-classifier-20260823 -> origin/research/gauge-blind-holonomy-classifier-20260823
2026-10-09T15:26:30.9749572Z  * [new branch]          research/gauge-quotient-identifiability-20260823 -> origin/research/gauge-quotient-identifiability-20260823
2026-10-09T15:26:30.9750048Z  * [new branch]          research/gemini-visibility-availability-20260911 -> origin/research/gemini-visibility-availability-20260911
2026-10-09T15:26:30.9750520Z  * [new branch]          research/holonomy-observability-action-20260823 -> origin/research/holonomy-observability-action-20260823
2026-10-09T15:26:30.9751067Z  * [new branch]          research/holonomy-observability-aia-synthesis-20260823 -> origin/research/holonomy-observability-aia-synthesis-20260823
2026-10-09T15:26:30.9751535Z  * [new branch]          research/holonomy-observability-orbit-20260823 -> origin/research/holonomy-observability-orbit-20260823
2026-10-09T15:26:30.9752117Z  * [new branch]          research/hypothesis-conditioned-discovery-ecology-20260823 -> origin/research/hypothesis-conditioned-discovery-ecology-20260823
2026-10-09T15:26:30.9752880Z  * [new branch]          research/independent-handoff-recovery-witness-acquisition-spec-v01-20260915 -> origin/research/independent-handoff-recovery-witness-acquisition-spec-v01-20260915
2026-10-09T15:26:30.9753419Z  * [new branch]          research/independent-receiver-replication-v01-20260915 -> origin/research/independent-receiver-replication-v01-20260915
2026-10-09T15:26:30.9753996Z  * [new branch]          research/loom-custody-formal-transport-bridge-v01-20260915 -> origin/research/loom-custody-formal-transport-bridge-v01-20260915
2026-10-09T15:26:30.9754908Z  * [new branch]          research/loom-custody-sequence-route-repair-v01-20260915 -> origin/research/loom-custody-sequence-route-repair-v01-20260915
2026-10-09T15:26:30.9755313Z  * [new branch]          research/loom-gate-golden-egg-20260928 -> origin/research/loom-gate-golden-egg-20260928
2026-10-09T15:26:30.9755865Z  * [new branch]          research/loom-platform-semantic-compression-v01-20260915 -> origin/research/loom-platform-semantic-compression-v01-20260915
2026-10-09T15:26:30.9756512Z  * [new branch]          research/marrowline-finite-return-schedule-closure-v0-2-20260906 -> origin/research/marrowline-finite-return-schedule-closure-v0-2-20260906
2026-10-09T15:26:30.9757164Z  * [new branch]          research/marrowline-khonapolit-advisory-browser-witness-20260904 -> origin/research/marrowline-khonapolit-advisory-browser-witness-20260904
2026-10-09T15:26:30.9757776Z  * [new branch]          research/marrowline-validation-layer-precedence-v0-1-20260906 -> origin/research/marrowline-validation-layer-precedence-v0-1-20260906
2026-10-09T15:26:30.9758266Z  * [new branch]          research/moire-mediated-identifiability-20260911 -> origin/research/moire-mediated-identifiability-20260911
2026-10-09T15:26:30.9758702Z  * [new branch]          research/nonabelian-face-holonomy-20260823 -> origin/research/nonabelian-face-holonomy-20260823
2026-10-09T15:26:30.9759180Z  * [new branch]          research/partition-kernel-substitution-20260823 -> origin/research/partition-kernel-substitution-20260823
2026-10-09T15:26:30.9759703Z  * [new branch]          research/partition-only-holonomy-tomography-20260823 -> origin/research/partition-only-holonomy-tomography-20260823
2026-10-09T15:26:30.9760209Z  * [new branch]          research/partition-signature-code-distance-20260823 -> origin/research/partition-signature-code-distance-20260823
2026-10-09T15:26:30.9760772Z  * [new branch]          research/partition-signature-code-distance-work-20260823 -> origin/research/partition-signature-code-distance-work-20260823
2026-10-09T15:26:30.9761481Z  * [new branch]          research/partition-signature-code-distance-work2-20260823 -> origin/research/partition-signature-code-distance-work2-20260823
2026-10-09T15:26:30.9762007Z  * [new branch]          research/partition-signature-decoder-radius-20260823 -> origin/research/partition-signature-decoder-radius-20260823
2026-10-09T15:26:30.9762554Z  * [new branch]          research/partition-signature-decoder-radius-v2-20260823 -> origin/research/partition-signature-decoder-radius-v2-20260823
2026-10-09T15:26:30.9763127Z  * [new branch]          research/partition-tomography-one-edit-robustness-20260823 -> origin/research/partition-tomography-one-edit-robustness-20260823
2026-10-09T15:26:30.9763694Z  * [new branch]          research/pedagogue-observation-custody-frontier-20260822 -> origin/research/pedagogue-observation-custody-frontier-20260822
2026-10-09T15:26:30.9764367Z  * [new branch]          research/pedagogue-provenance-spine-20260822 -> origin/research/pedagogue-provenance-spine-20260822
2026-10-09T15:26:30.9764973Z  * [new branch]          research/pedagogue-structured-probe-coverage-20260823 -> origin/research/pedagogue-structured-probe-coverage-20260823
2026-10-09T15:26:30.9765696Z  * [new branch]          research/portable-aia-atlas-crosscutting-receiver-lattice-v0-1-20260907 -> origin/research/portable-aia-atlas-crosscutting-receiver-lattice-v0-1-20260907
2026-10-09T15:26:30.9766305Z  * [new branch]          research/portable-aia-born-minimized-atlas-quotient-20260905 -> origin/research/portable-aia-born-minimized-atlas-quotient-20260905
2026-10-09T15:26:30.9766946Z  * [new branch]          research/portable-aia-cross-mode-guarantee-validity-v0-1-20260907 -> origin/research/portable-aia-cross-mode-guarantee-validity-v0-1-20260907
2026-10-09T15:26:30.9767520Z  * [new branch]          research/portable-aia-independent-receiver-assay-20260913 -> origin/research/portable-aia-independent-receiver-assay-20260913
2026-10-09T15:26:30.9768230Z  * [new branch]          research/portable-aia-posthoc-envelope-stripping-20260903 -> origin/research/portable-aia-posthoc-envelope-stripping-20260903
2026-10-09T15:26:30.9768908Z  * [new branch]          research/portable-aia-public-repository-carrier-preflight-20260903 -> origin/research/portable-aia-public-repository-carrier-preflight-20260903
2026-10-09T15:26:30.9769643Z  * [new branch]          research/portable-aia-receiver-marginal-coupling-separation-v0-1-20260907 -> origin/research/portable-aia-receiver-marginal-coupling-separation-v0-1-20260907
2026-10-09T15:26:30.9770175Z  * [new branch]          research/portable-aia-three-route-invariance-20260904 -> origin/research/portable-aia-three-route-invariance-20260904
2026-10-09T15:26:30.9770676Z  * [new branch]          research/portable-aia-wendbine-assurance-20260913 -> origin/research/portable-aia-wendbine-assurance-20260913
2026-10-09T15:26:30.9771219Z  * [new branch]          research/portable-exit-recovery-execution-v01-20260915 -> origin/research/portable-exit-recovery-execution-v01-20260915
2026-10-09T15:26:30.9771730Z  * [new branch]          research/portable-loom-antigravity-handoff-20261009 -> origin/research/portable-loom-antigravity-handoff-20261009
2026-10-09T15:26:30.9772237Z  * [new branch]          research/portable-loom-dollhouse-execution-20261009 -> origin/research/portable-loom-dollhouse-execution-20261009
2026-10-09T15:26:30.9772734Z  * [new branch]          research/portable-loom-executable-product-20261009 -> origin/research/portable-loom-executable-product-20261009
2026-10-09T15:26:30.9773273Z  * [new branch]          research/portable-loom-export-carriage-repair-20261009 -> origin/research/portable-loom-export-carriage-repair-20261009
2026-10-09T15:26:30.9773793Z  * [new branch]          research/portable-loom-gate-contract-repair-20261009 -> origin/research/portable-loom-gate-contract-repair-20261009
2026-10-09T15:26:30.9774346Z  * [new branch]          research/portable-loom-kit-assay-20261009 -> origin/research/portable-loom-kit-assay-20261009
2026-10-09T15:26:30.9774932Z  * [new branch]          research/portable-loom-local-battery-20261009 -> origin/research/portable-loom-local-battery-20261009
2026-10-09T15:26:30.9775420Z  * [new branch]          research/portable-loom-provider-conduit-20261009 -> origin/research/portable-loom-provider-conduit-20261009
2026-10-09T15:26:30.9775827Z  * [new branch]          research/portable-loom-reentry-20261001 -> origin/research/portable-loom-reentry-20261001
2026-10-09T15:26:30.9776307Z  * [new branch]          research/portable-loom-server-transport-20261009 -> origin/research/portable-loom-server-transport-20261009
2026-10-09T15:26:30.9776885Z  * [new branch]          research/portable-loom-session-challenge-receiver-20261001 -> origin/research/portable-loom-session-challenge-receiver-20261001
2026-10-09T15:26:30.9777302Z  * [new branch]          research/prcsa-ordering-scab-v04-20260911 -> origin/research/prcsa-ordering-scab-v04-20260911
2026-10-09T15:26:30.9777720Z  * [new branch]          research/probe-ecology-codesign-20260823 -> origin/research/probe-ecology-codesign-20260823
2026-10-09T15:26:30.9778287Z  * [new branch]          research/projective-holonomy-from-observability-20260823 -> origin/research/projective-holonomy-from-observability-20260823
2026-10-09T15:26:30.9778729Z  * [new branch]          research/relation-survival-assay-v1-20261005 -> origin/research/relation-survival-assay-v1-20261005
2026-10-09T15:26:30.9779294Z  * [new branch]          research/robustness-aware-probe-ecology-codesign-20260823 -> origin/research/robustness-aware-probe-ecology-codesign-20260823
2026-10-09T15:26:30.9779728Z  * [new branch]          research/sequence-5.5-amari-closure-20261006 -> origin/research/sequence-5.5-amari-closure-20261006
2026-10-09T15:26:30.9780183Z  * [new branch]          research/sequence-5.5-closure-chamber-20261005 -> origin/research/sequence-5.5-closure-chamber-20261005
2026-10-09T15:26:30.9780845Z  * [new branch]          research/six-sequence-contract-reconciliation-20261008 -> origin/research/six-sequence-contract-reconciliation-20261008
2026-10-09T15:26:30.9781375Z  * [new branch]          research/structural-extraction-hardening-v1-20261005 -> origin/research/structural-extraction-hardening-v1-20261005
2026-10-09T15:26:30.9781910Z  * [new branch]          research/task-conditioned-calibration-ecology-20260823 -> origin/research/task-conditioned-calibration-ecology-20260823
2026-10-09T15:26:30.9782351Z  * [new branch]          research/td613-devastate-repair-v03-20260911 -> origin/research/td613-devastate-repair-v03-20260911
2026-10-09T15:26:30.9782836Z  * [new branch]          research/td613-devastate-repair-v03-20260911-copy -> origin/research/td613-devastate-repair-v03-20260911-copy
2026-10-09T15:26:30.9783447Z  * [new branch]          research/three-phase-human-operator-episode-7-prereg-20260914 -> origin/research/three-phase-human-operator-episode-7-prereg-20260914
2026-10-09T15:26:30.9784047Z  * [new branch]          research/wendbine-custodian-independent-repair-v01-20260914 -> origin/research/wendbine-custodian-independent-repair-v01-20260914
2026-10-09T15:26:30.9784671Z  * [new branch]          research/wendbine-loom-aperture-audit-v02-20260915 -> origin/research/wendbine-loom-aperture-audit-v02-20260915
2026-10-09T15:26:30.9785179Z  * [new branch]          research/wendbine-loom-foreign-donor-assay-20260910 -> origin/research/wendbine-loom-foreign-donor-assay-20260910
2026-10-09T15:26:30.9785827Z  * [new branch]          research/wendbine-loom-reciprocal-legibility-repair-v01-20260915 -> origin/research/wendbine-loom-reciprocal-legibility-repair-v01-20260915
2026-10-09T15:26:30.9786247Z  * [new branch]          research/wendbine-public-atelier-20260911 -> origin/research/wendbine-public-atelier-20260911
2026-10-09T15:26:30.9786713Z  * [new branch]          research/wendbine-public-atelier-sync-20260913 -> origin/research/wendbine-public-atelier-sync-20260913
2026-10-09T15:26:30.9787260Z  * [new branch]          research/western-horizon-a16-readmission-audit-20260902 -> origin/research/western-horizon-a16-readmission-audit-20260902
2026-10-09T15:26:30.9787998Z  * [new branch]          research/western-horizon-main-accession-constitution-20260902 -> origin/research/western-horizon-main-accession-constitution-20260902
2026-10-09T15:26:30.9788609Z  * [new branch]          research/western-horizon-main-executable-accession-20260902 -> origin/research/western-horizon-main-executable-accession-20260902
2026-10-09T15:26:30.9789177Z  * [new branch]          research/western-horizon-post-746-receiving-dock-20260824 -> origin/research/western-horizon-post-746-receiving-dock-20260824
2026-10-09T15:26:30.9789738Z  * [new branch]          research/western-horizon-post-765-receiving-dock-20260826 -> origin/research/western-horizon-post-765-receiving-dock-20260826
2026-10-09T15:26:30.9790155Z  * [new branch]          revert-asset-versions-4824060773066143638 -> origin/revert-asset-versions-4824060773066143638
2026-10-09T15:26:30.9790475Z  * [new branch]          revert-flight-iframe-loader -> origin/revert-flight-iframe-loader
2026-10-09T15:26:30.9790747Z  * [new branch]          rex-fractura-hotfix     -> origin/rex-fractura-hotfix
2026-10-09T15:26:30.9791034Z  * [new branch]          rex-fractura-p1-hotfix  -> origin/rex-fractura-p1-hotfix
2026-10-09T15:26:30.9791257Z  * [new branch]          rex-hotfix              -> origin/rex-hotfix
2026-10-09T15:26:30.9791662Z  * [new branch]          rex-phase8-adversarial-fracture-gate -> origin/rex-phase8-adversarial-fracture-gate
2026-10-09T15:26:30.9792099Z  * [new branch]          routing/a15-r0-773-repair001-witness-20260826 -> origin/routing/a15-r0-773-repair001-witness-20260826
2026-10-09T15:26:30.9792664Z  * [new branch]          routing/a15-r0-778-universal-coefficient-witness-20260826 -> origin/routing/a15-r0-778-universal-coefficient-witness-20260826
2026-10-09T15:26:30.9793209Z  * [new branch]          safe-harbor-authorship-maturity-temporal-bloom-spec -> origin/safe-harbor-authorship-maturity-temporal-bloom-spec
2026-10-09T15:26:30.9793930Z  * [new branch]          safe-harbor-authorship-maturity-temporal-bloom-spec-clean -> origin/safe-harbor-authorship-maturity-temporal-bloom-spec-clean
2026-10-09T15:26:30.9794658Z  * [new branch]          safe-harbor-gen3-stage1-evidence-contract -> origin/safe-harbor-gen3-stage1-evidence-contract
2026-10-09T15:26:30.9795085Z  * [new branch]          safe-harbor-gen3-stage1-final-validator -> origin/safe-harbor-gen3-stage1-final-validator
2026-10-09T15:26:30.9795583Z  * [new branch]          safe-harbor-gen3-stage1-final-validator-cleanup -> origin/safe-harbor-gen3-stage1-final-validator-cleanup
2026-10-09T15:26:30.9796032Z  * [new branch]          safe-harbor-gen3-stage1-integrator-cleanup -> origin/safe-harbor-gen3-stage1-integrator-cleanup
2026-10-09T15:26:30.9796442Z  * [new branch]          safe-harbor-gen3-stage1-integrator-gate -> origin/safe-harbor-gen3-stage1-integrator-gate
2026-10-09T15:26:30.9796912Z  * [new branch]          safe-harbor-gen3-stage1-validator-depth-fix -> origin/safe-harbor-gen3-stage1-validator-depth-fix
2026-10-09T15:26:30.9797370Z  * [new branch]          safe-harbor-gen3-stage2-authorship-maturity -> origin/safe-harbor-gen3-stage2-authorship-maturity
2026-10-09T15:26:30.9797858Z  * [new branch]          safe-harbor-gen3-stage2-authorship-maturity-v1 -> origin/safe-harbor-gen3-stage2-authorship-maturity-v1
2026-10-09T15:26:30.9798317Z  * [new branch]          safe-harbor-gen3-stage2-diagnostic-artifact -> origin/safe-harbor-gen3-stage2-diagnostic-artifact
2026-10-09T15:26:30.9798757Z  * [new branch]          safe-harbor-gen3-stage2-final-validator-v2 -> origin/safe-harbor-gen3-stage2-final-validator-v2
2026-10-09T15:26:30.9799203Z  * [new branch]          safe-harbor-gen3-stage2-integrator-cleanup -> origin/safe-harbor-gen3-stage2-integrator-cleanup
2026-10-09T15:26:30.9799679Z  * [new branch]          safe-harbor-gen3-stage2-integrator-diagnostics -> origin/safe-harbor-gen3-stage2-integrator-diagnostics
2026-10-09T15:26:30.9800101Z  * [new branch]          safe-harbor-gen3-stage2-integrator-gate -> origin/safe-harbor-gen3-stage2-integrator-gate
2026-10-09T15:26:30.9800714Z  * [new branch]          safe-harbor-gen3-stage2-integrator-gate-v1 -> origin/safe-harbor-gen3-stage2-integrator-gate-v1
2026-10-09T15:26:30.9801195Z  * [new branch]          safe-harbor-gen3-stage2-integrator-module-add -> origin/safe-harbor-gen3-stage2-integrator-module-add
2026-10-09T15:26:30.9801606Z  * [new branch]          safe-harbor-gen3-stage3-helper-cleanup -> origin/safe-harbor-gen3-stage3-helper-cleanup
2026-10-09T15:26:30.9802037Z  * [new branch]          safe-harbor-gen3-stage3-hygiene-scope-fix -> origin/safe-harbor-gen3-stage3-hygiene-scope-fix
2026-10-09T15:26:30.9802507Z  * [new branch]          safe-harbor-gen3-stage3-integrator-event-fix -> origin/safe-harbor-gen3-stage3-integrator-event-fix
2026-10-09T15:26:30.9802924Z  * [new branch]          safe-harbor-gen3-stage3-integrator-gate -> origin/safe-harbor-gen3-stage3-integrator-gate
2026-10-09T15:26:30.9803366Z  * [new branch]          safe-harbor-gen3-stage3-integrator-gate-v1 -> origin/safe-harbor-gen3-stage3-integrator-gate-v1
2026-10-09T15:26:30.9803891Z  * [new branch]          safe-harbor-gen3-stage3-integrator-whitespace-fix -> origin/safe-harbor-gen3-stage3-integrator-whitespace-fix
2026-10-09T15:26:30.9804598Z  * [new branch]          safe-harbor-gen3-stage3-patch-diagnostics -> origin/safe-harbor-gen3-stage3-patch-diagnostics
2026-10-09T15:26:30.9805113Z  * [new branch]          safe-harbor-gen3-stage3-progress-seam-normalizer -> origin/safe-harbor-gen3-stage3-progress-seam-normalizer
2026-10-09T15:26:30.9805627Z  * [new branch]          safe-harbor-gen3-stage3-synthetic-shi-hygiene-fix -> origin/safe-harbor-gen3-stage3-synthetic-shi-hygiene-fix
2026-10-09T15:26:30.9806138Z  * [new branch]          safe-harbor-gen3-stage3-temporal-bloom-provenance -> origin/safe-harbor-gen3-stage3-temporal-bloom-provenance
2026-10-09T15:26:30.9806839Z  * [new branch]          safe-harbor-gen3-stage3-temporal-bloom-provenance-v1 -> origin/safe-harbor-gen3-stage3-temporal-bloom-provenance-v1
2026-10-09T15:26:30.9807495Z  * [new branch]          safe-harbor-gen3-stage3-temporal-bloom-provenance-validation -> origin/safe-harbor-gen3-stage3-temporal-bloom-provenance-validation
2026-10-09T15:26:30.9807915Z  * [new branch]          safe-harbor-gen3-stage3-test-diagnostics -> origin/safe-harbor-gen3-stage3-test-diagnostics
2026-10-09T15:26:30.9808369Z  * [new branch]          safe-harbor-gen3-stage3-test-diagnostics-v2 -> origin/safe-harbor-gen3-stage3-test-diagnostics-v2
2026-10-09T15:26:30.9808821Z  * [new branch]          safe-harbor-gen3-stage3-textarea-anchor-fix -> origin/safe-harbor-gen3-stage3-textarea-anchor-fix
2026-10-09T15:26:30.9809330Z  * [new branch]          safe-harbor-gen3-stage3-textarea-seam-normalizer -> origin/safe-harbor-gen3-stage3-textarea-seam-normalizer
2026-10-09T15:26:30.9809784Z  * [new branch]          safe-harbor-gen3-stage3-validation-cleanup -> origin/safe-harbor-gen3-stage3-validation-cleanup
2026-10-09T15:26:30.9810333Z  * [new branch]          safe-harbor-gen3-track-r-blind-custody-stylodynamics -> origin/safe-harbor-gen3-track-r-blind-custody-stylodynamics
2026-10-09T15:26:30.9810907Z  * [new branch]          safe-harbor-gen3-track-r-blind-custody-stylodynamics-v1 -> origin/safe-harbor-gen3-track-r-blind-custody-stylodynamics-v1
2026-10-09T15:26:30.9811460Z  * [new branch]          safe-harbor-gen3-track-r-clean-integrator-cleanup-v2 -> origin/safe-harbor-gen3-track-r-clean-integrator-cleanup-v2
2026-10-09T15:26:30.9811845Z  * [new branch]          safe-harbor-gen3-track-r-clean-main -> origin/safe-harbor-gen3-track-r-clean-main
2026-10-09T15:26:30.9812326Z  * [new branch]          safe-harbor-gen3-track-r-clean-main-integrator -> origin/safe-harbor-gen3-track-r-clean-main-integrator
2026-10-09T15:26:30.9812889Z  * [new branch]          safe-harbor-gen3-track-r-clean-main-integrator-cleanup -> origin/safe-harbor-gen3-track-r-clean-main-integrator-cleanup
2026-10-09T15:26:30.9813362Z  * [new branch]          safe-harbor-gen3-track-r-diagnostic-callback -> origin/safe-harbor-gen3-track-r-diagnostic-callback
2026-10-09T15:26:30.9813926Z  * [new branch]          safe-harbor-gen3-track-r-diagnostic-commit -> origin/safe-harbor-gen3-track-r-diagnostic-commit
2026-10-09T15:26:30.9814464Z  * [new branch]          safe-harbor-gen3-track-r-diagnostics -> origin/safe-harbor-gen3-track-r-diagnostics
2026-10-09T15:26:30.9814929Z  * [new branch]          safe-harbor-gen3-track-r-integrator-cleanup -> origin/safe-harbor-gen3-track-r-integrator-cleanup
2026-10-09T15:26:30.9815406Z  * [new branch]          safe-harbor-gen3-track-r-integrator-commit-fix -> origin/safe-harbor-gen3-track-r-integrator-commit-fix
2026-10-09T15:26:30.9815835Z  * [new branch]          safe-harbor-gen3-track-r-integrator-gate -> origin/safe-harbor-gen3-track-r-integrator-gate
2026-10-09T15:26:30.9816324Z  * [new branch]          safe-harbor-gen3-track-r-integrator-hygiene-fix -> origin/safe-harbor-gen3-track-r-integrator-hygiene-fix
2026-10-09T15:26:30.9816788Z  * [new branch]          safe-harbor-gen3-track-r-main-reconciliation -> origin/safe-harbor-gen3-track-r-main-reconciliation
2026-10-09T15:26:30.9817280Z  * [new branch]          safe-harbor-gen3-track-r-main-reconciliation-v2 -> origin/safe-harbor-gen3-track-r-main-reconciliation-v2
2026-10-09T15:26:30.9817726Z  * [new branch]          safe-harbor-gen3-wave-a-production-receipt -> origin/safe-harbor-gen3-wave-a-production-receipt
2026-10-09T15:26:30.9818116Z  * [new branch]          safe-harbor-gen3-wave-a-release-gate -> origin/safe-harbor-gen3-wave-a-release-gate
2026-10-09T15:26:30.9818551Z  * [new branch]          safe-harbor-gen3-wave-a-release-hardening -> origin/safe-harbor-gen3-wave-a-release-hardening
2026-10-09T15:26:30.9819022Z  * [new branch]          safe-harbor-gen3-wave-b-clean-main-integrator -> origin/safe-harbor-gen3-wave-b-clean-main-integrator
2026-10-09T15:26:30.9819577Z  * [new branch]          safe-harbor-gen3-wave-b-clean-main-integrator-cleanup -> origin/safe-harbor-gen3-wave-b-clean-main-integrator-cleanup
2026-10-09T15:26:30.9820202Z  * [new branch]          safe-harbor-gen3-wave-b-fixture-normalizer-gate -> origin/safe-harbor-gen3-wave-b-fixture-normalizer-gate
2026-10-09T15:26:30.9820652Z  * [new branch]          safe-harbor-gen3-wave-b-integrator-cleanup -> origin/safe-harbor-gen3-wave-b-integrator-cleanup
2026-10-09T15:26:30.9821036Z  * [new branch]          safe-harbor-gen3-wave-b-release-gate -> origin/safe-harbor-gen3-wave-b-release-gate
2026-10-09T15:26:30.9821517Z  * [new branch]          safe-harbor-gen3-wave-b-release-gate-clean-main -> origin/safe-harbor-gen3-wave-b-release-gate-clean-main
2026-10-09T15:26:30.9822002Z  * [new branch]          safe-harbor-gen3-wave-b-release-gate-validation -> origin/safe-harbor-gen3-wave-b-release-gate-validation
2026-10-09T15:26:30.9822455Z  * [new branch]          safe-harbor-gen3-wave-b-release-integrator -> origin/safe-harbor-gen3-wave-b-release-integrator
2026-10-09T15:26:30.9822999Z  * [new branch]          safe-harbor-gen3-wave-b-release-integrator-event-fix -> origin/safe-harbor-gen3-wave-b-release-integrator-event-fix
2026-10-09T15:26:30.9823517Z  * [new branch]          safe-harbor-gen3-wave-b-synthetic-shi-fixture-fix -> origin/safe-harbor-gen3-wave-b-synthetic-shi-fixture-fix
2026-10-09T15:26:30.9823988Z  * [new branch]          safe-harbor-gen3-wave-b-writeback-diagnostics -> origin/safe-harbor-gen3-wave-b-writeback-diagnostics
2026-10-09T15:26:30.9824470Z  * [new branch]          safe-harbor-macos-desktop-parity -> origin/safe-harbor-macos-desktop-parity
2026-10-09T15:26:30.9824823Z  * [new branch]          safe-harbor-packet-vault-direct -> origin/safe-harbor-packet-vault-direct
2026-10-09T15:26:30.9825139Z  * [new branch]          safe-harbor-phase3-native-v3 -> origin/safe-harbor-phase3-native-v3
2026-10-09T15:26:30.9825565Z  * [new branch]          safe-harbor-phase4-authority-governance -> origin/safe-harbor-phase4-authority-governance
2026-10-09T15:26:30.9825957Z  * [new branch]          safe-harbor-phase5-replay-hardening -> origin/safe-harbor-phase5-replay-hardening
2026-10-09T15:26:30.9826458Z  * [new branch]          safe-harbor-phase6-native-callsite -> origin/safe-harbor-phase6-native-callsite
2026-10-09T15:26:30.9826810Z  * [new branch]          safe-harbor-phase6-native-spine -> origin/safe-harbor-phase6-native-spine
2026-10-09T15:26:30.9827176Z  * [new branch]          safe-harbor-phase6-purity-compose -> origin/safe-harbor-phase6-purity-compose
2026-10-09T15:26:30.9827606Z  * [new branch]          safe-harbor-phase6-purity-compose-clean -> origin/safe-harbor-phase6-purity-compose-clean
2026-10-09T15:26:30.9827963Z  * [new branch]          safe-harbor-phase7-main-reconcile -> origin/safe-harbor-phase7-main-reconcile
2026-10-09T15:26:30.9828431Z  * [new branch]          safe-harbor-phase7-outside-witness-alignment -> origin/safe-harbor-phase7-outside-witness-alignment
2026-10-09T15:26:30.9828792Z  * [new branch]          safe-harbor-phase8-main-reconcile -> origin/safe-harbor-phase8-main-reconcile
2026-10-09T15:26:30.9829211Z  * [new branch]          safe-harbor-phase8-public-default-gate -> origin/safe-harbor-phase8-public-default-gate
2026-10-09T15:26:30.9829644Z  * [new branch]          safe-harbor-phase9-1-ui-maintenance-seal -> origin/safe-harbor-phase9-1-ui-maintenance-seal
2026-10-09T15:26:30.9830044Z  * [new branch]          safe-harbor-phase9-1b-wire-ui-surfaces -> origin/safe-harbor-phase9-1b-wire-ui-surfaces
2026-10-09T15:26:30.9830449Z  * [new branch]          safe-harbor-phase9-release-discipline -> origin/safe-harbor-phase9-release-discipline
2026-10-09T15:26:30.9830808Z  * [new branch]          safe-harbor-preflight-seam-patch -> origin/safe-harbor-preflight-seam-patch
2026-10-09T15:26:30.9831210Z  * [new branch]          safe-harbor-wave-a-diagnostic-trigger -> origin/safe-harbor-wave-a-diagnostic-trigger
2026-10-09T15:26:30.9831685Z  * [new branch]          safe-harbor-wave-a-diagnostic-whitespace-fix -> origin/safe-harbor-wave-a-diagnostic-whitespace-fix
2026-10-09T15:26:30.9832199Z  * [new branch]          safe-harbor-wave-a-diagnostic-workflow -> origin/safe-harbor-wave-a-diagnostic-workflow
2026-10-09T15:26:30.9832615Z  * [new branch]          safe-harbor-wave-a-diagnostics-cleanup -> origin/safe-harbor-wave-a-diagnostics-cleanup
2026-10-09T15:26:30.9833051Z  * [new branch]          safe-harbor-wave-a-diagnostics-cleanup-v2 -> origin/safe-harbor-wave-a-diagnostics-cleanup-v2
2026-10-09T15:26:30.9833406Z  * [new branch]          safe-harbor-wave-a-fix-validator -> origin/safe-harbor-wave-a-fix-validator
2026-10-09T15:26:30.9833836Z  * [new branch]          safe-harbor-wave-a-observer-contract-fix -> origin/safe-harbor-wave-a-observer-contract-fix
2026-10-09T15:26:30.9834557Z  * [new branch]          safe-harbor-wave-a-observer-flowcore-boundary -> origin/safe-harbor-wave-a-observer-flowcore-boundary
2026-10-09T15:26:30.9834994Z  * [new branch]          safe-harbor-wave-a-observer-log-capture -> origin/safe-harbor-wave-a-observer-log-capture
2026-10-09T15:26:30.9835427Z  * [new branch]          safe-harbor-wave-a-observer-log-workflow -> origin/safe-harbor-wave-a-observer-log-workflow
2026-10-09T15:26:30.9835860Z  * [new branch]          safe-harbor-wave-a-read-only-observation -> origin/safe-harbor-wave-a-read-only-observation
2026-10-09T15:26:30.9836314Z  * [new branch]          safe-harbor-wave-a-route-matrix-diagnostic -> origin/safe-harbor-wave-a-route-matrix-diagnostic
2026-10-09T15:26:30.9836706Z  * [new branch]          safe-harbor-wave-a-validator-cleanup -> origin/safe-harbor-wave-a-validator-cleanup
2026-10-09T15:26:30.9837185Z  * [new branch]          score-hush-candidate-residue-before-selection -> origin/score-hush-candidate-residue-before-selection
2026-10-09T15:26:30.9837391Z  * [new branch]          src                     -> origin/src
2026-10-09T15:26:30.9837800Z  * [new branch]          staging/sequence-6-integration-20261006 -> origin/staging/sequence-6-integration-20261006
2026-10-09T15:26:30.9838206Z  * [new branch]          stretch10-deployed-observation-repair -> origin/stretch10-deployed-observation-repair
2026-10-09T15:26:30.9838787Z  * [new branch]          stretch10-independent-provenance-adapters -> origin/stretch10-independent-provenance-adapters
2026-10-09T15:26:30.9839186Z  * [new branch]          stretch11-destination-bound-handoff -> origin/stretch11-destination-bound-handoff
2026-10-09T15:26:30.9839643Z  * [new branch]          stretch11-final-status-observability-repair -> origin/stretch11-final-status-observability-repair
2026-10-09T15:26:30.9839925Z  * [new branch]          stretch5-final-closure  -> origin/stretch5-final-closure
2026-10-09T15:26:30.9840219Z  * [new branch]          stretch5-strategic-deploy -> origin/stretch5-strategic-deploy
2026-10-09T15:26:30.9840493Z  * [new branch]          stretch5-vercel-release -> origin/stretch5-vercel-release
2026-10-09T15:26:30.9840899Z  * [new branch]          td613-flight-mobile-direct-layout-fix -> origin/td613-flight-mobile-direct-layout-fix
2026-10-09T15:26:30.9841320Z  * [new branch]          td613-flight-mobile-direct-layout-fix-v2 -> origin/td613-flight-mobile-direct-layout-fix-v2
2026-10-09T15:26:30.9841771Z  * [new branch]          td613-flight-mobile-final-overlay-drag-fix -> origin/td613-flight-mobile-final-overlay-drag-fix
2026-10-09T15:26:30.9842161Z  * [new branch]          td613-flight-mobile-lane-access-fix -> origin/td613-flight-mobile-lane-access-fix
2026-10-09T15:26:30.9842529Z  * [new branch]          td613-flight-mobile-navigation-cue -> origin/td613-flight-mobile-navigation-cue
2026-10-09T15:26:30.9842864Z  * [new branch]          td613-flight-mobile-output-fix -> origin/td613-flight-mobile-output-fix
2026-10-09T15:26:30.9843240Z  * [new branch]          td613-flight-pr71-swipe-drag-polish -> origin/td613-flight-pr71-swipe-drag-polish
2026-10-09T15:26:30.9843620Z  * [new branch]          td613-flight-swipe-left-overlay-fix -> origin/td613-flight-swipe-left-overlay-fix
2026-10-09T15:26:30.9844058Z  * [new branch]          td613/ash-explicit-profile-choice-20260910 -> origin/td613/ash-explicit-profile-choice-20260910
2026-10-09T15:26:30.9844880Z  * [new branch]          td613/ash-registry-settlement-20260910 -> origin/td613/ash-registry-settlement-20260910
2026-10-09T15:26:30.9845263Z  * [new branch]          td613/dollhouse-loom-audit-20260909 -> origin/td613/dollhouse-loom-audit-20260909
2026-10-09T15:26:30.9845664Z  * [new branch]          td613/gemini-discovery-custody-20260908 -> origin/td613/gemini-discovery-custody-20260908
2026-10-09T15:26:30.9846085Z  * [new branch]          td613/gemini-lifecycle-registry-20260908 -> origin/td613/gemini-lifecycle-registry-20260908
2026-10-09T15:26:30.9846535Z  * [new branch]          td613/gemini-observation-dispatch-20260908 -> origin/td613/gemini-observation-dispatch-20260908
2026-10-09T15:26:30.9846896Z  * [new branch]          td613/gemini-quality-pilot-20260908 -> origin/td613/gemini-quality-pilot-20260908
2026-10-09T15:26:30.9847308Z  * [new branch]          td613/gemini-quality-pilot-main-20260909 -> origin/td613/gemini-quality-pilot-main-20260909
2026-10-09T15:26:30.9847693Z  * [new branch]          td613/hush-routing-authority-20260908 -> origin/td613/hush-routing-authority-20260908
2026-10-09T15:26:30.9848057Z  * [new branch]          td613/loom-causal-theater-20260909 -> origin/td613/loom-causal-theater-20260909
2026-10-09T15:26:30.9848441Z  * [new branch]          td613/loom-live-ai-workspace-20260910 -> origin/td613/loom-live-ai-workspace-20260910
2026-10-09T15:26:30.9848898Z  * [new branch]          td613/loom-live-answer-presentation-20260910 -> origin/td613/loom-live-answer-presentation-20260910
2026-10-09T15:26:30.9849231Z  * [new branch]          td613/loom-living-room-20260910 -> origin/td613/loom-living-room-20260910
2026-10-09T15:26:30.9849617Z  * [new branch]          td613/loom-marrowline-clarity-20260910 -> origin/td613/loom-marrowline-clarity-20260910
2026-10-09T15:26:30.9849961Z  * [new branch]          td613/loom-return-prose-20260910 -> origin/td613/loom-return-prose-20260910
2026-10-09T15:26:30.9850363Z  * [new branch]          td613/loom-safer-copy-state-20260909 -> origin/td613/loom-safer-copy-state-20260909
2026-10-09T15:26:30.9850878Z  * [new branch]          td613/marrowline-living-chat-20260910 -> origin/td613/marrowline-living-chat-20260910
2026-10-09T15:26:30.9851344Z  * [new branch]          td613/marrowline-loom-frontier-zalgo-20260910 -> origin/td613/marrowline-loom-frontier-zalgo-20260910
2026-10-09T15:26:30.9851801Z  * [new branch]          td613/post-1077-final-stretch-handoff-20260908 -> origin/td613/post-1077-final-stretch-handoff-20260908
2026-10-09T15:26:30.9852361Z  * [new branch]          td613/postdeploy-ash-a13-zero-deploy-diagnostic-20260909 -> origin/td613/postdeploy-ash-a13-zero-deploy-diagnostic-20260909
2026-10-09T15:26:30.9852963Z  * [new branch]          td613/prevercel-safe-harbor-flowcore-independence-20260909 -> origin/td613/prevercel-safe-harbor-flowcore-independence-20260909
2026-10-09T15:26:30.9853316Z  * [new branch]          td613/release-retry-scope-20260910 -> origin/td613/release-retry-scope-20260910
2026-10-09T15:26:30.9853610Z  * [new branch]          tmp-test-ignore-branch  -> origin/tmp-test-ignore-branch
2026-10-09T15:26:30.9854081Z  * [new branch]          trial/marrowline-dollhouse-four-agent-20260918 -> origin/trial/marrowline-dollhouse-four-agent-20260918
2026-10-09T15:26:30.9854448Z  * [new branch]          ui-v15-redesign         -> origin/ui-v15-redesign
2026-10-09T15:26:30.9854918Z  * [new branch]          vercel/install-and-configure-vercel-s-jsrgje -> origin/vercel/install-and-configure-vercel-s-jsrgje
2026-10-09T15:26:30.9855365Z  * [new branch]          vercel/install-vercel-speed-insights-oe07t6 -> origin/vercel/install-vercel-speed-insights-oe07t6
2026-10-09T15:26:30.9855801Z  * [new branch]          vercel/install-vercel-web-analytics-cfx5qi -> origin/vercel/install-vercel-web-analytics-cfx5qi
2026-10-09T15:26:30.9856237Z  * [new branch]          vercel/install-vercel-web-analytics-trpn2n -> origin/vercel/install-vercel-web-analytics-trpn2n
2026-10-09T15:26:30.9856713Z  * [new branch]          webkit-convergence-gate-20260822 -> origin/webkit-convergence-gate-20260822
2026-10-09T15:26:30.9857350Z  * [new branch]          witness/a15-r0-action-evaluation-fiber-boolean-lattice-20260830 -> origin/witness/a15-r0-action-evaluation-fiber-boolean-lattice-20260830
2026-10-09T15:26:30.9857913Z  * [new branch]          witness/a15-r0-atlas-automorphism-lift-exactness-20260831 -> origin/witness/a15-r0-atlas-automorphism-lift-exactness-20260831
2026-10-09T15:26:30.9858688Z  * [new branch]          witness/a15-r0-atlas-capacity-vector-marked-2section-reconstruction-20260831 -> origin/witness/a15-r0-atlas-capacity-vector-marked-2section-reconstruction-20260831
2026-10-09T15:26:30.9859320Z  * [new branch]          witness/a15-r0-atlas-central-commutator-depth-collapse-20260830 -> origin/witness/a15-r0-atlas-central-commutator-depth-collapse-20260830
2026-10-09T15:26:30.9859882Z  * [new branch]          witness/a15-r0-atlas-commutator-pairing-geometry-20260830 -> origin/witness/a15-r0-atlas-commutator-pairing-geometry-20260830
2026-10-09T15:26:30.9860350Z  * [new branch]          witness/a15-r0-atlas-hnf-orbit-census-20260901 -> origin/witness/a15-r0-atlas-hnf-orbit-census-20260901
2026-10-09T15:26:30.9860958Z  * [new branch]          witness/a15-r0-atlas-hnf-output-basis-classification-20260901 -> origin/witness/a15-r0-atlas-hnf-output-basis-classification-20260901
2026-10-09T15:26:30.9861529Z  * [new branch]          witness/a15-r0-atlas-hnf-schubert-digit-bijection-20260901 -> origin/witness/a15-r0-atlas-hnf-schubert-digit-bijection-20260901
2026-10-09T15:26:30.9862140Z  * [new branch]          witness/a15-r0-atlas-holonomy-history-parity-quotient-20260830 -> origin/witness/a15-r0-atlas-holonomy-history-parity-quotient-20260830
2026-10-09T15:26:30.9862841Z  * [new branch]          witness/a15-r0-atlas-marginal-relational-incidence-separation-20260831 -> origin/witness/a15-r0-atlas-marginal-relational-incidence-separation-20260831
2026-10-09T15:26:30.9863541Z  * [new branch]          witness/a15-r0-atlas-marked-2section-reconstruction-exactness-20260831 -> origin/witness/a15-r0-atlas-marked-2section-reconstruction-exactness-20260831
2026-10-09T15:26:30.9864443Z  * [new branch]          witness/a15-r0-atlas-marked-overlap-concurrency-separation-20260831 -> origin/witness/a15-r0-atlas-marked-overlap-concurrency-separation-20260831
2026-10-09T15:26:30.9865166Z  * [new branch]          witness/a15-r0-atlas-matroidal-receiver-closure-basis-exchange-20260831 -> origin/witness/a15-r0-atlas-matroidal-receiver-closure-basis-exchange-20260831
2026-10-09T15:26:30.9865761Z  * [new branch]          witness/a15-r0-atlas-minimal-additive-receiver-rank-20260901 -> origin/witness/a15-r0-atlas-minimal-additive-receiver-rank-20260901
2026-10-09T15:26:30.9866381Z  * [new branch]          witness/a15-r0-atlas-minimal-faithful-receiver-closure-20260831 -> origin/witness/a15-r0-atlas-minimal-faithful-receiver-closure-20260831
2026-10-09T15:26:30.9867059Z  * [new branch]          witness/a15-r0-atlas-native-symmetry-receiver-stratification-20260831 -> origin/witness/a15-r0-atlas-native-symmetry-receiver-stratification-20260831
2026-10-09T15:26:30.9867712Z  * [new branch]          witness/a15-r0-atlas-nonabelian-two-loop-history-descent-20260830 -> origin/witness/a15-r0-atlas-nonabelian-two-loop-history-descent-20260830
2026-10-09T15:26:30.9868415Z  * [new branch]          witness/a15-r0-atlas-parametric-marked-2section-reconstruction-20260831 -> origin/witness/a15-r0-atlas-parametric-marked-2section-reconstruction-20260831
2026-10-09T15:26:30.9868998Z  * [new branch]          witness/a15-r0-atlas-prime-power-gaussian-binomial-20260901 -> origin/witness/a15-r0-atlas-prime-power-gaussian-binomial-20260901
2026-10-09T15:26:30.9869752Z  * [new branch]          witness/a15-r0-atlas-quadratic-refinement-extension-discrimination-20260831 -> origin/witness/a15-r0-atlas-quadratic-refinement-extension-discrimination-20260831
2026-10-09T15:26:30.9870384Z  * [new branch]          witness/a15-r0-atlas-quadratic-refinement-orbit-geometry-20260831 -> origin/witness/a15-r0-atlas-quadratic-refinement-orbit-geometry-20260831
2026-10-09T15:26:30.9871192Z  * [new branch]          witness/a15-r0-atlas-receiver-matroid-minors-fault-tolerance-20260831 -> origin/witness/a15-r0-atlas-receiver-matroid-minors-fault-tolerance-20260831
2026-10-09T15:26:30.9871820Z  * [new branch]          witness/a15-r0-atlas-relation-identity-custody-operator-20260902 -> origin/witness/a15-r0-atlas-relation-identity-custody-operator-20260902
2026-10-09T15:26:30.9872423Z  * [new branch]          witness/a15-r0-atlas-schubert-c2-palindromic-folding-20260902 -> origin/witness/a15-r0-atlas-schubert-c2-palindromic-folding-20260902
2026-10-09T15:26:30.9872941Z  * [new branch]          witness/a15-r0-atlas-schubert-closure-poset-20260901 -> origin/witness/a15-r0-atlas-schubert-closure-poset-20260901
2026-10-09T15:26:30.9873522Z  * [new branch]          witness/a15-r0-atlas-schubert-closure-poset-repair-20260901 -> origin/witness/a15-r0-atlas-schubert-closure-poset-repair-20260901
2026-10-09T15:26:30.9874080Z  * [new branch]          witness/a15-r0-atlas-schubert-gaussian-delannoy-20260901 -> origin/witness/a15-r0-atlas-schubert-gaussian-delannoy-20260901
2026-10-09T15:26:30.9875013Z  * [new branch]          witness/a15-r0-atlas-schubert-gaussian-delannoy-reciprocity-20260902 -> origin/witness/a15-r0-atlas-schubert-gaussian-delannoy-reciprocity-20260902
2026-10-09T15:26:30.9875645Z  * [new branch]          witness/a15-r0-atlas-schubert-gaussian-delannoy-repair-20260902 -> origin/witness/a15-r0-atlas-schubert-gaussian-delannoy-repair-20260902
2026-10-09T15:26:30.9876278Z  * [new branch]          witness/a15-r0-atlas-schubert-graded-cell-decomposition-20260901 -> origin/witness/a15-r0-atlas-schubert-graded-cell-decomposition-20260901
2026-10-09T15:26:30.9876811Z  * [new branch]          witness/a15-r0-atlas-schubert-mobius-delannoy-20260901 -> origin/witness/a15-r0-atlas-schubert-mobius-delannoy-20260901
2026-10-09T15:26:30.9877353Z  * [new branch]          witness/a15-r0-atlas-schubert-mobius-incidence-20260901 -> origin/witness/a15-r0-atlas-schubert-mobius-incidence-20260901
2026-10-09T15:26:30.9878123Z  * [new branch]          witness/a15-r0-atlas-schubert-palindromic-halfpath-orbit-20260902 -> origin/witness/a15-r0-atlas-schubert-palindromic-halfpath-orbit-20260902
2026-10-09T15:26:30.9878765Z  * [new branch]          witness/a15-r0-atlas-schubert-reciprocity-cyclic-sieving-20260902 -> origin/witness/a15-r0-atlas-schubert-reciprocity-cyclic-sieving-20260902
2026-10-09T15:26:30.9879401Z  * [new branch]          witness/a15-r0-atlas-stratified-receiver-irreducibility-20260901 -> origin/witness/a15-r0-atlas-stratified-receiver-irreducibility-20260901
2026-10-09T15:26:30.9880080Z  * [new branch]          witness/a15-r0-atlas-tutte-collision-incidence-moment-repair-20260831 -> origin/witness/a15-r0-atlas-tutte-collision-incidence-moment-repair-20260831
2026-10-09T15:26:30.9880670Z  * [new branch]          witness/a15-r0-atlas-tutte-collision-nonisomorphism-20260831 -> origin/witness/a15-r0-atlas-tutte-collision-nonisomorphism-20260831
2026-10-09T15:26:30.9881309Z  * [new branch]          witness/a15-r0-atlas-tutte-rank-generating-compression-20260831 -> origin/witness/a15-r0-atlas-tutte-rank-generating-compression-20260831
2026-10-09T15:26:30.9881941Z  * [new branch]          witness/a15-r0-atlas-unimodular-receiver-classification-20260901 -> origin/witness/a15-r0-atlas-unimodular-receiver-classification-20260901
2026-10-09T15:26:30.9882622Z  * [new branch]          witness/a15-r0-atlas-weighted-2section-mobius-reconstruction-20260901 -> origin/witness/a15-r0-atlas-weighted-2section-mobius-reconstruction-20260901
2026-10-09T15:26:30.9883355Z  * [new branch]          witness/a15-r0-blocker-duality-minimal-obstruction-reconstruction-20260830 -> origin/witness/a15-r0-blocker-duality-minimal-obstruction-reconstruction-20260830
2026-10-09T15:26:30.9883916Z  * [new branch]          witness/a15-r0-diagnostic-action-monoid-rank-gap-20260830 -> origin/witness/a15-r0-diagnostic-action-monoid-rank-gap-20260830
2026-10-09T15:26:30.9884997Z  * [new branch]          witness/a15-r0-finite-task-homotopy-amnesia-role-tomography-20260829 -> origin/witness/a15-r0-finite-task-homotopy-amnesia-role-tomography-20260829
2026-10-09T15:26:30.9885707Z  * [new branch]          witness/a15-r0-finite-topological-probe-separation-redundancy-20260829 -> origin/witness/a15-r0-finite-topological-probe-separation-redundancy-20260829
2026-10-09T15:26:30.9886315Z  * [new branch]          witness/a15-r0-golden-egg-coobservation-admissibility-20260902 -> origin/witness/a15-r0-golden-egg-coobservation-admissibility-20260902
2026-10-09T15:26:30.9886867Z  * [new branch]          witness/a15-r0-golden-egg-evidence-closure-nogo-20260902 -> origin/witness/a15-r0-golden-egg-evidence-closure-nogo-20260902
2026-10-09T15:26:30.9887474Z  * [new branch]          witness/a15-r0-golden-egg-metric-connection-reopening-20260902 -> origin/witness/a15-r0-golden-egg-metric-connection-reopening-20260902
2026-10-09T15:26:30.9888161Z  * [new branch]          witness/a15-r0-holonomy-loom-moss-lantern-discrete-transport-20260830 -> origin/witness/a15-r0-holonomy-loom-moss-lantern-discrete-transport-20260830
2026-10-09T15:26:30.9888794Z  * [new branch]          witness/a15-r0-loom-golden-egg-same-episode-acquisition-20260902 -> origin/witness/a15-r0-loom-golden-egg-same-episode-acquisition-20260902
2026-10-09T15:26:30.9889454Z  * [new branch]          witness/a15-r0-metric-cut-skeleton-topological-orientation-20260829 -> origin/witness/a15-r0-metric-cut-skeleton-topological-orientation-20260829
2026-10-09T15:26:30.9890109Z  * [new branch]          witness/a15-r0-moss-lantern-procedural-memory-order-defect-20260830 -> origin/witness/a15-r0-moss-lantern-procedural-memory-order-defect-20260830
2026-10-09T15:26:30.9890854Z  * [new branch]          witness/a15-r0-one-sided-continuation-two-sided-syntactic-recovery-20260830 -> origin/witness/a15-r0-one-sided-continuation-two-sided-syntactic-recovery-20260830
2026-10-09T15:26:30.9891609Z  * [new branch]          witness/a15-r0-orientation-fibre-symmetry-breaking-identifiability-20260829 -> origin/witness/a15-r0-orientation-fibre-symmetry-breaking-identifiability-20260829
2026-10-09T15:26:30.9892499Z  * [new branch]          witness/a15-r0-orientation-fibre-transport-opacity-erasure-robustness-20260830 -> origin/witness/a15-r0-orientation-fibre-transport-opacity-erasure-robustness-20260830
2026-10-09T15:26:30.9893064Z  * [new branch]          witness/a15-r0-prime-dual-declared-aperture-rest-20260830 -> origin/witness/a15-r0-prime-dual-declared-aperture-rest-20260830
2026-10-09T15:26:30.9893668Z  * [new branch]          witness/a15-r0-prime-dual-fixed-point-rest-normalizer-20260830 -> origin/witness/a15-r0-prime-dual-fixed-point-rest-normalizer-20260830
2026-10-09T15:26:30.9894478Z  * [new branch]          witness/a15-r0-topological-distinguishability-metric-amnesia-20260829 -> origin/witness/a15-r0-topological-distinguishability-metric-amnesia-20260829
2026-10-09T15:26:30.9895221Z  * [new branch]          witness/a15-r0-transport-separation-hypergraph-robust-multicover-20260830 -> origin/witness/a15-r0-transport-separation-hypergraph-robust-multicover-20260830
2026-10-09T15:26:30.9896183Z  * [new branch]          witness/a15-r0-transport-signature-quotient-robustness-preserving-witness-compression-20260830 -> origin/witness/a15-r0-transport-signature-quotient-robustness-preserving-witness-compression-20260830
2026-10-09T15:26:30.9896649Z  * [new branch]          witness/candidate-x-r3-egress-41112992-20261004 -> origin/witness/candidate-x-r3-egress-41112992-20261004
2026-10-09T15:26:30.9897113Z  * [new branch]          witness/candidate-x-r3-egress2-41112992-20261004 -> origin/witness/candidate-x-r3-egress2-41112992-20261004
2026-10-09T15:26:30.9897674Z  * [new branch]          witness/dollhouse-atlas-fadt-operational-agents-20260909 -> origin/witness/dollhouse-atlas-fadt-operational-agents-20260909
2026-10-09T15:26:30.9898273Z  * [new branch]          witness/dollhouse-atlas-fadt-operational-agents-20260909-v2 -> origin/witness/dollhouse-atlas-fadt-operational-agents-20260909-v2
2026-10-09T15:26:30.9898940Z  * [new branch]          witness/r3-execution-candidate-x-582a1f04-20261005 -> origin/witness/r3-execution-candidate-x-582a1f04-20261005
2026-10-09T15:26:30.9899431Z  * [new branch]          witness/sequence-5-postexecution-egress-20261005 -> origin/witness/sequence-5-postexecution-egress-20261005
2026-10-09T15:26:30.9899873Z  * [new branch]          work/first-use-payoff-reliability-20260913 -> origin/work/first-use-payoff-reliability-20260913
2026-10-09T15:26:30.9900398Z  * [new branch]          zz/dollhouse-atlas-fadt-operational-agents-20260909 -> origin/zz/dollhouse-atlas-fadt-operational-agents-20260909
2026-10-09T15:26:30.9900666Z  * [new ref]             14e10d57c4f375568167abbf52269c32fcdcb0ca -> pull/1438/merge
2026-10-09T15:26:30.9901743Z ##[endgroup]
2026-10-09T15:26:30.9902119Z ##[group]Determining the checkout info
2026-10-09T15:26:30.9902460Z ##[endgroup]
2026-10-09T15:26:30.9902664Z [command]/usr/bin/git sparse-checkout disable
2026-10-09T15:26:30.9903332Z [command]/usr/bin/git config --local --unset-all extensions.worktreeConfig
2026-10-09T15:26:30.9904108Z ##[group]Checking out the ref
2026-10-09T15:26:30.9904542Z [command]/usr/bin/git checkout --progress --force refs/remotes/pull/1438/merge
2026-10-09T15:26:32.1131935Z Updating files:  29% (2991/10092)
2026-10-09T15:26:32.1327857Z Updating files:  30% (3028/10092)
2026-10-09T15:26:32.1526233Z Updating files:  31% (3129/10092)
2026-10-09T15:26:32.1729820Z Updating files:  32% (3230/10092)
2026-10-09T15:26:32.1935575Z Updating files:  33% (3331/10092)
2026-10-09T15:26:32.2132256Z Updating files:  34% (3432/10092)
2026-10-09T15:26:32.2342614Z Updating files:  35% (3533/10092)
2026-10-09T15:26:32.2548889Z Updating files:  36% (3634/10092)
2026-10-09T15:26:32.2761541Z Updating files:  37% (3735/10092)
2026-10-09T15:26:32.2947526Z Updating files:  38% (3835/10092)
2026-10-09T15:26:32.3025018Z Updating files:  39% (3936/10092)
2026-10-09T15:26:32.3105148Z Updating files:  40% (4037/10092)
2026-10-09T15:26:32.3183564Z Updating files:  41% (4138/10092)
2026-10-09T15:26:32.3264565Z Updating files:  42% (4239/10092)
2026-10-09T15:26:32.3383297Z Updating files:  43% (4340/10092)
2026-10-09T15:26:32.3491250Z Updating files:  44% (4441/10092)
2026-10-09T15:26:32.3602437Z Updating files:  45% (4542/10092)
2026-10-09T15:26:32.3713945Z Updating files:  46% (4643/10092)
2026-10-09T15:26:32.3823184Z Updating files:  47% (4744/10092)
2026-10-09T15:26:32.3934953Z Updating files:  48% (4845/10092)
2026-10-09T15:26:32.4044466Z Updating files:  49% (4946/10092)
2026-10-09T15:26:32.4153235Z Updating files:  50% (5046/10092)
2026-10-09T15:26:32.4258540Z Updating files:  51% (5147/10092)
2026-10-09T15:26:32.4358958Z Updating files:  52% (5248/10092)
2026-10-09T15:26:32.4456686Z Updating files:  53% (5349/10092)
2026-10-09T15:26:32.4558223Z Updating files:  54% (5450/10092)
2026-10-09T15:26:32.4663390Z Updating files:  55% (5551/10092)
2026-10-09T15:26:32.4755163Z Updating files:  56% (5652/10092)
2026-10-09T15:26:32.4810111Z Updating files:  57% (5753/10092)
2026-10-09T15:26:32.4849768Z Updating files:  58% (5854/10092)
2026-10-09T15:26:32.4887381Z Updating files:  59% (5955/10092)
2026-10-09T15:26:32.4926711Z Updating files:  60% (6056/10092)
2026-10-09T15:26:32.4966862Z Updating files:  61% (6157/10092)
2026-10-09T15:26:32.5087288Z Updating files:  62% (6258/10092)
2026-10-09T15:26:32.5144612Z Updating files:  63% (6358/10092)
2026-10-09T15:26:32.5201031Z Updating files:  64% (6459/10092)
2026-10-09T15:26:32.5247680Z Updating files:  65% (6560/10092)
2026-10-09T15:26:32.5296078Z Updating files:  66% (6661/10092)
2026-10-09T15:26:32.5347289Z Updating files:  67% (6762/10092)
2026-10-09T15:26:32.5396928Z Updating files:  68% (6863/10092)
2026-10-09T15:26:32.5461748Z Updating files:  69% (6964/10092)
2026-10-09T15:26:32.5611463Z Updating files:  70% (7065/10092)
2026-10-09T15:26:32.5669699Z Updating files:  71% (7166/10092)
2026-10-09T15:26:32.5712473Z Updating files:  72% (7267/10092)
2026-10-09T15:26:32.5753032Z Updating files:  73% (7368/10092)
2026-10-09T15:26:32.5795232Z Updating files:  74% (7469/10092)
2026-10-09T15:26:32.5838293Z Updating files:  75% (7569/10092)
2026-10-09T15:26:32.5913140Z Updating files:  76% (7670/10092)
2026-10-09T15:26:32.5990563Z Updating files:  77% (7771/10092)
2026-10-09T15:26:32.6062757Z Updating files:  78% (7872/10092)
2026-10-09T15:26:32.6128314Z Updating files:  79% (7973/10092)
2026-10-09T15:26:32.6201155Z Updating files:  80% (8074/10092)
2026-10-09T15:26:32.6274692Z Updating files:  81% (8175/10092)
2026-10-09T15:26:32.6356957Z Updating files:  82% (8276/10092)
2026-10-09T15:26:32.6474558Z Updating files:  83% (8377/10092)
2026-10-09T15:26:32.6693531Z Updating files:  84% (8478/10092)
2026-10-09T15:26:32.6958450Z Updating files:  85% (8579/10092)
2026-10-09T15:26:32.7046112Z Updating files:  86% (8680/10092)
2026-10-09T15:26:32.7894643Z Updating files:  87% (8781/10092)
2026-10-09T15:26:32.7970151Z Updating files:  88% (8881/10092)
2026-10-09T15:26:32.8036955Z Updating files:  89% (8982/10092)
2026-10-09T15:26:32.8114399Z Updating files:  90% (9083/10092)
2026-10-09T15:26:32.8192939Z Updating files:  91% (9184/10092)
2026-10-09T15:26:32.8250245Z Updating files:  92% (9285/10092)
2026-10-09T15:26:32.8316025Z Updating files:  93% (9386/10092)
2026-10-09T15:26:32.8435372Z Updating files:  94% (9487/10092)
2026-10-09T15:26:32.8508803Z Updating files:  95% (9588/10092)
2026-10-09T15:26:32.8562398Z Updating files:  96% (9689/10092)
2026-10-09T15:26:32.8615861Z Updating files:  97% (9790/10092)
2026-10-09T15:26:32.8701308Z Updating files:  98% (9891/10092)
2026-10-09T15:26:32.8892109Z Updating files:  99% (9992/10092)
2026-10-09T15:26:32.9090098Z Updating files:  99% (10087/10092)
2026-10-09T15:26:32.9090713Z Updating files: 100% (10092/10092)
2026-10-09T15:26:32.9226648Z Updating files: 100% (10092/10092), done.
2026-10-09T15:26:32.9227266Z Note: switching to 'refs/remotes/pull/1438/merge'.
2026-10-09T15:26:32.9228137Z 
2026-10-09T15:26:32.9228581Z You are in 'detached HEAD' state. You can look around, make experimental
2026-10-09T15:26:32.9229320Z changes and commit them, and you can discard any commits you make in this
2026-10-09T15:26:32.9230403Z state without impacting any branches by switching back to a branch.
2026-10-09T15:26:32.9230833Z 
2026-10-09T15:26:32.9231117Z If you want to create a new branch to retain commits you create, you may
2026-10-09T15:26:32.9231798Z do so (now or later) by using -c with the switch command. Example:
2026-10-09T15:26:32.9232184Z 
2026-10-09T15:26:32.9232341Z   git switch -c <new-branch-name>
2026-10-09T15:26:32.9232600Z 
2026-10-09T15:26:32.9232739Z Or undo this operation with:
2026-10-09T15:26:32.9232976Z 
2026-10-09T15:26:32.9233098Z   git switch -
2026-10-09T15:26:32.9233278Z 
2026-10-09T15:26:32.9233592Z Turn off this advice by setting config variable advice.detachedHead to false
2026-10-09T15:26:32.9234062Z 
2026-10-09T15:26:32.9235217Z HEAD is now at 14e10d57c Merge 93e813186c915cd1dbf78387f1fb226c82aa9e2a into 8d57bdfcd69cff9c5760cd001549197f3180c00a
2026-10-09T15:26:32.9982183Z ##[endgroup]
2026-10-09T15:26:33.0034561Z [command]/usr/bin/git log -1 --format=%H
2026-10-09T15:26:33.0061443Z 14e10d57c4f375568167abbf52269c32fcdcb0ca
2026-10-09T15:26:33.0328289Z ##[group]Run actions/setup-node@v4
2026-10-09T15:26:33.0328582Z with:
2026-10-09T15:26:33.0328791Z   node-version: 22
2026-10-09T15:26:33.0329005Z   cache: npm
2026-10-09T15:26:33.0329212Z   always-auth: false
2026-10-09T15:26:33.0329429Z   check-latest: false
2026-10-09T15:26:33.0332063Z   token: ***
2026-10-09T15:26:33.0332273Z env:
2026-10-09T15:26:33.0332511Z   NODE_VERSION: 22
2026-10-09T15:26:33.0332739Z   PYTHON_VERSION: 3.12
2026-10-09T15:26:33.0332974Z   PLAYWRIGHT_VERSION: 1.53.2
2026-10-09T15:26:33.0333229Z ##[endgroup]
2026-10-09T15:26:33.2252896Z Found in cache @ /opt/hostedtoolcache/node/22.23.3/x64
2026-10-09T15:26:33.2264448Z (node:2346) [DEP0040] DeprecationWarning: The `punycode` module is deprecated. Please use a userland alternative instead.
2026-10-09T15:26:33.2266188Z ##[group]Environment details
2026-10-09T15:26:33.2266969Z (Use `node --trace-deprecation ...` to show where the warning was created)
2026-10-09T15:26:35.8073110Z node: v22.23.3
2026-10-09T15:26:35.8073465Z npm: 10.9.9
2026-10-09T15:26:35.8073657Z yarn: 1.22.22
2026-10-09T15:26:35.8075367Z ##[endgroup]
2026-10-09T15:26:35.8095629Z [command]/opt/hostedtoolcache/node/22.23.3/x64/bin/npm config get cache
2026-10-09T15:26:36.1070097Z /home/runner/.npm
2026-10-09T15:26:36.3729635Z Cache hit for: node-cache-Linux-x64-npm-a3ecce8edd320ef3aab7377696bf20f8c58168e2d752f7260bb44885fb6eb10c
2026-10-09T15:26:36.3833080Z (node:2346) [DEP0169] DeprecationWarning: `url.parse()` behavior is not standardized and prone to errors that have security implications. Use the WHATWG URL API instead. CVEs are not issued for `url.parse()` vulnerabilities.
2026-10-09T15:26:37.6122361Z Received 3913292 of 3913292 (100.0%), 4.0 MBs/sec
2026-10-09T15:26:37.6122931Z Cache Size: ~4 MB (3913292 B)
2026-10-09T15:26:37.6150131Z [command]/usr/bin/tar -xf /home/runner/work/_temp/61f286b1-a105-4eb6-b721-5ef2a6b89bbc/cache.tzst -P -C /home/runner/work/TD613-TCP/TD613-TCP --use-compress-program unzstd
2026-10-09T15:26:37.6369668Z Cache restored successfully
2026-10-09T15:26:37.6376152Z Cache restored from key: node-cache-Linux-x64-npm-a3ecce8edd320ef3aab7377696bf20f8c58168e2d752f7260bb44885fb6eb10c
2026-10-09T15:26:37.6559910Z ##[group]Run actions/setup-python@v5
2026-10-09T15:26:37.6560211Z with:
2026-10-09T15:26:37.6560413Z   python-version: 3.12
2026-10-09T15:26:37.6560647Z   check-latest: false
2026-10-09T15:26:37.6563207Z   token: ***
2026-10-09T15:26:37.6563430Z   update-environment: true
2026-10-09T15:26:37.6563689Z   allow-prereleases: false
2026-10-09T15:26:37.6563927Z   freethreaded: false
2026-10-09T15:26:37.6564139Z env:
2026-10-09T15:26:37.6564676Z   NODE_VERSION: 22
2026-10-09T15:26:37.6564916Z   PYTHON_VERSION: 3.12
2026-10-09T15:26:37.6565162Z   PLAYWRIGHT_VERSION: 1.53.2
2026-10-09T15:26:37.6565421Z ##[endgroup]
2026-10-09T15:26:37.7952181Z ##[group]Installed versions
2026-10-09T15:26:37.8063264Z (node:2397) [DEP0040] DeprecationWarning: The `punycode` module is deprecated. Please use a userland alternative instead.
2026-10-09T15:26:37.8065039Z (Use `node --trace-deprecation ...` to show where the warning was created)
2026-10-09T15:26:37.8065635Z Successfully set up CPython (3.12.15)
2026-10-09T15:26:37.8066201Z ##[endgroup]
2026-10-09T15:26:37.8216798Z ##[group]Run npm ci
2026-10-09T15:26:37.8217111Z [36;1mnpm ci[0m
2026-10-09T15:26:37.8217470Z [36;1mpython -m pip install --disable-pip-version-check pytest sympy[0m
2026-10-09T15:26:37.8566618Z shell: /usr/bin/bash -e {0}
2026-10-09T15:26:37.8566986Z env:
2026-10-09T15:26:37.8567259Z   NODE_VERSION: 22
2026-10-09T15:26:37.8567550Z   PYTHON_VERSION: 3.12
2026-10-09T15:26:37.8567854Z   PLAYWRIGHT_VERSION: 1.53.2
2026-10-09T15:26:37.8568264Z   pythonLocation: /opt/hostedtoolcache/Python/3.12.15/x64
2026-10-09T15:26:37.8568883Z   PKG_CONFIG_PATH: /opt/hostedtoolcache/Python/3.12.15/x64/lib/pkgconfig
2026-10-09T15:26:37.8569471Z   Python_ROOT_DIR: /opt/hostedtoolcache/Python/3.12.15/x64
2026-10-09T15:26:37.8569991Z   Python2_ROOT_DIR: /opt/hostedtoolcache/Python/3.12.15/x64
2026-10-09T15:26:37.8570515Z   Python3_ROOT_DIR: /opt/hostedtoolcache/Python/3.12.15/x64
2026-10-09T15:26:37.8571048Z   LD_LIBRARY_PATH: /opt/hostedtoolcache/Python/3.12.15/x64/lib
2026-10-09T15:26:37.8571550Z ##[endgroup]
2026-10-09T15:26:41.5647328Z 
2026-10-09T15:26:41.5647934Z > td613-tcp@1.0.0 prepare
2026-10-09T15:26:41.5648671Z > node scripts/configure-git-hooks.mjs
2026-10-09T15:26:41.5649002Z 
2026-10-09T15:26:41.6113816Z 
2026-10-09T15:26:41.6114849Z added 41 packages, and audited 42 packages in 4s
2026-10-09T15:26:41.6115204Z 
2026-10-09T15:26:41.6115415Z 8 packages are looking for funding
2026-10-09T15:26:41.6115916Z   run `npm fund` for details
2026-10-09T15:26:41.6131576Z 
2026-10-09T15:26:41.6131908Z 1 high severity vulnerability
2026-10-09T15:26:41.6132430Z 
2026-10-09T15:26:41.6132611Z To address all issues, run:
2026-10-09T15:26:41.6132948Z   npm audit fix
2026-10-09T15:26:41.6133118Z 
2026-10-09T15:26:41.6133279Z Run `npm audit` for details.
2026-10-09T15:26:42.4225634Z Collecting pytest
2026-10-09T15:26:42.4787011Z   Downloading pytest-9.1.1-py3-none-any.whl.metadata (7.6 kB)
2026-10-09T15:26:42.5108352Z Collecting sympy
2026-10-09T15:26:42.5173989Z   Downloading sympy-1.14.0-py3-none-any.whl.metadata (12 kB)
2026-10-09T15:26:42.5345125Z Collecting iniconfig>=1.0.1 (from pytest)
2026-10-09T15:26:42.5406957Z   Downloading iniconfig-2.3.1-py3-none-any.whl.metadata (2.8 kB)
2026-10-09T15:26:42.5581246Z Collecting packaging>=22 (from pytest)
2026-10-09T15:26:42.5647156Z   Downloading packaging-26.3-py3-none-any.whl.metadata (3.5 kB)
2026-10-09T15:26:42.5793266Z Collecting pluggy<2,>=1.5 (from pytest)
2026-10-09T15:26:42.5871397Z   Downloading pluggy-1.6.0-py3-none-any.whl.metadata (4.8 kB)
2026-10-09T15:26:42.6084179Z Collecting pygments>=2.7.2 (from pytest)
2026-10-09T15:26:42.6149318Z   Downloading pygments-2.21.0-py3-none-any.whl.metadata (2.5 kB)
2026-10-09T15:26:42.6314404Z Collecting mpmath<1.4,>=1.1.0 (from sympy)
2026-10-09T15:26:42.6378350Z   Downloading mpmath-1.3.0-py3-none-any.whl.metadata (8.6 kB)
2026-10-09T15:26:42.6491666Z Downloading pytest-9.1.1-py3-none-any.whl (386 kB)
2026-10-09T15:26:42.6740151Z Downloading pluggy-1.6.0-py3-none-any.whl (20 kB)
2026-10-09T15:26:42.6834289Z Downloading sympy-1.14.0-py3-none-any.whl (6.3 MB)
2026-10-09T15:26:42.7266678Z    ━━━━━━━━━━━━━━━━━━━━━━━━━━━━━━━━━━━━━━━━ 6.3/6.3 MB 166.4 MB/s  0:00:00
2026-10-09T15:26:42.7332026Z Downloading mpmath-1.3.0-py3-none-any.whl (536 kB)
2026-10-09T15:26:42.7380786Z    ━━━━━━━━━━━━━━━━━━━━━━━━━━━━━━━━━━━━━━━━ 536.2/536.2 kB 108.2 MB/s  0:00:00
2026-10-09T15:26:42.7445374Z Downloading iniconfig-2.3.1-py3-none-any.whl (7.6 kB)
2026-10-09T15:26:42.7527144Z Downloading packaging-26.3-py3-none-any.whl (129 kB)
2026-10-09T15:26:42.7609843Z Downloading pygments-2.21.0-py3-none-any.whl (1.3 MB)
2026-10-09T15:26:42.7676590Z    ━━━━━━━━━━━━━━━━━━━━━━━━━━━━━━━━━━━━━━━━ 1.3/1.3 MB 220.0 MB/s  0:00:00
2026-10-09T15:26:42.8505598Z Installing collected packages: mpmath, sympy, pygments, pluggy, packaging, iniconfig, pytest
2026-10-09T15:26:50.4638984Z 
2026-10-09T15:26:50.4653781Z Successfully installed iniconfig-2.3.1 mpmath-1.3.0 packaging-26.3 pluggy-1.6.0 pygments-2.21.0 pytest-9.1.1 sympy-1.14.0
2026-10-09T15:26:50.5196963Z ##[group]Run node tests/workflow-estate.test.mjs
2026-10-09T15:26:50.5197438Z [36;1mnode tests/workflow-estate.test.mjs[0m
2026-10-09T15:26:50.5197803Z [36;1mnode tests/ash-eviction-retirement.test.mjs[0m
2026-10-09T15:26:50.5198151Z [36;1mnode tests/tcp-smoke.test.mjs[0m
2026-10-09T15:26:50.5198768Z [36;1mnode --test tests/loom-observer-channel.test.mjs tests/loom-observer-chamber.test.mjs tests/loom-targeted-ux.test.mjs[0m
2026-10-09T15:26:50.5199472Z [36;1mnode --test tests/marrowline-fire-gate-pedagogue.test.mjs[0m
2026-10-09T15:26:50.5200112Z [36;1mnode scripts/run-pedagogue-design-gate.mjs tests/fixtures/pedagogue/loom-observer-chamber-design.json[0m
2026-10-09T15:26:50.5200709Z [36;1mnode tests/release-manifest.test.mjs[0m
2026-10-09T15:26:50.5201030Z [36;1mnode tests/docs-surface.test.mjs[0m
2026-10-09T15:26:50.5201353Z [36;1mnode tests/release-hardening.test.mjs[0m
2026-10-09T15:26:50.5201699Z [36;1mnode tests/vercel-deploy-hygiene.test.mjs[0m
2026-10-09T15:26:50.5202119Z [36;1mnode tests/vercel-operator-release-gate.test.mjs[0m
2026-10-09T15:26:50.5202497Z [36;1mnode tests/vercel-relock-safety.test.mjs[0m
2026-10-09T15:26:50.5202833Z [36;1mnode tests/release-plumbing.test.mjs[0m
2026-10-09T15:26:50.5203189Z [36;1mnode --check scripts/loom-production-canary.mjs[0m
2026-10-09T15:26:50.5203601Z [36;1mnode tests/loom-production-canary-isolation.test.mjs[0m
2026-10-09T15:26:50.5203988Z [36;1mnode tests/gemini-model-policy.test.mjs[0m
2026-10-09T15:26:50.5204725Z [36;1mnode --test tests/marrowline-discovery-fragment-recovery.test.mjs[0m
2026-10-09T15:26:50.5205784Z [36;1mnode --test tests/gemini-provider-quota-scope.test.mjs tests/marrowline-quota-evidence.test.mjs tests/marrowline-five-seat-frontier-cascade.test.mjs[0m
2026-10-09T15:26:50.5206567Z [36;1mnode tests/gemini-lifecycle-admission.test.mjs[0m
2026-10-09T15:26:50.5206955Z [36;1mnode tests/hush-gemini-quality-router.test.mjs[0m
2026-10-09T15:26:50.5207364Z [36;1mnode --test tests/marrowline-user-envelope.test.mjs[0m
2026-10-09T15:26:50.5207788Z [36;1mnode tests/khonapolit-gemini-quality-router.test.mjs[0m
2026-10-09T15:26:50.5208232Z [36;1mnode --check app/dome-world/marrowline-episode-witness.js[0m
2026-10-09T15:26:50.5208675Z [36;1mnode --test tests/marrowline-episode-witness.test.mjs[0m
2026-10-09T15:26:50.5209964Z [36;1mnode --test tests/marrowline-native-prosody.test.mjs tests/marrowline-response-quality-contract.test.mjs tests/khonapolit-relay.test.mjs tests/marrowline-terminal-continuation.test.mjs tests/marrowline-attachment-quality.test.mjs tests/marrowline-emergency-completion.test.mjs[0m
2026-10-09T15:26:50.5211225Z [36;1mnode tests/hush-routing-authority.test.mjs[0m
2026-10-09T15:26:50.5211593Z [36;1mnode tests/hush-speech-act-custody.test.mjs[0m
2026-10-09T15:26:50.5211993Z [36;1mnode tests/hush-strict-provider-integrity.test.mjs[0m
2026-10-09T15:26:50.5212393Z [36;1mnode tests/hush-backend-prompt-detox.test.mjs[0m
2026-10-09T15:26:50.5212814Z [36;1mnode tests/hush-phase34-expressive-generation.test.mjs[0m
2026-10-09T15:26:50.5213241Z [36;1mnode tests/gemini-model-discovery.test.mjs[0m
2026-10-09T15:26:50.5213627Z [36;1mnode tests/gemini-observation-dispatch.test.mjs[0m
2026-10-09T15:26:50.5214008Z [36;1mnode tests/gemini-quality-pilot.test.mjs[0m
2026-10-09T15:26:50.5214718Z [36;1mnode tests/product-architecture/shell.test.mjs[0m
2026-10-09T15:26:50.5215101Z [36;1mnode tests/giving-validation-scope.test.mjs[0m
2026-10-09T15:26:50.5280885Z shell: /usr/bin/bash -e {0}
2026-10-09T15:26:50.5281150Z env:
2026-10-09T15:26:50.5281358Z   NODE_VERSION: 22
2026-10-09T15:26:50.5281591Z   PYTHON_VERSION: 3.12
2026-10-09T15:26:50.5281833Z   PLAYWRIGHT_VERSION: 1.53.2
2026-10-09T15:26:50.5282156Z   pythonLocation: /opt/hostedtoolcache/Python/3.12.15/x64
2026-10-09T15:26:50.5282612Z   PKG_CONFIG_PATH: /opt/hostedtoolcache/Python/3.12.15/x64/lib/pkgconfig
2026-10-09T15:26:50.5283061Z   Python_ROOT_DIR: /opt/hostedtoolcache/Python/3.12.15/x64
2026-10-09T15:26:50.5283640Z   Python2_ROOT_DIR: /opt/hostedtoolcache/Python/3.12.15/x64
2026-10-09T15:26:50.5284060Z   Python3_ROOT_DIR: /opt/hostedtoolcache/Python/3.12.15/x64
2026-10-09T15:26:50.5284662Z   LD_LIBRARY_PATH: /opt/hostedtoolcache/Python/3.12.15/x64/lib
2026-10-09T15:26:50.5285005Z ##[endgroup]
2026-10-09T15:26:50.5860325Z Workflow estate closed at 4/4 durable workflows: validation, release, relock/research safety, and Pages remain authority-distinct.
2026-10-09T15:26:50.6202250Z ash-eviction-retirement.test.mjs passed: site epoch is sole stale-client eviction authority
2026-10-09T15:26:50.6897838Z td613-flight-desktop-clipboard tests passed
2026-10-09T15:26:51.1157140Z giving-pedagogue-hydration.test.mjs passed: ESM syntax, single-entry practice runtime, expanded fictional graph, transaction classes, source-value preservation, negative-space alignment, contributor handoff, and Pedagogue contrasts remain bounded.
2026-10-09T15:26:51.1555839Z giving-source-budget-hotfix.test.mjs passed
2026-10-09T15:26:51.1754224Z {
2026-10-09T15:26:51.1754779Z   "schema": "td613.pedagogue-second-pass-receipt/v0.1",
2026-10-09T15:26:51.1755266Z   "design_id": "giving-discovery-handoff-route-memory",
2026-10-09T15:26:51.1755783Z   "surface_reference": "Giving/Individual Contributor prepared handoff",
2026-10-09T15:26:51.1756195Z   "phases": [
2026-10-09T15:26:51.1756409Z     "NOTICE",
2026-10-09T15:26:51.1756605Z     "ACT",
2026-10-09T15:26:51.1756815Z     "WORLD_ANSWERS",
2026-10-09T15:26:51.1757034Z     "NAME",
2026-10-09T15:26:51.1757224Z     "REST"
2026-10-09T15:26:51.1757650Z   ],
2026-10-09T15:26:51.1758038Z   "burden_delta_millipoints": {
2026-10-09T15:26:51.1758963Z     "FIELD_COUNT_BASELINE": -63,
2026-10-09T15:26:51.1759424Z     "DEPENDENCY_COUNT": -234,
2026-10-09T15:26:51.1759923Z     "AIA_TRANSPORT_SURROGATE": -150,
2026-10-09T15:26:51.1760675Z     "HETEROSTRATIGRAPHIC_EXTENSION": -44
2026-10-09T15:26:51.1761182Z   },
2026-10-09T15:26:51.1761942Z   "improved_model_count": 4,
2026-10-09T15:26:51.1762815Z   "route_history_explicit": true,
2026-10-09T15:26:51.1764140Z   "aia_invariants_preserved": true,
2026-10-09T15:26:51.1765258Z   "authority_transferred": false,
2026-10-09T15:26:51.1766074Z   "automatic_redesign_forbidden": true,
2026-10-09T15:26:51.1766869Z   "human_closure_required": true,
2026-10-09T15:26:51.1767568Z   "status": "PASS"
2026-10-09T15:26:51.1768181Z }
2026-10-09T15:26:51.1770815Z giving-fec-boundary-page.test.mjs passed: FEC returns one bounded provider page per explicit gesture, exact-name retrieval uses the smaller 50-row browser boundary, continuation remains explicit, and Pedagogue route-memory stays witnessed.
2026-10-09T15:26:51.1811045Z TCP smoke passed: static surfaces, Flight sentinels, stable Safe Harbor desktop cockpit, hard Sign Out, and Mac renderer bridge are intact.
2026-10-09T15:26:51.2516869Z TAP version 13
2026-10-09T15:26:52.5268664Z # Subtest: mounting is inert, explicit calculation stays fictional and rest clears the result
2026-10-09T15:26:52.5295692Z ok 1 - mounting is inert, explicit calculation stays fictional and rest clears the result
2026-10-09T15:26:52.5302971Z   ---
2026-10-09T15:26:52.5303685Z   duration_ms: 138.289149
2026-10-09T15:26:52.5304695Z   type: 'test'
2026-10-09T15:26:52.5305314Z   ...
2026-10-09T15:26:52.5306339Z # Subtest: changed observers invalidate the old result and joining exposes parity
2026-10-09T15:26:52.5307750Z ok 2 - changed observers invalidate the old result and joining exposes parity
2026-10-09T15:26:52.5308703Z   ---
2026-10-09T15:26:52.5309281Z   duration_ms: 44.979529
2026-10-09T15:26:52.5309919Z   type: 'test'
2026-10-09T15:26:52.5310483Z   ...
2026-10-09T15:26:52.5311532Z # Subtest: missing capture is HELD in the visible primary table, with subview scope retained
2026-10-09T15:26:52.5313017Z ok 3 - missing capture is HELD in the visible primary table, with subview scope retained
2026-10-09T15:26:52.5314160Z   ---
2026-10-09T15:26:52.5315029Z   duration_ms: 22.458821
2026-10-09T15:26:52.5315470Z   type: 'test'
2026-10-09T15:26:52.5315824Z   ...
2026-10-09T15:26:52.5317051Z # Subtest: every declared case renders, and case change clears stale calculations
2026-10-09T15:26:52.5318207Z ok 4 - every declared case renders, and case change clears stale calculations
2026-10-09T15:26:52.5318927Z   ---
2026-10-09T15:26:52.5319294Z   duration_ms: 52.799333
2026-10-09T15:26:52.5319718Z   type: 'test'
2026-10-09T15:26:52.5320075Z   ...
2026-10-09T15:26:52.5320986Z # Subtest: fixture isolates the bounded chamber and its module has no transport or storage imports
2026-10-09T15:26:52.5322369Z ok 5 - fixture isolates the bounded chamber and its module has no transport or storage imports
2026-10-09T15:26:52.5323194Z   ---
2026-10-09T15:26:52.5323544Z   duration_ms: 212.368824
2026-10-09T15:26:52.5323953Z   type: 'test'
2026-10-09T15:26:52.5324545Z   ...
2026-10-09T15:26:52.5795896Z # Subtest: baseline disclosure survives zero incremental leakage
2026-10-09T15:26:52.5796939Z ok 6 - baseline disclosure survives zero incremental leakage
2026-10-09T15:26:52.5797569Z   ---
2026-10-09T15:26:52.5798032Z   duration_ms: 2.626038
2026-10-09T15:26:52.5798469Z   type: 'test'
2026-10-09T15:26:52.5798845Z   ...
2026-10-09T15:26:52.5825764Z # Subtest: length reveals the bit despite identical lawful answers; scoped text alone does not
2026-10-09T15:26:52.5849793Z ok 7 - length reveals the bit despite identical lawful answers; scoped text alone does not
2026-10-09T15:26:52.5850629Z   ---
2026-10-09T15:26:52.5851069Z   duration_ms: 1.029254
2026-10-09T15:26:52.5851462Z   type: 'test'
2026-10-09T15:26:52.5851801Z   ...
2026-10-09T15:26:52.5852559Z # Subtest: every proper parity subset hides the secret but its triple reveals it
2026-10-09T15:26:52.5854054Z ok 8 - every proper parity subset hides the secret but its triple reveals it
2026-10-09T15:26:52.5854977Z   ---
2026-10-09T15:26:52.5855324Z   duration_ms: 2.878911
2026-10-09T15:26:52.5855717Z   type: 'test'
2026-10-09T15:26:52.5856048Z   ...
2026-10-09T15:26:52.5856667Z # Subtest: negative signed excess cannot become a privacy verdict
2026-10-09T15:26:52.5857575Z ok 9 - negative signed excess cannot become a privacy verdict
2026-10-09T15:26:52.5858154Z   ---
2026-10-09T15:26:52.5858485Z   duration_ms: 0.752056
2026-10-09T15:26:52.5858866Z   type: 'test'
2026-10-09T15:26:52.5859196Z   ...
2026-10-09T15:26:52.5859950Z # Subtest: missing capture preserves only a labeled subview, never a complete zero
2026-10-09T15:26:52.5861090Z ok 10 - missing capture preserves only a labeled subview, never a complete zero
2026-10-09T15:26:52.5861782Z   ---
2026-10-09T15:26:52.5862112Z   duration_ms: 0.613737
2026-10-09T15:26:52.5862491Z   type: 'test'
2026-10-09T15:26:52.5862830Z   ...
2026-10-09T15:26:52.5863691Z # Subtest: permitted projection does not fabricate prior knowledge; hiding it costs task utility
2026-10-09T15:26:52.5865221Z ok 11 - permitted projection does not fabricate prior knowledge; hiding it costs task utility
2026-10-09T15:26:52.5866006Z   ---
2026-10-09T15:26:52.5882145Z   duration_ms: 0.464779
2026-10-09T15:26:52.5882570Z   type: 'test'
2026-10-09T15:26:52.5882928Z   ...
2026-10-09T15:26:52.5883764Z # Subtest: biased populations use declared mass and the optimal guessing baseline
2026-10-09T15:26:52.5886360Z ok 12 - biased populations use declared mass and the optimal guessing baseline
2026-10-09T15:26:52.5887083Z   ---
2026-10-09T15:26:52.5887421Z   duration_ms: 0.666986
2026-10-09T15:26:52.5887816Z   type: 'test'
2026-10-09T15:26:52.5888169Z   ...
2026-10-09T15:26:52.5889018Z # Subtest: auxiliary knowledge participates in baseline and an empty trace means prior only
2026-10-09T15:26:52.5890303Z ok 13 - auxiliary knowledge participates in baseline and an empty trace means prior only
2026-10-09T15:26:52.5891070Z   ---
2026-10-09T15:26:52.5891411Z   duration_ms: 0.421317
2026-10-09T15:26:52.5891794Z   type: 'test'
2026-10-09T15:26:52.5892124Z   ...
2026-10-09T15:26:52.5892935Z # Subtest: mass scaling, splitting, row order and channel order preserve the same finite law
2026-10-09T15:26:52.5894688Z ok 14 - mass scaling, splitting, row order and channel order preserve the same finite law
2026-10-09T15:26:52.5895470Z   ---
2026-10-09T15:26:52.5895813Z   duration_ms: 13.029079
2026-10-09T15:26:52.5896206Z   type: 'test'
2026-10-09T15:26:52.5896536Z   ...
2026-10-09T15:26:52.5897377Z # Subtest: postprocessing and forgetting views never improve information or optimal recovery
2026-10-09T15:26:52.5898705Z ok 15 - postprocessing and forgetting views never improve information or optimal recovery
2026-10-09T15:26:52.5899541Z   ---
2026-10-09T15:26:52.5899920Z   duration_ms: 8.21474
2026-10-09T15:26:52.5900337Z   type: 'test'
2026-10-09T15:26:52.5900715Z   ...
2026-10-09T15:26:52.5901525Z # Subtest: typed scalar encoding distinguishes strings, numbers, null and empty text
2026-10-09T15:26:52.5902741Z ok 16 - typed scalar encoding distinguishes strings, numbers, null and empty text
2026-10-09T15:26:52.5903476Z   ---
2026-10-09T15:26:52.5903835Z   duration_ms: 0.452476
2026-10-09T15:26:52.5908793Z   type: 'test'
2026-10-09T15:26:52.5909237Z   ...
2026-10-09T15:26:52.5910130Z # Subtest: invalid, missing, oversized and empirical inputs fail closed
2026-10-09T15:26:52.5911172Z ok 17 - invalid, missing, oversized and empirical inputs fail closed
2026-10-09T15:26:52.5911846Z   ---
2026-10-09T15:26:52.5912222Z   duration_ms: 2.57397
2026-10-09T15:26:52.5912623Z   type: 'test'
2026-10-09T15:26:52.5912988Z   ...
2026-10-09T15:26:52.5913974Z # Subtest: results are immutable, deterministic, input-preserving and cannot inherit claimed authority
2026-10-09T15:26:52.5915859Z ok 18 - results are immutable, deterministic, input-preserving and cannot inherit claimed authority
2026-10-09T15:26:52.5917019Z   ---
2026-10-09T15:26:52.5917394Z   duration_ms: 7.925201
2026-10-09T15:26:52.5917814Z   type: 'test'
2026-10-09T15:26:52.5918200Z   ...
2026-10-09T15:26:53.0394459Z # Subtest: primary Loom is one product route, not a nested laboratory archive
2026-10-09T15:26:53.0400108Z ok 19 - primary Loom is one product route, not a nested laboratory archive
2026-10-09T15:26:53.0405718Z   ---
2026-10-09T15:26:53.0406191Z   duration_ms: 149.38275
2026-10-09T15:26:53.0406675Z   type: 'test'
2026-10-09T15:26:53.0407621Z   ...
2026-10-09T15:26:53.0408637Z # Subtest: cinematic route field and builder are separate scenes while advanced tools stay secondary
2026-10-09T15:26:53.0410131Z ok 20 - cinematic route field and builder are separate scenes while advanced tools stay secondary
2026-10-09T15:26:53.0411006Z   ---
2026-10-09T15:26:53.0411397Z   duration_ms: 85.781108
2026-10-09T15:26:53.0411854Z   type: 'test'
2026-10-09T15:26:53.0412240Z   ...
2026-10-09T15:26:53.0413097Z # Subtest: How Loom works is a recoverable handoff preview with a living Flow-Core remix
2026-10-09T15:26:53.0414586Z ok 21 - How Loom works is a recoverable handoff preview with a living Flow-Core remix
2026-10-09T15:26:53.0415412Z   ---
2026-10-09T15:26:53.0415800Z   duration_ms: 54.82586
2026-10-09T15:26:53.0416232Z   type: 'test'
2026-10-09T15:26:53.0416626Z   ...
2026-10-09T15:26:53.0417504Z # Subtest: The handoff preview leaves spatial consequence to the one canonical renderer
2026-10-09T15:26:53.0418829Z ok 22 - The handoff preview leaves spatial consequence to the one canonical renderer
2026-10-09T15:26:53.0419626Z   ---
2026-10-09T15:26:53.0420015Z   duration_ms: 37.650382
2026-10-09T15:26:53.0420463Z   type: 'test'
2026-10-09T15:26:53.0420845Z   ...
2026-10-09T15:26:53.0421704Z # Subtest: Phase 3 return bypasses the entrance Threshold without completing onboarding
2026-10-09T15:26:53.0423102Z ok 23 - Phase 3 return bypasses the entrance Threshold without completing onboarding
2026-10-09T15:26:53.0423907Z   ---
2026-10-09T15:26:53.0424585Z   duration_ms: 0.406319
2026-10-09T15:26:53.0425034Z   type: 'test'
2026-10-09T15:26:53.0425496Z   ...
2026-10-09T15:26:53.0426325Z # Subtest: mobile keeps consequential boundaries and source-defined focus protection
2026-10-09T15:26:53.0427617Z ok 24 - mobile keeps consequential boundaries and source-defined focus protection
2026-10-09T15:26:53.0428404Z   ---
2026-10-09T15:26:53.0429233Z   duration_ms: 0.531333
2026-10-09T15:26:53.0429725Z   type: 'test'
2026-10-09T15:26:53.0430104Z   ...
2026-10-09T15:26:53.0431141Z # Subtest: hidden state actually withholds the Practice chooser despite component display rules
2026-10-09T15:26:53.0446115Z ok 25 - hidden state actually withholds the Practice chooser despite component display rules
2026-10-09T15:26:53.0447363Z   ---
2026-10-09T15:26:53.0447996Z   duration_ms: 475.484951
2026-10-09T15:26:53.0448627Z   type: 'test'
2026-10-09T15:26:53.0449210Z   ...
2026-10-09T15:26:53.0450357Z # Subtest: canonical relation caption preserves Flow-Core case through the product CSS cascade
2026-10-09T15:26:53.0464515Z ok 26 - canonical relation caption preserves Flow-Core case through the product CSS cascade
2026-10-09T15:26:53.0465664Z   ---
2026-10-09T15:26:53.0466275Z   duration_ms: 96.036169
2026-10-09T15:26:53.0466897Z   type: 'test'
2026-10-09T15:26:53.0467440Z   ...
2026-10-09T15:26:53.0468498Z # Subtest: local preparation selects foreground crossing focus rather than a field detour
2026-10-09T15:26:53.0470088Z ok 27 - local preparation selects foreground crossing focus rather than a field detour
2026-10-09T15:26:53.0471150Z   ---
2026-10-09T15:26:53.0471760Z   duration_ms: 0.516692
2026-10-09T15:26:53.0472440Z   type: 'test'
2026-10-09T15:26:53.0473058Z   ...
2026-10-09T15:26:53.0474548Z # Subtest: cinematic route labels remain on the field while deep inspection stays inside Tools flow
2026-10-09T15:26:53.0476330Z ok 28 - cinematic route labels remain on the field while deep inspection stays inside Tools flow
2026-10-09T15:26:53.0477437Z   ---
2026-10-09T15:26:53.0478362Z   duration_ms: 32.299994
2026-10-09T15:26:53.0478975Z   type: 'test'
2026-10-09T15:26:53.0479230Z   ...
2026-10-09T15:26:53.0479677Z # Subtest: product shell owns no second animation clock or network authority
2026-10-09T15:26:53.0480302Z ok 29 - product shell owns no second animation clock or network authority
2026-10-09T15:26:53.0480682Z   ---
2026-10-09T15:26:53.0480902Z   duration_ms: 0.60901
2026-10-09T15:26:53.0481150Z   type: 'test'
2026-10-09T15:26:53.0481355Z   ...
2026-10-09T15:26:53.0481844Z # Subtest: return admission remains absent from the default journey until a Loom session exists
2026-10-09T15:26:53.0482577Z ok 30 - return admission remains absent from the default journey until a Loom session exists
2026-10-09T15:26:53.0483007Z   ---
2026-10-09T15:26:53.0483208Z   duration_ms: 25.104791
2026-10-09T15:26:53.0483447Z   type: 'test'
2026-10-09T15:26:53.0483645Z   ...
2026-10-09T15:26:53.0484057Z # Subtest: cinematic Flow-Core traffic remains evidence-bound and single-clock
2026-10-09T15:26:53.0484873Z ok 31 - cinematic Flow-Core traffic remains evidence-bound and single-clock
2026-10-09T15:26:53.0485252Z   ---
2026-10-09T15:26:53.0485455Z   duration_ms: 0.350519
2026-10-09T15:26:53.0485685Z   type: 'test'
2026-10-09T15:26:53.0485888Z   ...
2026-10-09T15:26:53.0486345Z # Subtest: Loom product chrome does not reintroduce SHI or speculative release authority
2026-10-09T15:26:53.0487042Z ok 32 - Loom product chrome does not reintroduce SHI or speculative release authority
2026-10-09T15:26:53.0487469Z   ---
2026-10-09T15:26:53.0487671Z   duration_ms: 0.912874
2026-10-09T15:26:53.0487897Z   type: 'test'
2026-10-09T15:26:53.0488096Z   ...
2026-10-09T15:26:53.6387117Z # Subtest: saved review bypasses fresh practice on reload without completion or local admission
2026-10-09T15:26:53.6388770Z ok 33 - saved review bypasses fresh practice on reload without completion or local admission
2026-10-09T15:26:53.6389611Z   ---
2026-10-09T15:26:53.6390004Z   duration_ms: 392.895724
2026-10-09T15:26:53.6390437Z   type: 'test'
2026-10-09T15:26:53.6390784Z   ...
2026-10-09T15:26:53.6392650Z # Subtest: first use explains private material, remixes presentation, and skips without completion or custody
2026-10-09T15:26:53.6393890Z ok 34 - first use explains private material, remixes presentation, and skips without completion or custody
2026-10-09T15:26:53.6394983Z   ---
2026-10-09T15:26:53.6395860Z   duration_ms: 116.330876
2026-10-09T15:26:53.6396187Z   type: 'test'
2026-10-09T15:26:53.6396389Z   ...
2026-10-09T15:26:53.8490404Z # Subtest: selection and readiness publish consequences before naming the Flow-Core relation
2026-10-09T15:26:53.8491768Z ok 35 - selection and readiness publish consequences before naming the Flow-Core relation
2026-10-09T15:26:53.8492333Z   ---
2026-10-09T15:26:53.8492586Z   duration_ms: 235.565731
2026-10-09T15:26:53.8492879Z   type: 'test'
2026-10-09T15:26:53.8493126Z   ...
2026-10-09T15:26:54.0259059Z # Subtest: leaving during an async practice binding prevents late completion or scene takeover
2026-10-09T15:26:54.0260777Z ok 36 - leaving during an async practice binding prevents late completion or scene takeover
2026-10-09T15:26:54.0261654Z   ---
2026-10-09T15:26:54.0262192Z   duration_ms: 153.061913
2026-10-09T15:26:54.0262880Z   type: 'test'
2026-10-09T15:26:54.0263482Z   ...
2026-10-09T15:26:54.2843910Z # Subtest: How it works replay preserves an existing real Loom root and prepared export
2026-10-09T15:26:54.2845770Z ok 37 - How it works replay preserves an existing real Loom root and prepared export
2026-10-09T15:26:54.2846686Z   ---
2026-10-09T15:26:54.2847119Z   duration_ms: 276.255223
2026-10-09T15:26:54.2847571Z   type: 'test'
2026-10-09T15:26:54.2848019Z   ...
2026-10-09T15:26:54.4773113Z # Subtest: completed handoff preview reopens from How it works in one deliberate gesture
2026-10-09T15:26:54.4774590Z ok 38 - completed handoff preview reopens from How it works in one deliberate gesture
2026-10-09T15:26:54.4775328Z   ---
2026-10-09T15:26:54.4775612Z   duration_ms: 184.053581
2026-10-09T15:26:54.4776518Z   type: 'test'
2026-10-09T15:26:54.4776729Z   ...
2026-10-09T15:26:54.6165139Z # Subtest: own-work exit restores the editable task after a previously opened prepared Threshold
2026-10-09T15:26:54.6166962Z ok 39 - own-work exit restores the editable task after a previously opened prepared Threshold
2026-10-09T15:26:54.6167719Z   ---
2026-10-09T15:26:54.6167998Z   duration_ms: 224.225534
2026-10-09T15:26:54.6168338Z   type: 'test'
2026-10-09T15:26:54.6168591Z   ...
2026-10-09T15:26:54.6564429Z 1..39
2026-10-09T15:26:54.6564806Z # tests 39
2026-10-09T15:26:54.6565840Z # suites 0
2026-10-09T15:26:54.6566462Z # pass 39
2026-10-09T15:26:54.6567050Z # fail 0
2026-10-09T15:26:54.6567784Z # cancelled 0
2026-10-09T15:26:54.6568468Z # skipped 0
2026-10-09T15:26:54.6569125Z # todo 0
2026-10-09T15:26:54.6569968Z # duration_ms 3431.462486
2026-10-09T15:26:54.7000259Z TAP version 13
2026-10-09T15:26:55.3613325Z # Subtest: Pedagogue design gate admits the consequence-first Fire Gate route without widening authority
2026-10-09T15:26:55.3626536Z ok 1 - Pedagogue design gate admits the consequence-first Fire Gate route without widening authority
2026-10-09T15:26:55.3627505Z   ---
2026-10-09T15:26:55.3645147Z   duration_ms: 39.591418
2026-10-09T15:26:55.3645830Z   type: 'test'
2026-10-09T15:26:55.3646148Z   ...
2026-10-09T15:26:55.3646677Z # Subtest: Fire Gate receipt classifier preserves all four observed outcomes plus unobserved
2026-10-09T15:26:55.3647416Z ok 2 - Fire Gate receipt classifier preserves all four observed outcomes plus unobserved
2026-10-09T15:26:55.3647849Z   ---
2026-10-09T15:26:55.3648056Z   duration_ms: 0.558561
2026-10-09T15:26:55.3648294Z   type: 'test'
2026-10-09T15:26:55.3648494Z   ...
2026-10-09T15:26:55.3648906Z # Subtest: adversarial receipt keeps the comparison and falsifiers explicit
2026-10-09T15:26:55.3649524Z ok 3 - adversarial receipt keeps the comparison and falsifiers explicit
2026-10-09T15:26:55.3649898Z   ---
2026-10-09T15:26:55.3650101Z   duration_ms: 0.259213
2026-10-09T15:26:55.3650343Z   type: 'test'
2026-10-09T15:26:55.3650540Z   ...
2026-10-09T15:26:55.5174564Z # Subtest: Pedagogue Gate is a single-column condition → action → outcome sequence
2026-10-09T15:26:55.5179342Z ok 4 - Pedagogue Gate is a single-column condition → action → outcome sequence
2026-10-09T15:26:55.5180113Z   ---
2026-10-09T15:26:55.5180495Z   duration_ms: 3.569966
2026-10-09T15:26:55.5181347Z   type: 'test'
2026-10-09T15:26:55.5181728Z   ...
2026-10-09T15:26:55.5204855Z # Subtest: human-facing Gate guide selects one condition at a time and keeps technical evidence optional
2026-10-09T15:26:55.5206881Z ok 5 - human-facing Gate guide selects one condition at a time and keeps technical evidence optional
2026-10-09T15:26:55.5207746Z   ---
2026-10-09T15:26:55.5208118Z   duration_ms: 156.17703
2026-10-09T15:26:55.5208564Z   type: 'test'
2026-10-09T15:26:55.5208935Z   ...
2026-10-09T15:26:55.5436070Z 1..5
2026-10-09T15:26:55.5436772Z # tests 5
2026-10-09T15:26:55.5437227Z # suites 0
2026-10-09T15:26:55.5437697Z # pass 5
2026-10-09T15:26:55.5438151Z # fail 0
2026-10-09T15:26:55.5438691Z # cancelled 0
2026-10-09T15:26:55.5439202Z # skipped 0
2026-10-09T15:26:55.5439707Z # todo 0
2026-10-09T15:26:55.5440277Z # duration_ms 855.374816
2026-10-09T15:26:55.6175689Z Pedagogue Design Gate: PASS
2026-10-09T15:26:55.6176293Z surface: Loom/Observer chamber
2026-10-09T15:26:55.6176644Z design: loom-observer-chamber-v01
2026-10-09T15:26:55.6177602Z phases: NOTICE → ACT → WORLD_ANSWERS → NAME → REST
2026-10-09T15:26:55.6178195Z AIA invariants: preserved
2026-10-09T15:26:55.6178486Z route burden: non-worsening
2026-10-09T15:26:55.6179160Z burden deltas: FIELD_COUNT_BASELINE=0, DEPENDENCY_COUNT=0, AIA_TRANSPORT_SURROGATE=0, HETEROSTRATIGRAPHIC_EXTENSION=0
2026-10-09T15:26:55.6179738Z rest/exit: preserved
2026-10-09T15:26:55.6180000Z automatic redesign: forbidden
2026-10-09T15:26:55.6180339Z human closure: required
2026-10-09T15:26:55.6530591Z release-manifest tests passed
2026-10-09T15:26:55.6913377Z docs-surface tests passed
2026-10-09T15:26:55.7287011Z release-hardening tests passed
2026-10-09T15:26:55.7609025Z vercel-deploy-hygiene.test.mjs passed with 11/11 deployed functions and 10 configured overrides
2026-10-09T15:26:55.7976726Z TAP version 13
2026-10-09T15:26:55.7986471Z # Subtest: legacy site epoch preflight is a non-destructive compatibility shim
2026-10-09T15:26:55.7991928Z ok 1 - legacy site epoch preflight is a non-destructive compatibility shim
2026-10-09T15:26:55.7992719Z   ---
2026-10-09T15:26:55.7993101Z   duration_ms: 21.351726
2026-10-09T15:26:55.7993555Z   type: 'test'
2026-10-09T15:26:55.7993924Z   ...
2026-10-09T15:26:55.7997384Z # Subtest: legacy reset URL cannot erase browser data or show the old epoch screen
2026-10-09T15:26:55.7999172Z ok 2 - legacy reset URL cannot erase browser data or show the old epoch screen
2026-10-09T15:26:55.7999927Z   ---
2026-10-09T15:26:55.8000299Z   duration_ms: 0.361965
2026-10-09T15:26:55.8000716Z   type: 'test'
2026-10-09T15:26:55.8001123Z   ...
2026-10-09T15:26:55.8001909Z # Subtest: legacy reset endpoint is retired and emits no destructive header
2026-10-09T15:26:55.8004785Z ok 3 - legacy reset endpoint is retired and emits no destructive header
2026-10-09T15:26:55.8005456Z   ---
2026-10-09T15:26:55.8005699Z   duration_ms: 0.470617
2026-10-09T15:26:55.8005983Z   type: 'test'
2026-10-09T15:26:55.8006302Z   ...
2026-10-09T15:26:55.8007824Z # Subtest: Flight rest is selectable in preface and close, and copiable in Glyph Bay
2026-10-09T15:26:55.8009176Z ok 4 - Flight rest is selectable in preface and close, and copiable in Glyph Bay
2026-10-09T15:26:55.8009791Z   ---
2026-10-09T15:26:55.8010005Z   duration_ms: 0.944842
2026-10-09T15:26:55.8010605Z   type: 'test'
2026-10-09T15:26:55.8010964Z   ...
2026-10-09T15:26:55.8012215Z # Subtest: Ash specialist eviction remains retired while the legacy site shim is inert
2026-10-09T15:26:55.8013848Z ok 5 - Ash specialist eviction remains retired while the legacy site shim is inert
2026-10-09T15:26:55.8014803Z   ---
2026-10-09T15:26:55.8015158Z   duration_ms: 0.213929
2026-10-09T15:26:55.8015559Z   type: 'test'
2026-10-09T15:26:55.8015894Z   ...
2026-10-09T15:26:55.8020869Z 1..5
2026-10-09T15:26:55.8021443Z # tests 5
2026-10-09T15:26:55.8022184Z # suites 0
2026-10-09T15:26:55.8022842Z # pass 5
2026-10-09T15:26:55.8023474Z # fail 0
2026-10-09T15:26:55.8024389Z # cancelled 0
2026-10-09T15:26:55.8025244Z # skipped 0
2026-10-09T15:26:55.8026188Z # todo 0
2026-10-09T15:26:55.8026686Z # duration_ms 32.825056
2026-10-09T15:26:55.8385550Z vercel-operator-release-gate.test.mjs passed for exact-source one-deploy release law with manual deep diagnostics and retired Ash ceremony
2026-10-09T15:26:55.8686641Z vercel-relock-safety.test.mjs passed
2026-10-09T15:26:55.9005014Z release-plumbing.test.mjs passed with exact release authority, break-glass relock, retired redundant confirmation, and operator-gated SRC/Wendbine research intake
2026-10-09T15:26:55.9719157Z loom-production-canary-isolation.test.mjs passed
2026-10-09T15:26:56.0390211Z [gemini-consumption] {"schema":"td613.gemini-consumption-receipt/v0.1","event_id":"loom:clinical-loom-1:1:gemini-a:503","route":"loom","request_id":"clinical-loom-1","ordinal":1,"model":"gemini-a","status":503,"outcome":"provider-unavailable","timed_out":false,"elapsed_ms":1,"timeout_ms":1,"repair":false,"release_witness":false,"quota":null}
2026-10-09T15:26:56.0395058Z [gemini-consumption] {"schema":"td613.gemini-consumption-receipt/v0.1","event_id":"loom:clinical-loom-1:2:gemini-b:408","route":"loom","request_id":"clinical-loom-1","ordinal":2,"model":"gemini-b","status":408,"outcome":"timeout","timed_out":true,"elapsed_ms":1,"timeout_ms":1,"repair":false,"release_witness":false,"quota":null}
2026-10-09T15:26:56.0399000Z [gemini-consumption] {"schema":"td613.gemini-consumption-receipt/v0.1","event_id":"loom:clinical-loom-1:3:gemini-c:200","route":"loom","request_id":"clinical-loom-1","ordinal":3,"model":"gemini-c","status":200,"outcome":"provider-response","timed_out":false,"elapsed_ms":1,"timeout_ms":117,"repair":false,"release_witness":false,"quota":null}
2026-10-09T15:26:56.0488282Z [gemini-consumption] {"schema":"td613.gemini-consumption-receipt/v0.1","event_id":"hush:2026-10-09T15:26:56.048Z:1:gemini-3.8-flash:400","route":"hush","request_id":null,"ordinal":1,"model":"gemini-3.8-flash","status":400,"outcome":"provider-error","timed_out":false,"elapsed_ms":0,"timeout_ms":7400,"repair":false,"release_witness":false,"quota":null}
2026-10-09T15:26:56.0922529Z [gemini-consumption] {"schema":"td613.gemini-consumption-receipt/v0.1","event_id":"marrowline:2026-10-09T15:26:56.091Z:1:gemini-3.8-flash:400","route":"marrowline","request_id":null,"ordinal":1,"model":"gemini-3.8-flash","status":400,"outcome":"provider-error","timed_out":false,"elapsed_ms":1,"timeout_ms":50000,"repair":false,"release_witness":false,"quota":null}
2026-10-09T15:26:56.0928446Z [gemini-consumption] {"schema":"td613.gemini-consumption-receipt/v0.1","event_id":"marrowline:2026-10-09T15:26:56.091Z:2:gemini-3.5-flash:200","route":"marrowline","request_id":null,"ordinal":2,"model":"gemini-3.5-flash","status":200,"outcome":"provider-response","timed_out":false,"elapsed_ms":1,"timeout_ms":75000,"repair":false,"release_witness":false,"quota":null}
2026-10-09T15:26:56.0969903Z [gemini-consumption] {"schema":"td613.gemini-consumption-receipt/v0.1","event_id":"hush:2026-10-09T15:26:56.096Z:1:gemini-3.8-flash:200","route":"hush","request_id":null,"ordinal":1,"model":"gemini-3.8-flash","status":200,"outcome":"provider-response","timed_out":false,"elapsed_ms":0,"timeout_ms":7400,"repair":false,"release_witness":false,"quota":null}
2026-10-09T15:26:56.0975639Z {
2026-10-09T15:26:56.0976383Z   "schema": "td613.gemini-provider-stack-clinical/v0.1",
2026-10-09T15:26:56.0977141Z   "provider_calls": 0,
2026-10-09T15:26:56.0977725Z   "production_mutation": false,
2026-10-09T15:26:56.0978276Z   "cases": [
2026-10-09T15:26:56.0978658Z     {
2026-10-09T15:26:56.0979343Z       "name": "request-authored HTTP 400 does not poison provider-health routing",
2026-10-09T15:26:56.0980180Z       "status": "PASS"
2026-10-09T15:26:56.0980595Z     },
2026-10-09T15:26:56.0980918Z     {
2026-10-09T15:26:56.0981627Z       "name": "Loom fallbacks bound thinking latency without shrinking output or schema",
2026-10-09T15:26:56.0982444Z       "status": "PASS"
2026-10-09T15:26:56.0982839Z     },
2026-10-09T15:26:56.0983164Z     {
2026-10-09T15:26:56.0984442Z       "name": "Loom transient fallback cannot monopolize the remaining global deadline",
2026-10-09T15:26:56.0985419Z       "status": "PASS"
2026-10-09T15:26:56.0985850Z     },
2026-10-09T15:26:56.0986186Z     {
2026-10-09T15:26:56.0987090Z       "name": "Hush treats HTTP 400 as a terminal request rejection rather than cross-model failover",
2026-10-09T15:26:56.0988024Z       "status": "PASS"
2026-10-09T15:26:56.0988480Z     },
2026-10-09T15:26:56.0988887Z     {
2026-10-09T15:26:56.0990517Z       "name": "Kʰonapolit advances the human frontier after a seat-local HTTP 400 request rejection",
2026-10-09T15:26:56.0991530Z       "status": "PASS"
2026-10-09T15:26:56.0992036Z     },
2026-10-09T15:26:56.0992454Z     {
2026-10-09T15:26:56.0993244Z       "name": "Hush refuses HTTP-200 MAX_TOKENS output and records completion telemetry",
2026-10-09T15:26:56.0994106Z       "status": "PASS"
2026-10-09T15:26:56.0994975Z     },
2026-10-09T15:26:56.0995355Z     {
2026-10-09T15:26:56.0995963Z       "name": "all live generation routes keep Gemini credentials out of request URLs",
2026-10-09T15:26:56.0996451Z       "status": "PASS"
2026-10-09T15:26:56.0996685Z     },
2026-10-09T15:26:56.0996885Z     {
2026-10-09T15:26:56.0997286Z       "name": "production Loom canary preserves bounded failure-stage diagnostics",
2026-10-09T15:26:56.0997720Z       "status": "PASS"
2026-10-09T15:26:56.0997945Z     }
2026-10-09T15:26:56.0998131Z   ],
2026-10-09T15:26:56.0998319Z   "failed": 0
2026-10-09T15:26:56.0998520Z }
2026-10-09T15:26:56.0998823Z gemini-provider-stack-clinical.test.mjs passed
2026-10-09T15:26:56.0999951Z {"schema":"td613.gemini-quality-pilot-clinical/v0.1","provider_calls":0,"production_mutation":false,"completion_gate":"finishReason=STOP-required","credential_transport":"header-only","status":"PASS"}
2026-10-09T15:26:56.1001115Z gemini-quality-pilot-clinical.test.mjs passed
2026-10-09T15:26:56.1001503Z gemini-model-policy.test.mjs passed
2026-10-09T15:26:56.1474670Z TAP version 13
2026-10-09T15:26:56.2262254Z # [gemini-consumption] {"schema":"td613.gemini-consumption-receipt/v0.1","event_id":"marrowline:2026-10-09T15:26:56.223Z:1:gemini-3.8-flash:200","route":"marrowline","request_id":null,"ordinal":1,"model":"gemini-3.8-flash","status":200,"outcome":"provider-response","timed_out":false,"elapsed_ms":3,"timeout_ms":50000,"repair":false,"release_witness":false,"quota":null}
2026-10-09T15:26:56.2415854Z # Subtest: failed discovery cannot preempt all generation calls for approved current models
2026-10-09T15:26:56.2425397Z ok 1 - failed discovery cannot preempt all generation calls for approved current models
2026-10-09T15:26:56.2425934Z   ---
2026-10-09T15:26:56.2426200Z   duration_ms: 32.134869
2026-10-09T15:26:56.2426460Z   type: 'test'
2026-10-09T15:26:56.2426671Z   ...
2026-10-09T15:26:56.2444994Z # Subtest: missing listing permits only approved current seats, never Lite, shutdown or disabled
2026-10-09T15:26:56.2445849Z ok 2 - missing listing permits only approved current seats, never Lite, shutdown or disabled
2026-10-09T15:26:56.2446328Z   ---
2026-10-09T15:26:56.2446559Z   duration_ms: 0.312603
2026-10-09T15:26:56.2446801Z   type: 'test'
2026-10-09T15:26:56.2447005Z   ...
2026-10-09T15:26:56.2447462Z # Subtest: a failed listing caused by 401 cannot authorize blind generation probes
2026-10-09T15:26:56.2448095Z ok 3 - a failed listing caused by 401 cannot authorize blind generation probes
2026-10-09T15:26:56.2448490Z   ---
2026-10-09T15:26:56.2448707Z   duration_ms: 0.281545
2026-10-09T15:26:56.2448991Z   type: 'test'
2026-10-09T15:26:56.2449201Z   ...
2026-10-09T15:26:56.2449686Z # Subtest: a failed forced refresh cannot erase the still-fresh complete first model listing
2026-10-09T15:26:56.2450393Z ok 4 - a failed forced refresh cannot erase the still-fresh complete first model listing
2026-10-09T15:26:56.2450820Z   ---
2026-10-09T15:26:56.2451038Z   duration_ms: 0.460468
2026-10-09T15:26:56.2451268Z   type: 'test'
2026-10-09T15:26:56.2451471Z   ...
2026-10-09T15:26:56.2452000Z # Subtest: incomplete candidate selection scores actual prose, never repeated marks or cross-seat joins
2026-10-09T15:26:56.2453121Z ok 5 - incomplete candidate selection scores actual prose, never repeated marks or cross-seat joins
2026-10-09T15:26:56.2453609Z   ---
2026-10-09T15:26:56.2453817Z   duration_ms: 0.60574
2026-10-09T15:26:56.2454054Z   type: 'test'
2026-10-09T15:26:56.2454617Z   ...
2026-10-09T15:26:59.2478238Z # [gemini-consumption] {"schema":"td613.gemini-consumption-receipt/v0.1","event_id":"marrowline:2026-10-09T15:26:59.246Z:1:gemini-3.8-flash:200","route":"marrowline","request_id":null,"ordinal":1,"model":"gemini-3.8-flash","status":200,"outcome":"provider-response","timed_out":false,"elapsed_ms":1,"timeout_ms":50000,"repair":false,"release_witness":false,"quota":null}
2026-10-09T15:26:59.2483752Z # [gemini-consumption] {"schema":"td613.gemini-consumption-receipt/v0.1","event_id":"marrowline:2026-10-09T15:26:59.246Z:2:gemini-3.5-flash:200","route":"marrowline","request_id":null,"ordinal":2,"model":"gemini-3.5-flash","status":200,"outcome":"provider-response","timed_out":false,"elapsed_ms":1,"timeout_ms":75000,"repair":false,"release_witness":false,"quota":null}
2026-10-09T15:26:59.2489989Z # [gemini-consumption] {"schema":"td613.gemini-consumption-receipt/v0.1","event_id":"marrowline:2026-10-09T15:26:59.246Z:3:gemini-3.6-flash:503","route":"marrowline","request_id":null,"ordinal":3,"model":"gemini-3.6-flash","status":503,"outcome":"provider-unavailable","timed_out":false,"elapsed_ms":1,"timeout_ms":40000,"repair":false,"release_witness":false,"quota":null}
2026-10-09T15:26:59.2495697Z # [gemini-consumption] {"schema":"td613.gemini-consumption-receipt/v0.1","event_id":"marrowline:2026-10-09T15:26:59.246Z:4:gemini-3.7-flash:503","route":"marrowline","request_id":null,"ordinal":4,"model":"gemini-3.7-flash","status":503,"outcome":"provider-unavailable","timed_out":false,"elapsed_ms":1,"timeout_ms":30000,"repair":false,"release_witness":false,"quota":null}
2026-10-09T15:26:59.2501787Z # [gemini-consumption] {"schema":"td613.gemini-consumption-receipt/v0.1","event_id":"marrowline:2026-10-09T15:26:59.246Z:5:gemini-3-flash-preview:503","route":"marrowline","request_id":null,"ordinal":5,"model":"gemini-3-flash-preview","status":503,"outcome":"provider-unavailable","timed_out":false,"elapsed_ms":1,"timeout_ms":201986,"repair":false,"release_witness":false,"quota":null}
2026-10-09T15:26:59.2507581Z # [gemini-consumption] {"schema":"td613.gemini-consumption-receipt/v0.1","event_id":"marrowline:2026-10-09T15:26:59.246Z:6:gemini-3.5-flash:200","route":"marrowline","request_id":null,"ordinal":6,"model":"gemini-3.5-flash","status":200,"outcome":"provider-response","timed_out":false,"elapsed_ms":0,"timeout_ms":30000,"repair":true,"release_witness":false,"quota":null}
2026-10-09T15:26:59.2510974Z # Subtest: when two models produce incomplete text, show the more substantial original return with incomplete receipt
2026-10-09T15:26:59.2512795Z ok 6 - when two models produce incomplete text, show the more substantial original return with incomplete receipt
2026-10-09T15:26:59.2513822Z   ---
2026-10-09T15:26:59.2514552Z   duration_ms: 3019.115777
2026-10-09T15:26:59.2515050Z   type: 'test'
2026-10-09T15:26:59.2515446Z   ...
2026-10-09T15:26:59.2592055Z 1..6
2026-10-09T15:26:59.2592417Z # tests 6
2026-10-09T15:26:59.2592985Z # suites 0
2026-10-09T15:26:59.2593559Z # pass 6
2026-10-09T15:26:59.2594073Z # fail 0
2026-10-09T15:26:59.2615271Z # cancelled 0
2026-10-09T15:26:59.2615691Z # skipped 0
2026-10-09T15:26:59.2616056Z # todo 0
2026-10-09T15:26:59.2616487Z # duration_ms 3123.823176
2026-10-09T15:26:59.3106310Z TAP version 13
2026-10-09T15:26:59.3515821Z # Subtest: Gemini quota observer preserves a structured model-scoped 429
2026-10-09T15:26:59.3545299Z ok 1 - Gemini quota observer preserves a structured model-scoped 429
2026-10-09T15:26:59.3546318Z   ---
2026-10-09T15:26:59.3555178Z   duration_ms: 2.137645
2026-10-09T15:26:59.3556024Z   type: 'test'
2026-10-09T15:26:59.3556665Z   ...
2026-10-09T15:26:59.3557801Z # Subtest: Gemini quota observer does not invent model scope for a shared project bucket
2026-10-09T15:26:59.3559804Z ok 2 - Gemini quota observer does not invent model scope for a shared project bucket
2026-10-09T15:26:59.3560904Z   ---
2026-10-09T15:26:59.3561540Z   duration_ms: 1.55549
2026-10-09T15:26:59.3562205Z   type: 'test'
2026-10-09T15:26:59.3562733Z   ...
2026-10-09T15:26:59.3563744Z # Subtest: ambiguous 429 remains unknown rather than becoming provider exhaustion
2026-10-09T15:26:59.3574158Z ok 3 - ambiguous 429 remains unknown rather than becoming provider exhaustion
2026-10-09T15:26:59.3575421Z   ---
2026-10-09T15:26:59.3576068Z   duration_ms: 0.247451
2026-10-09T15:26:59.3576753Z   type: 'test'
2026-10-09T15:26:59.3577348Z   ...
2026-10-09T15:26:59.3578370Z # Subtest: FreeTier daily 20 for one model cannot establish five-seat route capacity
2026-10-09T15:26:59.3579913Z ok 4 - FreeTier daily 20 for one model cannot establish five-seat route capacity
2026-10-09T15:26:59.3580921Z   ---
2026-10-09T15:26:59.3581525Z   duration_ms: 0.499431
2026-10-09T15:26:59.3582216Z   type: 'test'
2026-10-09T15:26:59.3582827Z   ...
2026-10-09T15:26:59.3584081Z # Subtest: per-model 20 receipt cannot establish four-seat aggregate capacity or entitlement mismatch
2026-10-09T15:26:59.3586262Z ok 5 - per-model 20 receipt cannot establish four-seat aggregate capacity or entitlement mismatch
2026-10-09T15:26:59.3587407Z   ---
2026-10-09T15:26:59.3587998Z   duration_ms: 0.287997
2026-10-09T15:26:59.3589171Z   type: 'test'
2026-10-09T15:26:59.3589811Z   ...
2026-10-09T15:26:59.3590900Z # Subtest: a provider project-wide daily 100 receipt remains a route-wide 100 budget
2026-10-09T15:26:59.3592425Z ok 6 - a provider project-wide daily 100 receipt remains a route-wide 100 budget
2026-10-09T15:26:59.3593839Z   ---
2026-10-09T15:26:59.3594768Z   duration_ms: 0.189804
2026-10-09T15:26:59.3595352Z   type: 'test'
2026-10-09T15:26:59.3595873Z   ...
2026-10-09T15:26:59.3596979Z # Subtest: 503-only inter-seat backoff is bounded, never adds calls or borrows a 429 timer
2026-10-09T15:26:59.3598505Z ok 7 - 503-only inter-seat backoff is bounded, never adds calls or borrows a 429 timer
2026-10-09T15:26:59.3599485Z   ---
2026-10-09T15:26:59.3600051Z   duration_ms: 0.390358
2026-10-09T15:26:59.3600680Z   type: 'test'
2026-10-09T15:26:59.3601267Z   ...
2026-10-09T15:26:59.3602462Z # Subtest: literal monthly spending cap is an untimed project billing hold, not a model/daily quota
2026-10-09T15:26:59.3604398Z ok 8 - literal monthly spending cap is an untimed project billing hold, not a model/daily quota
2026-10-09T15:26:59.3605528Z   ---
2026-10-09T15:26:59.3606136Z   duration_ms: 0.199422
2026-10-09T15:26:59.3606733Z   type: 'test'
2026-10-09T15:26:59.3607373Z   ...
2026-10-09T15:27:06.4321779Z # [gemini-consumption] {"schema":"td613.gemini-consumption-receipt/v0.1","event_id":"marrowline:2026-10-09T15:27:06.429Z:1:gemini-3.8-flash:503","route":"marrowline","request_id":null,"ordinal":1,"model":"gemini-3.8-flash","status":503,"outcome":"provider-unavailable","timed_out":false,"elapsed_ms":2,"timeout_ms":50000,"repair":false,"release_witness":false,"quota":null}
2026-10-09T15:27:06.4327688Z # [gemini-consumption] {"schema":"td613.gemini-consumption-receipt/v0.1","event_id":"marrowline:2026-10-09T15:27:06.429Z:2:gemini-3.5-flash:503","route":"marrowline","request_id":null,"ordinal":2,"model":"gemini-3.5-flash","status":503,"outcome":"provider-unavailable","timed_out":false,"elapsed_ms":2,"timeout_ms":75000,"repair":false,"release_witness":false,"quota":null}
2026-10-09T15:27:06.4333272Z # [gemini-consumption] {"schema":"td613.gemini-consumption-receipt/v0.1","event_id":"marrowline:2026-10-09T15:27:06.429Z:3:gemini-3.6-flash:503","route":"marrowline","request_id":null,"ordinal":3,"model":"gemini-3.6-flash","status":503,"outcome":"provider-unavailable","timed_out":false,"elapsed_ms":1,"timeout_ms":40000,"repair":false,"release_witness":false,"quota":null}
2026-10-09T15:27:06.4339287Z # [gemini-consumption] {"schema":"td613.gemini-consumption-receipt/v0.1","event_id":"marrowline:2026-10-09T15:27:06.429Z:4:gemini-3.7-flash:503","route":"marrowline","request_id":null,"ordinal":4,"model":"gemini-3.7-flash","status":503,"outcome":"provider-unavailable","timed_out":false,"elapsed_ms":1,"timeout_ms":30000,"repair":false,"release_witness":false,"quota":null}
2026-10-09T15:27:06.4347089Z # [gemini-consumption] {"schema":"td613.gemini-consumption-receipt/v0.1","event_id":"marrowline:2026-10-09T15:27:06.429Z:5:gemini-3-flash-preview:200","route":"marrowline","request_id":null,"ordinal":5,"model":"gemini-3-flash-preview","status":200,"outcome":"provider-response","timed_out":false,"elapsed_ms":1,"timeout_ms":197982,"repair":false,"release_witness":false,"quota":null}
2026-10-09T15:27:07.4603422Z # [gemini-consumption] {"schema":"td613.gemini-consumption-receipt/v0.1","event_id":"marrowline:2026-10-09T15:27:07.459Z:1:gemini-3.8-flash:429","route":"marrowline","request_id":null,"ordinal":1,"model":"gemini-3.8-flash","status":429,"outcome":"rate-limit","timed_out":false,"elapsed_ms":3,"timeout_ms":50000,"repair":false,"release_witness":false,"quota":{"scope":"shared","quota_id":"GenerateRequestsPerMinutePerProject","metric":"generativelanguage.googleapis.com/generate_content_requests_per_minute","model":"gemini-3.8-flash","limit":0,"retry_after_seconds":1}}
2026-10-09T15:27:07.4610531Z # [gemini-consumption] {"schema":"td613.gemini-consumption-receipt/v0.1","event_id":"marrowline:2026-10-09T15:27:07.459Z:2:gemini-3.8-flash:200","route":"marrowline","request_id":null,"ordinal":2,"model":"gemini-3.8-flash","status":200,"outcome":"provider-response","timed_out":false,"elapsed_ms":2,"timeout_ms":48995,"repair":false,"release_witness":false,"quota":null}
2026-10-09T15:27:07.4834450Z # [gemini-consumption] {"schema":"td613.gemini-consumption-receipt/v0.1","event_id":"marrowline:2026-10-09T15:27:07.482Z:1:gemini-3.8-flash:429","route":"marrowline","request_id":null,"ordinal":1,"model":"gemini-3.8-flash","status":429,"outcome":"rate-limit","timed_out":false,"elapsed_ms":1,"timeout_ms":50000,"repair":false,"release_witness":false,"quota":{"scope":"model","quota_id":"GenerateRequestsPerDayPerProjectPerModel-FreeTier","metric":"generativelanguage.googleapis.com/generate_content_free_tier_requests","model":"gemini-3.8-flash","limit":20,"retry_after_seconds":27}}
2026-10-09T15:27:07.4838654Z # [gemini-consumption] {"schema":"td613.gemini-consumption-receipt/v0.1","event_id":"marrowline:2026-10-09T15:27:07.482Z:2:gemini-3.5-flash:200","route":"marrowline","request_id":null,"ordinal":2,"model":"gemini-3.5-flash","status":200,"outcome":"provider-response","timed_out":false,"elapsed_ms":1,"timeout_ms":75000,"repair":false,"release_witness":false,"quota":null}
2026-10-09T15:27:07.4851550Z # [gemini-consumption] {"schema":"td613.gemini-consumption-receipt/v0.1","event_id":"marrowline:2026-10-09T15:27:07.484Z:1:gemini-3.6-flash:503","route":"marrowline","request_id":null,"ordinal":1,"model":"gemini-3.6-flash","status":503,"outcome":"provider-unavailable","timed_out":false,"elapsed_ms":1,"timeout_ms":50000,"repair":false,"release_witness":false,"quota":null}
2026-10-09T15:27:07.5016913Z # [gemini-consumption] {"schema":"td613.gemini-consumption-receipt/v0.1","event_id":"marrowline:2026-10-09T15:27:07.501Z:1:gemini-3.6-flash:200","route":"marrowline","request_id":null,"ordinal":1,"model":"gemini-3.6-flash","status":200,"outcome":"provider-response","timed_out":false,"elapsed_ms":1,"timeout_ms":50000,"repair":false,"release_witness":false,"quota":null}
2026-10-09T15:27:14.5341067Z # [gemini-consumption] {"schema":"td613.gemini-consumption-receipt/v0.1","event_id":"marrowline:2026-10-09T15:27:14.533Z:1:gemini-3.8-flash:503","route":"marrowline","request_id":null,"ordinal":1,"model":"gemini-3.8-flash","status":503,"outcome":"provider-unavailable","timed_out":false,"elapsed_ms":1,"timeout_ms":50000,"repair":false,"release_witness":false,"quota":null}
2026-10-09T15:27:14.5347186Z # [gemini-consumption] {"schema":"td613.gemini-consumption-receipt/v0.1","event_id":"marrowline:2026-10-09T15:27:14.533Z:2:gemini-3.5-flash:503","route":"marrowline","request_id":null,"ordinal":2,"model":"gemini-3.5-flash","status":503,"outcome":"provider-unavailable","timed_out":false,"elapsed_ms":1,"timeout_ms":75000,"repair":false,"release_witness":false,"quota":null}
2026-10-09T15:27:14.5351884Z # [gemini-consumption] {"schema":"td613.gemini-consumption-receipt/v0.1","event_id":"marrowline:2026-10-09T15:27:14.533Z:3:gemini-3.6-flash:503","route":"marrowline","request_id":null,"ordinal":3,"model":"gemini-3.6-flash","status":503,"outcome":"provider-unavailable","timed_out":false,"elapsed_ms":1,"timeout_ms":40000,"repair":false,"release_witness":false,"quota":null}
2026-10-09T15:27:14.5354969Z # [gemini-consumption] {"schema":"td613.gemini-consumption-receipt/v0.1","event_id":"marrowline:2026-10-09T15:27:14.533Z:4:gemini-3.7-flash:503","route":"marrowline","request_id":null,"ordinal":4,"model":"gemini-3.7-flash","status":503,"outcome":"provider-unavailable","timed_out":false,"elapsed_ms":1,"timeout_ms":30000,"repair":false,"release_witness":false,"quota":null}
2026-10-09T15:27:14.5357853Z # [gemini-consumption] {"schema":"td613.gemini-consumption-receipt/v0.1","event_id":"marrowline:2026-10-09T15:27:14.533Z:5:gemini-3-flash-preview:200","route":"marrowline","request_id":null,"ordinal":5,"model":"gemini-3-flash-preview","status":200,"outcome":"provider-response","timed_out":false,"elapsed_ms":0,"timeout_ms":197988,"repair":false,"release_witness":false,"quota":null}
2026-10-09T15:27:21.5755338Z # [gemini-consumption] {"schema":"td613.gemini-consumption-receipt/v0.1","event_id":"marrowline:2026-10-09T15:27:21.574Z:1:gemini-3.8-flash:503","route":"marrowline","request_id":null,"ordinal":1,"model":"gemini-3.8-flash","status":503,"outcome":"provider-unavailable","timed_out":false,"elapsed_ms":1,"timeout_ms":50000,"repair":false,"release_witness":false,"quota":null}
2026-10-09T15:27:21.5761499Z # [gemini-consumption] {"schema":"td613.gemini-consumption-receipt/v0.1","event_id":"marrowline:2026-10-09T15:27:21.574Z:2:gemini-3.5-flash:503","route":"marrowline","request_id":null,"ordinal":2,"model":"gemini-3.5-flash","status":503,"outcome":"provider-unavailable","timed_out":false,"elapsed_ms":1,"timeout_ms":75000,"repair":false,"release_witness":false,"quota":null}
2026-10-09T15:27:21.5766986Z # [gemini-consumption] {"schema":"td613.gemini-consumption-receipt/v0.1","event_id":"marrowline:2026-10-09T15:27:21.574Z:3:gemini-3.6-flash:503","route":"marrowline","request_id":null,"ordinal":3,"model":"gemini-3.6-flash","status":503,"outcome":"provider-unavailable","timed_out":false,"elapsed_ms":1,"timeout_ms":40000,"repair":false,"release_witness":false,"quota":null}
2026-10-09T15:27:21.5772183Z # [gemini-consumption] {"schema":"td613.gemini-consumption-receipt/v0.1","event_id":"marrowline:2026-10-09T15:27:21.574Z:4:gemini-3.7-flash:503","route":"marrowline","request_id":null,"ordinal":4,"model":"gemini-3.7-flash","status":503,"outcome":"provider-unavailable","timed_out":false,"elapsed_ms":1,"timeout_ms":30000,"repair":false,"release_witness":false,"quota":null}
2026-10-09T15:27:21.5777893Z # [gemini-consumption] {"schema":"td613.gemini-consumption-receipt/v0.1","event_id":"marrowline:2026-10-09T15:27:21.574Z:5:gemini-3-flash-preview:200","route":"marrowline","request_id":null,"ordinal":5,"model":"gemini-3-flash-preview","status":200,"outcome":"provider-response","timed_out":false,"elapsed_ms":1,"timeout_ms":197990,"repair":false,"release_witness":false,"quota":null}
2026-10-09T15:27:21.6142595Z # [gemini-consumption] {"schema":"td613.gemini-consumption-receipt/v0.1","event_id":"marrowline:2026-10-09T15:27:21.613Z:1:gemini-3.8-flash:200","route":"marrowline","request_id":null,"ordinal":1,"model":"gemini-3.8-flash","status":200,"outcome":"provider-response","timed_out":false,"elapsed_ms":2,"timeout_ms":50000,"repair":false,"release_witness":false,"quota":null}
2026-10-09T15:27:21.6148538Z # [gemini-consumption] {"schema":"td613.gemini-consumption-receipt/v0.1","event_id":"marrowline:2026-10-09T15:27:21.613Z:2:gemini-3.5-flash:200","route":"marrowline","request_id":null,"ordinal":2,"model":"gemini-3.5-flash","status":200,"outcome":"provider-response","timed_out":false,"elapsed_ms":0,"timeout_ms":75000,"repair":false,"release_witness":false,"quota":null}
2026-10-09T15:27:21.6333145Z # [gemini-consumption] {"schema":"td613.gemini-consumption-receipt/v0.1","event_id":"marrowline:2026-10-09T15:27:21.632Z:1:gemini-3.8-flash:200","route":"marrowline","request_id":null,"ordinal":1,"model":"gemini-3.8-flash","status":200,"outcome":"provider-response","timed_out":false,"elapsed_ms":1,"timeout_ms":50000,"repair":false,"release_witness":false,"quota":null}
2026-10-09T15:27:21.6338763Z # [gemini-consumption] {"schema":"td613.gemini-consumption-receipt/v0.1","event_id":"marrowline:2026-10-09T15:27:21.632Z:2:gemini-3.5-flash:200","route":"marrowline","request_id":null,"ordinal":2,"model":"gemini-3.5-flash","status":200,"outcome":"provider-response","timed_out":false,"elapsed_ms":0,"timeout_ms":75000,"repair":false,"release_witness":false,"quota":null}
2026-10-09T15:27:22.6585507Z # [gemini-consumption] {"schema":"td613.gemini-consumption-receipt/v0.1","event_id":"marrowline:2026-10-09T15:27:22.657Z:1:gemini-3.8-flash:503","route":"marrowline","request_id":null,"ordinal":1,"model":"gemini-3.8-flash","status":503,"outcome":"provider-unavailable","timed_out":false,"elapsed_ms":1,"timeout_ms":50000,"repair":false,"release_witness":false,"quota":null}
2026-10-09T15:27:22.6590796Z # [gemini-consumption] {"schema":"td613.gemini-consumption-receipt/v0.1","event_id":"marrowline:2026-10-09T15:27:22.657Z:2:gemini-3.5-flash:200","route":"marrowline","request_id":null,"ordinal":2,"model":"gemini-3.5-flash","status":200,"outcome":"provider-response","timed_out":false,"elapsed_ms":1,"timeout_ms":75000,"repair":false,"release_witness":false,"quota":null}
2026-10-09T15:27:22.6596774Z # [gemini-consumption] {"schema":"td613.gemini-consumption-receipt/v0.1","event_id":"marrowline:2026-10-09T15:27:22.657Z:3:gemini-3.6-flash:200","route":"marrowline","request_id":null,"ordinal":3,"model":"gemini-3.6-flash","status":200,"outcome":"provider-response","timed_out":false,"elapsed_ms":0,"timeout_ms":40000,"repair":false,"release_witness":false,"quota":null}
2026-10-09T15:27:22.6754537Z # [gemini-consumption] {"schema":"td613.gemini-consumption-receipt/v0.1","event_id":"marrowline:2026-10-09T15:27:22.674Z:1:gemini-3.8-flash:200","route":"marrowline","request_id":null,"ordinal":1,"model":"gemini-3.8-flash","status":200,"outcome":"provider-response","timed_out":false,"elapsed_ms":1,"timeout_ms":50000,"repair":false,"release_witness":false,"quota":null}
2026-10-09T15:27:22.6760093Z # [gemini-consumption] {"schema":"td613.gemini-consumption-receipt/v0.1","event_id":"marrowline:2026-10-09T15:27:22.674Z:2:gemini-3.5-flash:200","route":"marrowline","request_id":null,"ordinal":2,"model":"gemini-3.5-flash","status":200,"outcome":"provider-response","timed_out":false,"elapsed_ms":1,"timeout_ms":75000,"repair":false,"release_witness":false,"quota":null}
2026-10-09T15:27:22.7013208Z # [gemini-consumption] {"schema":"td613.gemini-consumption-receipt/v0.1","event_id":"marrowline:2026-10-09T15:27:22.700Z:1:gemini-3.8-flash:200","route":"marrowline","request_id":null,"ordinal":1,"model":"gemini-3.8-flash","status":200,"outcome":"provider-response","timed_out":false,"elapsed_ms":1,"timeout_ms":50000,"repair":false,"release_witness":false,"quota":null}
2026-10-09T15:27:22.7019222Z # [gemini-consumption] {"schema":"td613.gemini-consumption-receipt/v0.1","event_id":"marrowline:2026-10-09T15:27:22.700Z:2:gemini-3.5-flash:200","route":"marrowline","request_id":null,"ordinal":2,"model":"gemini-3.5-flash","status":200,"outcome":"provider-response","timed_out":false,"elapsed_ms":1,"timeout_ms":75000,"repair":false,"release_witness":false,"quota":null}
2026-10-09T15:27:22.7188210Z # [gemini-consumption] {"schema":"td613.gemini-consumption-receipt/v0.1","event_id":"marrowline:2026-10-09T15:27:22.717Z:1:gemini-3.8-flash:200","route":"marrowline","request_id":null,"ordinal":1,"model":"gemini-3.8-flash","status":200,"outcome":"provider-response","timed_out":false,"elapsed_ms":1,"timeout_ms":50000,"repair":false,"release_witness":false,"quota":null}
2026-10-09T15:27:22.7194632Z # [gemini-consumption] {"schema":"td613.gemini-consumption-receipt/v0.1","event_id":"marrowline:2026-10-09T15:27:22.717Z:2:gemini-3.5-flash:200","route":"marrowline","request_id":null,"ordinal":2,"model":"gemini-3.5-flash","status":200,"outcome":"provider-response","timed_out":false,"elapsed_ms":1,"timeout_ms":75000,"repair":false,"release_witness":false,"quota":null}
2026-10-09T15:27:22.7382316Z # [gemini-consumption] {"schema":"td613.gemini-consumption-receipt/v0.1","event_id":"marrowline:2026-10-09T15:27:22.737Z:1:gemini-3.8-flash:429","route":"marrowline","request_id":null,"ordinal":1,"model":"gemini-3.8-flash","status":429,"outcome":"rate-limit","timed_out":false,"elapsed_ms":1,"timeout_ms":50000,"repair":false,"release_witness":false,"quota":{"scope":"model","quota_id":"GenerateRequestsPerMinutePerModel","metric":"generativelanguage.googleapis.com/generate_content_requests","model":"gemini-3.8-flash","limit":0,"retry_after_seconds":1}}
2026-10-09T15:27:22.7389315Z # [gemini-consumption] {"schema":"td613.gemini-consumption-receipt/v0.1","event_id":"marrowline:2026-10-09T15:27:22.737Z:2:gemini-3.5-flash:200","route":"marrowline","request_id":null,"ordinal":2,"model":"gemini-3.5-flash","status":200,"outcome":"provider-response","timed_out":false,"elapsed_ms":1,"timeout_ms":75000,"repair":false,"release_witness":false,"quota":null}
2026-10-09T15:27:22.7448900Z # [gemini-consumption] {"schema":"td613.gemini-consumption-receipt/v0.1","event_id":"marrowline:2026-10-09T15:27:22.743Z:1:gemini-3.8-flash:429","route":"marrowline","request_id":null,"ordinal":1,"model":"gemini-3.8-flash","status":429,"outcome":"rate-limit","timed_out":false,"elapsed_ms":1,"timeout_ms":50000,"repair":false,"release_witness":false,"quota":{"scope":"unknown","quota_id":null,"metric":null,"model":"gemini-3.8-flash","limit":0,"retry_after_seconds":1}}
2026-10-09T15:27:22.7454129Z # [gemini-consumption] {"schema":"td613.gemini-consumption-receipt/v0.1","event_id":"marrowline:2026-10-09T15:27:22.743Z:2:gemini-3.5-flash:429","route":"marrowline","request_id":null,"ordinal":2,"model":"gemini-3.5-flash","status":429,"outcome":"rate-limit","timed_out":false,"elapsed_ms":1,"timeout_ms":75000,"repair":false,"release_witness":false,"quota":{"scope":"unknown","quota_id":null,"metric":null,"model":"gemini-3.5-flash","limit":0,"retry_after_seconds":1}}
2026-10-09T15:27:22.7457599Z # [gemini-consumption] {"schema":"td613.gemini-consumption-receipt/v0.1","event_id":"marrowline:2026-10-09T15:27:22.743Z:3:gemini-3.6-flash:200","route":"marrowline","request_id":null,"ordinal":3,"model":"gemini-3.6-flash","status":200,"outcome":"provider-response","timed_out":false,"elapsed_ms":1,"timeout_ms":40000,"repair":false,"release_witness":false,"quota":null}
2026-10-09T15:27:29.7947395Z # [gemini-consumption] {"schema":"td613.gemini-consumption-receipt/v0.1","event_id":"marrowline:2026-10-09T15:27:29.793Z:1:gemini-3.8-flash:503","route":"marrowline","request_id":null,"ordinal":1,"model":"gemini-3.8-flash","status":503,"outcome":"provider-unavailable","timed_out":false,"elapsed_ms":1,"timeout_ms":50000,"repair":false,"release_witness":false,"quota":null}
2026-10-09T15:27:29.7956073Z # [gemini-consumption] {"schema":"td613.gemini-consumption-receipt/v0.1","event_id":"marrowline:2026-10-09T15:27:29.793Z:2:gemini-3.5-flash:503","route":"marrowline","request_id":null,"ordinal":2,"model":"gemini-3.5-flash","status":503,"outcome":"provider-unavailable","timed_out":false,"elapsed_ms":1,"timeout_ms":75000,"repair":false,"release_witness":false,"quota":null}
2026-10-09T15:27:29.7958955Z # [gemini-consumption] {"schema":"td613.gemini-consumption-receipt/v0.1","event_id":"marrowline:2026-10-09T15:27:29.793Z:3:gemini-3.6-flash:503","route":"marrowline","request_id":null,"ordinal":3,"model":"gemini-3.6-flash","status":503,"outcome":"provider-unavailable","timed_out":false,"elapsed_ms":1,"timeout_ms":40000,"repair":false,"release_witness":false,"quota":null}
2026-10-09T15:27:29.7962098Z # [gemini-consumption] {"schema":"td613.gemini-consumption-receipt/v0.1","event_id":"marrowline:2026-10-09T15:27:29.793Z:4:gemini-3.7-flash:503","route":"marrowline","request_id":null,"ordinal":4,"model":"gemini-3.7-flash","status":503,"outcome":"provider-unavailable","timed_out":false,"elapsed_ms":1,"timeout_ms":30000,"repair":false,"release_witness":false,"quota":null}
2026-10-09T15:27:29.7965223Z # [gemini-consumption] {"schema":"td613.gemini-consumption-receipt/v0.1","event_id":"marrowline:2026-10-09T15:27:29.793Z:5:gemini-3-flash-preview:200","route":"marrowline","request_id":null,"ordinal":5,"model":"gemini-3-flash-preview","status":200,"outcome":"provider-response","timed_out":false,"elapsed_ms":0,"timeout_ms":197988,"repair":false,"release_witness":false,"quota":null}
2026-10-09T15:27:29.7968153Z # [gemini-consumption] {"schema":"td613.gemini-consumption-receipt/v0.1","event_id":"marrowline:2026-10-09T15:27:29.793Z:6:gemini-3-flash-preview:200","route":"marrowline","request_id":null,"ordinal":6,"model":"gemini-3-flash-preview","status":200,"outcome":"provider-response","timed_out":false,"elapsed_ms":1,"timeout_ms":30000,"repair":true,"release_witness":false,"quota":null}
2026-10-09T15:27:29.7969691Z # marrowline-five-seat-frontier-cascade.test.mjs passed
2026-10-09T15:27:29.8157943Z # Subtest: tests/marrowline-five-seat-frontier-cascade.test.mjs
2026-10-09T15:27:29.8159369Z ok 2 - tests/marrowline-five-seat-frontier-cascade.test.mjs
2026-10-09T15:27:29.8160254Z   ---
2026-10-09T15:27:29.8160784Z   duration_ms: 30511.499286
2026-10-09T15:27:29.8161403Z   type: 'test'
2026-10-09T15:27:29.8161921Z   ...
2026-10-09T15:27:29.8163378Z # Subtest: quota observer reports metric but never fabricates consumed daily usage or a missing zero limit
2026-10-09T15:27:29.8165810Z ok 10 - quota observer reports metric but never fabricates consumed daily usage or a missing zero limit
2026-10-09T15:27:29.8166958Z   ---
2026-10-09T15:27:29.8167417Z   duration_ms: 4.701655
2026-10-09T15:27:29.8167935Z   type: 'test'
2026-10-09T15:27:29.8168398Z   ...
2026-10-09T15:27:29.8169829Z # Subtest: paid project reporting FreeTier per-day metric is quota-reconciliation, not verified depletion
2026-10-09T15:27:29.8171831Z ok 11 - paid project reporting FreeTier per-day metric is quota-reconciliation, not verified depletion
2026-10-09T15:27:29.8172981Z   ---
2026-10-09T15:27:29.8173433Z   duration_ms: 237.09647
2026-10-09T15:27:29.8173955Z   type: 'test'
2026-10-09T15:27:29.8174605Z   ...
2026-10-09T15:27:29.8175901Z # Subtest: browser ledger does not turn a 429 daily metric or a stale FreeTier limit into actual exhausted project quota
2026-10-09T15:27:29.8177200Z ok 12 - browser ledger does not turn a 429 daily metric or a stale FreeTier limit into actual exhausted project quota
2026-10-09T15:27:29.8177723Z   ---
2026-10-09T15:27:29.8177924Z   duration_ms: 1.949635
2026-10-09T15:27:29.8178156Z   type: 'test'
2026-10-09T15:27:29.8178358Z   ...
2026-10-09T15:27:29.8178849Z # Subtest: provider daily metric may carry an advisory retry timer without asserting daily renewal
2026-10-09T15:27:29.8179617Z ok 13 - provider daily metric may carry an advisory retry timer without asserting daily renewal
2026-10-09T15:27:29.8180071Z   ---
2026-10-09T15:27:29.8180272Z   duration_ms: 0.826742
2026-10-09T15:27:29.8180498Z   type: 'test'
2026-10-09T15:27:29.8180699Z   ...
2026-10-09T15:27:29.8181163Z # Subtest: project monthly spending cap has no fake cooldown even after thirty minutes
2026-10-09T15:27:29.8181820Z ok 14 - project monthly spending cap has no fake cooldown even after thirty minutes
2026-10-09T15:27:29.8182226Z   ---
2026-10-09T15:27:29.8182425Z   duration_ms: 0.662184
2026-10-09T15:27:29.8182650Z   type: 'test'
2026-10-09T15:27:29.8182850Z   ...
2026-10-09T15:27:29.8183035Z 1..14
2026-10-09T15:27:29.8183220Z # tests 14
2026-10-09T15:27:29.8183418Z # suites 0
2026-10-09T15:27:29.8183629Z # pass 14
2026-10-09T15:27:29.8183825Z # fail 0
2026-10-09T15:27:29.8184019Z # cancelled 0
2026-10-09T15:27:29.8184624Z # skipped 0
2026-10-09T15:27:29.8184954Z # todo 0
2026-10-09T15:27:29.8185318Z # duration_ms 30524.295311
2026-10-09T15:27:29.8773640Z gemini-lifecycle-admission.test.mjs passed
2026-10-09T15:27:29.9357789Z [gemini-consumption] {"schema":"td613.gemini-consumption-receipt/v0.1","event_id":"hush:2026-10-09T15:27:29.934Z:1:gemini-3.5-flash:429","route":"hush","request_id":null,"ordinal":1,"model":"gemini-3.5-flash","status":429,"outcome":"rate-limit","timed_out":false,"elapsed_ms":0,"timeout_ms":7400,"repair":false,"release_witness":false,"quota":null}
2026-10-09T15:27:29.9361645Z [gemini-consumption] {"schema":"td613.gemini-consumption-receipt/v0.1","event_id":"hush:2026-10-09T15:27:29.934Z:2:gemini-3-flash-preview:200","route":"hush","request_id":null,"ordinal":2,"model":"gemini-3-flash-preview","status":200,"outcome":"provider-response","timed_out":false,"elapsed_ms":0,"timeout_ms":7400,"repair":false,"release_witness":false,"quota":null}
2026-10-09T15:27:29.9363874Z hush-gemini-quality-router.test.mjs passed
2026-10-09T15:27:29.9809232Z TAP version 13
2026-10-09T15:27:30.0203428Z # Subtest: provider-bound Marrowline user turns retain ingress and use a glyph-only closure
2026-10-09T15:27:30.0213016Z ok 1 - provider-bound Marrowline user turns retain ingress and use a glyph-only closure
2026-10-09T15:27:30.0214517Z   ---
2026-10-09T15:27:30.0214952Z   duration_ms: 0.948498
2026-10-09T15:27:30.0215385Z   type: 'test'
2026-10-09T15:27:30.0215783Z   ...
2026-10-09T15:27:30.0221979Z # Subtest: human-facing wrapper disclosures describe the same glyph-only provider envelope
2026-10-09T15:27:30.0223775Z ok 2 - human-facing wrapper disclosures describe the same glyph-only provider envelope
2026-10-09T15:27:30.0225256Z   ---
2026-10-09T15:27:30.0226287Z   duration_ms: 0.463514
2026-10-09T15:27:30.0226770Z   type: 'test'
2026-10-09T15:27:30.0227190Z   ...
2026-10-09T15:27:30.0302602Z 1..2
2026-10-09T15:27:30.0304013Z # tests 2
2026-10-09T15:27:30.0305317Z # suites 0
2026-10-09T15:27:30.0306171Z # pass 2
2026-10-09T15:27:30.0306796Z # fail 0
2026-10-09T15:27:30.0308322Z # cancelled 0
2026-10-09T15:27:30.0309003Z # skipped 0
2026-10-09T15:27:30.0309726Z # todo 0
2026-10-09T15:27:30.0310459Z # duration_ms 61.171693
2026-10-09T15:27:30.1643050Z [gemini-consumption] {"schema":"td613.gemini-consumption-receipt/v0.1","event_id":"marrowline:2026-10-09T15:27:30.162Z:1:gemini-3.8-flash:200","route":"marrowline","request_id":null,"ordinal":1,"model":"gemini-3.8-flash","status":200,"outcome":"provider-response","timed_out":false,"elapsed_ms":2,"timeout_ms":50000,"repair":false,"release_witness":false,"quota":null}
2026-10-09T15:27:30.1648734Z [gemini-consumption] {"schema":"td613.gemini-consumption-receipt/v0.1","event_id":"marrowline:2026-10-09T15:27:30.162Z:2:gemini-3.8-flash:200","route":"marrowline","request_id":null,"ordinal":2,"model":"gemini-3.8-flash","status":200,"outcome":"provider-response","timed_out":false,"elapsed_ms":1,"timeout_ms":30000,"repair":true,"release_witness":false,"quota":null}
2026-10-09T15:27:30.1841913Z [gemini-consumption] {"schema":"td613.gemini-consumption-receipt/v0.1","event_id":"marrowline:2026-10-09T15:27:30.183Z:1:gemini-3.8-flash:200","route":"marrowline","request_id":null,"ordinal":1,"model":"gemini-3.8-flash","status":200,"outcome":"provider-response","timed_out":false,"elapsed_ms":1,"timeout_ms":50000,"repair":false,"release_witness":false,"quota":null}
2026-10-09T15:27:30.1847532Z [gemini-consumption] {"schema":"td613.gemini-consumption-receipt/v0.1","event_id":"marrowline:2026-10-09T15:27:30.183Z:2:gemini-3.8-flash:200","route":"marrowline","request_id":null,"ordinal":2,"model":"gemini-3.8-flash","status":200,"outcome":"provider-response","timed_out":false,"elapsed_ms":1,"timeout_ms":30000,"repair":true,"release_witness":false,"quota":null}
2026-10-09T15:27:30.2792951Z [gemini-consumption] {"schema":"td613.gemini-consumption-receipt/v0.1","event_id":"marrowline:2026-10-09T15:27:30.278Z:1:gemini-3.8-flash:200","route":"marrowline","request_id":null,"ordinal":1,"model":"gemini-3.8-flash","status":200,"outcome":"provider-response","timed_out":false,"elapsed_ms":1,"timeout_ms":50000,"repair":false,"release_witness":false,"quota":null}
2026-10-09T15:27:30.2799161Z [gemini-consumption] {"schema":"td613.gemini-consumption-receipt/v0.1","event_id":"marrowline:2026-10-09T15:27:30.278Z:2:gemini-3.8-flash:200","route":"marrowline","request_id":null,"ordinal":2,"model":"gemini-3.8-flash","status":200,"outcome":"provider-response","timed_out":false,"elapsed_ms":1,"timeout_ms":30000,"repair":true,"release_witness":false,"quota":null}
2026-10-09T15:27:30.2978058Z [gemini-consumption] {"schema":"td613.gemini-consumption-receipt/v0.1","event_id":"marrowline:2026-10-09T15:27:30.297Z:1:gemini-3.8-flash:200","route":"marrowline","request_id":null,"ordinal":1,"model":"gemini-3.8-flash","status":200,"outcome":"provider-response","timed_out":false,"elapsed_ms":1,"timeout_ms":50000,"repair":false,"release_witness":false,"quota":null}
2026-10-09T15:27:30.2981834Z [gemini-consumption] {"schema":"td613.gemini-consumption-receipt/v0.1","event_id":"marrowline:2026-10-09T15:27:30.297Z:2:gemini-3.6-flash:200","route":"marrowline","request_id":null,"ordinal":2,"model":"gemini-3.6-flash","status":200,"outcome":"provider-response","timed_out":false,"elapsed_ms":2,"timeout_ms":75000,"repair":false,"release_witness":false,"quota":null}
2026-10-09T15:27:30.3188874Z [gemini-consumption] {"schema":"td613.gemini-consumption-receipt/v0.1","event_id":"marrowline:2026-10-09T15:27:30.318Z:1:gemini-3.8-flash:400","route":"marrowline","request_id":null,"ordinal":1,"model":"gemini-3.8-flash","status":400,"outcome":"provider-error","timed_out":false,"elapsed_ms":1,"timeout_ms":50000,"repair":false,"release_witness":false,"quota":null}
2026-10-09T15:27:30.3192237Z [gemini-consumption] {"schema":"td613.gemini-consumption-receipt/v0.1","event_id":"marrowline:2026-10-09T15:27:30.318Z:2:gemini-3.6-flash:200","route":"marrowline","request_id":null,"ordinal":2,"model":"gemini-3.6-flash","status":200,"outcome":"provider-response","timed_out":false,"elapsed_ms":0,"timeout_ms":75000,"repair":false,"release_witness":false,"quota":null}
2026-10-09T15:27:30.3221059Z [gemini-consumption] {"schema":"td613.gemini-consumption-receipt/v0.1","event_id":"marrowline:2026-10-09T15:27:30.321Z:1:gemini-3.8-flash:429","route":"marrowline","request_id":null,"ordinal":1,"model":"gemini-3.8-flash","status":429,"outcome":"rate-limit","timed_out":false,"elapsed_ms":2,"timeout_ms":50000,"repair":false,"release_witness":false,"quota":{"scope":"project","quota_id":null,"metric":null,"model":"gemini-3.8-flash","limit":0,"retry_after_seconds":0}}
2026-10-09T15:27:30.3223049Z khonapolit-gemini-quality-router.test.mjs passed
2026-10-09T15:27:30.3915852Z TAP version 13
2026-10-09T15:27:30.4362445Z # Subtest: missing, observed empty, and true High-Zalgo string are distinct
2026-10-09T15:27:30.4370762Z ok 1 - missing, observed empty, and true High-Zalgo string are distinct
2026-10-09T15:27:30.4371728Z   ---
2026-10-09T15:27:30.4372373Z   duration_ms: 5.273702
2026-10-09T15:27:30.4373065Z   type: 'test'
2026-10-09T15:27:30.4373755Z   ...
2026-10-09T15:27:30.4395618Z # Subtest: same-turn capture marks provider ingress unavailable and locates an actual downstream mark loss
2026-10-09T15:27:30.4401342Z ok 2 - same-turn capture marks provider ingress unavailable and locates an actual downstream mark loss
2026-10-09T15:27:30.4413702Z   ---
2026-10-09T15:27:30.4414135Z   duration_ms: 3.700258
2026-10-09T15:27:30.4414791Z   type: 'test'
2026-10-09T15:27:30.4415109Z   ...
2026-10-09T15:27:30.4415644Z # Subtest: a failed request stays a failed witness and cannot become an invented plain model output
2026-10-09T15:27:30.4416428Z ok 3 - a failed request stays a failed witness and cannot become an invented plain model output
2026-10-09T15:27:30.4416886Z   ---
2026-10-09T15:27:30.4417106Z   duration_ms: 0.384046
2026-10-09T15:27:30.4417346Z   type: 'test'
2026-10-09T15:27:30.4417550Z   ...
2026-10-09T15:27:30.4417952Z # Subtest: normalization and same-length substitutions remain observable
2026-10-09T15:27:30.4418540Z ok 4 - normalization and same-length substitutions remain observable
2026-10-09T15:27:30.4418910Z   ---
2026-10-09T15:27:30.4419387Z   duration_ms: 0.164867
2026-10-09T15:27:30.4419638Z   type: 'test'
2026-10-09T15:27:30.4419849Z   ...
2026-10-09T15:27:30.4488562Z 1..4
2026-10-09T15:27:30.4488965Z # tests 4
2026-10-09T15:27:30.4489784Z # suites 0
2026-10-09T15:27:30.4490481Z # pass 4
2026-10-09T15:27:30.4491083Z # fail 0
2026-10-09T15:27:30.4491609Z # cancelled 0
2026-10-09T15:27:30.4492269Z # skipped 0
2026-10-09T15:27:30.4492759Z # todo 0
2026-10-09T15:27:30.4493494Z # duration_ms 69.289817
2026-10-09T15:27:30.5035604Z TAP version 13
2026-10-09T15:27:30.5819637Z # khonapolit-relay: natural causal handoff primary, legacy raw packet compatible, and exact Unicode preservation ok
2026-10-09T15:27:30.6059375Z # Subtest: tests/khonapolit-relay.test.mjs
2026-10-09T15:27:30.6060462Z ok 1 - tests/khonapolit-relay.test.mjs
2026-10-09T15:27:30.6061118Z   ---
2026-10-09T15:27:30.6061610Z   duration_ms: 111.863225
2026-10-09T15:27:30.6062159Z   type: 'test'
2026-10-09T15:27:30.6062650Z   ...
2026-10-09T15:27:30.6831701Z # [gemini-consumption] {"schema":"td613.gemini-consumption-receipt/v0.1","event_id":"marrowline-attachment:2026-10-09T15:27:30.679Z:1:gemini-3.8-flash:503","route":"marrowline-attachment","request_id":null,"ordinal":1,"model":"gemini-3.8-flash","status":503,"outcome":"provider-unavailable","timed_out":false,"elapsed_ms":2,"timeout_ms":50000,"repair":false,"release_witness":false,"quota":null}
2026-10-09T15:27:30.6837730Z # [gemini-consumption] {"schema":"td613.gemini-consumption-receipt/v0.1","event_id":"marrowline-attachment:2026-10-09T15:27:30.679Z:2:gemini-3.5-flash:503","route":"marrowline-attachment","request_id":null,"ordinal":2,"model":"gemini-3.5-flash","status":503,"outcome":"provider-unavailable","timed_out":false,"elapsed_ms":7,"timeout_ms":75000,"repair":false,"release_witness":false,"quota":null}
2026-10-09T15:27:30.6843789Z # [gemini-consumption] {"schema":"td613.gemini-consumption-receipt/v0.1","event_id":"marrowline-attachment:2026-10-09T15:27:30.679Z:3:gemini-3.6-flash:503","route":"marrowline-attachment","request_id":null,"ordinal":3,"model":"gemini-3.6-flash","status":503,"outcome":"provider-unavailable","timed_out":false,"elapsed_ms":1,"timeout_ms":40000,"repair":false,"release_witness":false,"quota":null}
2026-10-09T15:27:30.6849575Z # [gemini-consumption] {"schema":"td613.gemini-consumption-receipt/v0.1","event_id":"marrowline-attachment:2026-10-09T15:27:30.679Z:4:gemini-3.7-flash:503","route":"marrowline-attachment","request_id":null,"ordinal":4,"model":"gemini-3.7-flash","status":503,"outcome":"provider-unavailable","timed_out":false,"elapsed_ms":1,"timeout_ms":30000,"repair":false,"release_witness":false,"quota":null}
2026-10-09T15:27:30.6855474Z # [gemini-consumption] {"schema":"td613.gemini-consumption-receipt/v0.1","event_id":"marrowline-attachment:2026-10-09T15:27:30.679Z:5:gemini-3-flash-preview:503","route":"marrowline-attachment","request_id":null,"ordinal":5,"model":"gemini-3-flash-preview","status":503,"outcome":"provider-unavailable","timed_out":false,"elapsed_ms":1,"timeout_ms":204985,"repair":false,"release_witness":false,"quota":null}
2026-10-09T15:27:30.7193960Z # [gemini-consumption] {"schema":"td613.gemini-consumption-receipt/v0.1","event_id":"marrowline-attachment:2026-10-09T15:27:30.718Z:1:gemini-3.8-flash:200","route":"marrowline-attachment","request_id":null,"ordinal":1,"model":"gemini-3.8-flash","status":200,"outcome":"provider-response","timed_out":false,"elapsed_ms":1,"timeout_ms":50000,"repair":false,"release_witness":false,"quota":null}
2026-10-09T15:27:30.7428145Z # [gemini-consumption] {"schema":"td613.gemini-consumption-receipt/v0.1","event_id":"marrowline-attachment:2026-10-09T15:27:30.739Z:1:gemini-3.8-flash:200","route":"marrowline-attachment","request_id":null,"ordinal":1,"model":"gemini-3.8-flash","status":200,"outcome":"provider-response","timed_out":false,"elapsed_ms":1,"timeout_ms":50000,"repair":false,"release_witness":false,"quota":null}
2026-10-09T15:27:30.7442187Z # [gemini-consumption] {"schema":"td613.gemini-consumption-receipt/v0.1","event_id":"marrowline-attachment:2026-10-09T15:27:30.739Z:2:gemini-3.8-flash:200","route":"marrowline-attachment","request_id":null,"ordinal":2,"model":"gemini-3.8-flash","status":200,"outcome":"provider-response","timed_out":false,"elapsed_ms":6,"timeout_ms":30000,"repair":true,"release_witness":false,"quota":null}
2026-10-09T15:27:30.7477858Z # [gemini-consumption] {"schema":"td613.gemini-consumption-receipt/v0.1","event_id":"marrowline-attachment:2026-10-09T15:27:30.745Z:1:gemini-3.8-flash:200","route":"marrowline-attachment","request_id":null,"ordinal":1,"model":"gemini-3.8-flash","status":200,"outcome":"provider-response","timed_out":false,"elapsed_ms":1,"timeout_ms":50000,"repair":false,"release_witness":false,"quota":null}
2026-10-09T15:27:30.7507676Z # [gemini-consumption] {"schema":"td613.gemini-consumption-receipt/v0.1","event_id":"marrowline-attachment:2026-10-09T15:27:30.745Z:2:gemini-3.8-flash:200","route":"marrowline-attachment","request_id":null,"ordinal":2,"model":"gemini-3.8-flash","status":200,"outcome":"provider-response","timed_out":false,"elapsed_ms":1,"timeout_ms":30000,"repair":true,"release_witness":false,"quota":null}
2026-10-09T15:27:30.7588268Z # [gemini-consumption] {"schema":"td613.gemini-consumption-receipt/v0.1","event_id":"marrowline-attachment:2026-10-09T15:27:30.757Z:1:gemini-3.8-flash:200","route":"marrowline-attachment","request_id":null,"ordinal":1,"model":"gemini-3.8-flash","status":200,"outcome":"provider-response","timed_out":false,"elapsed_ms":1,"timeout_ms":50000,"repair":false,"release_witness":false,"quota":null}
2026-10-09T15:27:30.7667572Z # Subtest: attachments precede the canonical final sealed user text; the relay cue stays in system guidance
2026-10-09T15:27:30.7673647Z ok 2 - attachments precede the canonical final sealed user text; the relay cue stays in system guidance
2026-10-09T15:27:30.7674859Z   ---
2026-10-09T15:27:30.7675356Z   duration_ms: 2.617208
2026-10-09T15:27:30.7675883Z   type: 'test'
2026-10-09T15:27:30.7676351Z   ...
2026-10-09T15:27:30.7689561Z # Subtest: client photo staging normalizes an oversized mobile image into the bounded wire envelope
2026-10-09T15:27:30.7691392Z ok 3 - client photo staging normalizes an oversized mobile image into the bounded wire envelope
2026-10-09T15:27:30.7692287Z   ---
2026-10-09T15:27:30.7692761Z   duration_ms: 69.915104
2026-10-09T15:27:30.7693284Z   type: 'test'
2026-10-09T15:27:30.7693740Z   ...
2026-10-09T15:27:30.7694971Z # Subtest: Marrowline attachment normalizer admits exact declared bytes and strips no custody fields
2026-10-09T15:27:30.7696515Z ok 4 - Marrowline attachment normalizer admits exact declared bytes and strips no custody fields
2026-10-09T15:27:30.7697457Z   ---
2026-10-09T15:27:30.7697912Z   duration_ms: 1.68997
2026-10-09T15:27:30.7698412Z   type: 'test'
2026-10-09T15:27:30.7698868Z   ...
2026-10-09T15:27:30.7708508Z # Subtest: Marrowline attachment normalizer rejects size, MIME, schema, duplicate-id, and count drift
2026-10-09T15:27:30.7731661Z ok 5 - Marrowline attachment normalizer rejects size, MIME, schema, duplicate-id, and count drift
2026-10-09T15:27:30.7732792Z   ---
2026-10-09T15:27:30.7733314Z   duration_ms: 1.41067
2026-10-09T15:27:30.7733877Z   type: 'test'
2026-10-09T15:27:30.7734623Z   ...
2026-10-09T15:27:30.7735519Z # Subtest: Marrowline keeps file and photo MIME classes non-interchangeable
2026-10-09T15:27:30.7736750Z ok 6 - Marrowline keeps file and photo MIME classes non-interchangeable
2026-10-09T15:27:30.7737580Z   ---
2026-10-09T15:27:30.7738079Z   duration_ms: 0.490294
2026-10-09T15:27:30.7738631Z   type: 'test'
2026-10-09T15:27:30.7739135Z   ...
2026-10-09T15:27:30.7740278Z # Subtest: photo capacity may use the full envelope while ordinary files retain the smaller single-file ceiling
2026-10-09T15:27:30.7741995Z ok 7 - photo capacity may use the full envelope while ordinary files retain the smaller single-file ceiling
2026-10-09T15:27:30.7743112Z   ---
2026-10-09T15:27:30.7743611Z   duration_ms: 7.63897
2026-10-09T15:27:30.7744169Z   type: 'test'
2026-10-09T15:27:30.7744887Z   ...
2026-10-09T15:27:30.7753219Z # Subtest: attachment turns walk the same five-seat frontier before waking the human
2026-10-09T15:27:30.7755032Z ok 8 - attachment turns walk the same five-seat frontier before waking the human
2026-10-09T15:27:30.7756065Z   ---
2026-10-09T15:27:30.7756692Z   duration_ms: 25.764622
2026-10-09T15:27:30.7757374Z   type: 'test'
2026-10-09T15:27:30.7757974Z   ...
2026-10-09T15:27:30.7759481Z # Subtest: text/attachment generation envelopes remain explicitly distinguishable without silently changing production thinking
2026-10-09T15:27:30.7761724Z ok 9 - text/attachment generation envelopes remain explicitly distinguishable without silently changing production thinking
2026-10-09T15:27:30.7763072Z   ---
2026-10-09T15:27:30.7763695Z   duration_ms: 2.141111
2026-10-09T15:27:30.7764636Z   type: 'test'
2026-10-09T15:27:30.7765247Z   ...
2026-10-09T15:27:30.7766604Z # Subtest: attachment response receipts reflect the exact submitted wire configuration and preserve provider Unicode
2026-10-09T15:27:30.7768622Z ok 10 - attachment response receipts reflect the exact submitted wire configuration and preserve provider Unicode
2026-10-09T15:27:30.7769841Z   ---
2026-10-09T15:27:30.7770392Z   duration_ms: 33.821378
2026-10-09T15:27:30.7770976Z   type: 'test'
2026-10-09T15:27:30.7771666Z   ...
2026-10-09T15:27:30.7772955Z # Subtest: terminal-only attachment repair carries original inline bytes and keeps the repair instruction last
2026-10-09T15:27:30.7775261Z ok 11 - terminal-only attachment repair carries original inline bytes and keeps the repair instruction last
2026-10-09T15:27:30.7776625Z   ---
2026-10-09T15:27:30.7777789Z   duration_ms: 1.280507
2026-10-09T15:27:30.7778582Z   type: 'test'
2026-10-09T15:27:30.7779293Z   ...
2026-10-09T15:27:30.7780617Z # Subtest: attachment terminal continuation is same-provider, native, byte-preserving and bounded
2026-10-09T15:27:30.7782038Z     # Subtest: missing terminal returns two genuine provider outputs and preserves the first hash
2026-10-09T15:27:30.7783376Z     ok 1 - missing terminal returns two genuine provider outputs and preserves the first hash
2026-10-09T15:27:30.7784454Z       ---
2026-10-09T15:27:30.7784959Z       duration_ms: 18.154803
2026-10-09T15:27:30.7785508Z       type: 'test'
2026-10-09T15:27:30.7785985Z       ...
2026-10-09T15:27:30.7801013Z     # Subtest: invalid suffix leaves the exact first response visible and does not fabricate bots
2026-10-09T15:27:30.7803199Z     ok 2 - invalid suffix leaves the exact first response visible and does not fabricate bots
2026-10-09T15:27:30.7804594Z       ---
2026-10-09T15:27:30.7805242Z       duration_ms: 5.20325
2026-10-09T15:27:30.7805951Z       type: 'test'
2026-10-09T15:27:30.7806581Z       ...
2026-10-09T15:27:30.7807522Z     # Subtest: complete first provider return never spends a repair call
2026-10-09T15:27:30.7808748Z     ok 3 - complete first provider return never spends a repair call
2026-10-09T15:27:30.7809736Z       ---
2026-10-09T15:27:30.7810367Z       duration_ms: 12.267528
2026-10-09T15:27:30.7811080Z       type: 'test'
2026-10-09T15:27:30.7811709Z       ...
2026-10-09T15:27:30.7812203Z     1..3
2026-10-09T15:27:30.7813239Z ok 12 - attachment terminal continuation is same-provider, native, byte-preserving and bounded
2026-10-09T15:27:30.7814189Z   ---
2026-10-09T15:27:30.7814918Z   duration_ms: 36.975889
2026-10-09T15:27:30.7815451Z   type: 'test'
2026-10-09T15:27:30.7815916Z   ...
2026-10-09T15:27:31.1666163Z # Subtest: bounded authored stream progress earns completion time without changing silent, quota, or global deadlines
2026-10-09T15:27:31.1668454Z ok 13 - bounded authored stream progress earns completion time without changing silent, quota, or global deadlines
2026-10-09T15:27:31.1715076Z   ---
2026-10-09T15:27:31.1721162Z   duration_ms: 1.518431
2026-10-09T15:27:31.1735871Z   type: 'test'
2026-10-09T15:27:31.1736542Z   ...
2026-10-09T15:27:31.1740456Z # [gemini-consumption] {"schema":"td613.gemini-consumption-receipt/v0.1","event_id":"marrowline:2026-10-09T15:27:31.164Z:1:gemini-3.8-flash:200","route":"marrowline","request_id":null,"ordinal":1,"model":"gemini-3.8-flash","status":200,"outcome":"provider-response","timed_out":false,"elapsed_ms":3,"timeout_ms":50000,"repair":false,"release_witness":false,"quota":null}
2026-10-09T15:27:31.1808546Z # [gemini-consumption] {"schema":"td613.gemini-consumption-receipt/v0.1","event_id":"marrowline:2026-10-09T15:27:31.164Z:2:gemini-3.5-flash:200","route":"marrowline","request_id":null,"ordinal":2,"model":"gemini-3.5-flash","status":200,"outcome":"provider-response","timed_out":false,"elapsed_ms":3,"timeout_ms":75000,"repair":false,"release_witness":false,"quota":null}
2026-10-09T15:27:31.2125927Z # [gemini-consumption] {"schema":"td613.gemini-consumption-receipt/v0.1","event_id":"marrowline:2026-10-09T15:27:31.210Z:1:gemini-3.8-flash:200","route":"marrowline","request_id":null,"ordinal":1,"model":"gemini-3.8-flash","status":200,"outcome":"provider-response","timed_out":false,"elapsed_ms":2,"timeout_ms":50000,"repair":false,"release_witness":false,"quota":null}
2026-10-09T15:27:31.2131488Z # [gemini-consumption] {"schema":"td613.gemini-consumption-receipt/v0.1","event_id":"marrowline:2026-10-09T15:27:31.210Z:2:gemini-3.5-flash:200","route":"marrowline","request_id":null,"ordinal":2,"model":"gemini-3.5-flash","status":200,"outcome":"provider-response","timed_out":false,"elapsed_ms":1,"timeout_ms":75000,"repair":false,"release_witness":false,"quota":null}
2026-10-09T15:27:31.2572268Z # [gemini-consumption] {"schema":"td613.gemini-consumption-receipt/v0.1","event_id":"marrowline:2026-10-09T15:27:31.256Z:1:gemini-3.8-flash:200","route":"marrowline","request_id":null,"ordinal":1,"model":"gemini-3.8-flash","status":200,"outcome":"provider-response","timed_out":false,"elapsed_ms":2,"timeout_ms":50000,"repair":false,"release_witness":false,"quota":null}
2026-10-09T15:27:31.2578537Z # [gemini-consumption] {"schema":"td613.gemini-consumption-receipt/v0.1","event_id":"marrowline:2026-10-09T15:27:31.256Z:2:gemini-3.5-flash:200","route":"marrowline","request_id":null,"ordinal":2,"model":"gemini-3.5-flash","status":200,"outcome":"provider-response","timed_out":false,"elapsed_ms":2,"timeout_ms":75000,"repair":false,"release_witness":false,"quota":null}
2026-10-09T15:27:31.2700025Z # [gemini-consumption] {"schema":"td613.gemini-consumption-receipt/v0.1","event_id":"marrowline:2026-10-09T15:27:31.269Z:1:gemini-3.8-flash:200","route":"marrowline","request_id":null,"ordinal":1,"model":"gemini-3.8-flash","status":200,"outcome":"provider-response","timed_out":false,"elapsed_ms":1,"timeout_ms":50000,"repair":false,"release_witness":false,"quota":null}
2026-10-09T15:27:31.2705710Z # [gemini-consumption] {"schema":"td613.gemini-consumption-receipt/v0.1","event_id":"marrowline:2026-10-09T15:27:31.269Z:2:gemini-3.5-flash:200","route":"marrowline","request_id":null,"ordinal":2,"model":"gemini-3.5-flash","status":200,"outcome":"provider-response","timed_out":false,"elapsed_ms":2,"timeout_ms":75000,"repair":false,"release_witness":false,"quota":null}
2026-10-09T15:27:31.2711021Z # [gemini-consumption] {"schema":"td613.gemini-consumption-receipt/v0.1","event_id":"marrowline:2026-10-09T15:27:31.269Z:3:gemini-3.6-flash:200","route":"marrowline","request_id":null,"ordinal":3,"model":"gemini-3.6-flash","status":200,"outcome":"provider-response","timed_out":false,"elapsed_ms":1,"timeout_ms":40000,"repair":false,"release_witness":false,"quota":null}
2026-10-09T15:27:31.2716435Z # [gemini-consumption] {"schema":"td613.gemini-consumption-receipt/v0.1","event_id":"marrowline:2026-10-09T15:27:31.269Z:4:gemini-3.7-flash:200","route":"marrowline","request_id":null,"ordinal":4,"model":"gemini-3.7-flash","status":200,"outcome":"provider-response","timed_out":false,"elapsed_ms":1,"timeout_ms":30000,"repair":false,"release_witness":false,"quota":null}
2026-10-09T15:27:31.2722132Z # [gemini-consumption] {"schema":"td613.gemini-consumption-receipt/v0.1","event_id":"marrowline:2026-10-09T15:27:31.269Z:5:gemini-3-flash-preview:200","route":"marrowline","request_id":null,"ordinal":5,"model":"gemini-3-flash-preview","status":200,"outcome":"provider-response","timed_out":false,"elapsed_ms":1,"timeout_ms":204993,"repair":false,"release_witness":false,"quota":null}
2026-10-09T15:27:31.2727935Z # [gemini-consumption] {"schema":"td613.gemini-consumption-receipt/v0.1","event_id":"marrowline:2026-10-09T15:27:31.269Z:6:gemini-3.8-flash:200","route":"marrowline","request_id":null,"ordinal":6,"model":"gemini-3.8-flash","status":200,"outcome":"provider-response","timed_out":false,"elapsed_ms":1,"timeout_ms":30000,"repair":true,"release_witness":false,"quota":null}
2026-10-09T15:27:31.2805571Z # Subtest: real text-bearing SSE progress may finish after the original deadline without a second provider call
2026-10-09T15:27:31.2807595Z ok 14 - real text-bearing SSE progress may finish after the original deadline without a second provider call
2026-10-09T15:27:31.2808661Z   ---
2026-10-09T15:27:31.2815544Z   duration_ms: 458.760497
2026-10-09T15:27:31.2816044Z   type: 'test'
2026-10-09T15:27:31.2816427Z   ...
2026-10-09T15:27:31.2817597Z # Subtest: natural full provider text and its authored Unicode survive whitespace and terminal newline without trimming
2026-10-09T15:27:31.2819395Z ok 15 - natural full provider text and its authored Unicode survive whitespace and terminal newline without trimming
2026-10-09T15:27:31.2820400Z   ---
2026-10-09T15:27:31.2820803Z   duration_ms: 21.335402
2026-10-09T15:27:31.2821239Z   type: 'test'
2026-10-09T15:27:31.2821566Z   ...
2026-10-09T15:27:31.2822541Z # Subtest: incomplete-return warning is a visible mobile-and-desktop surface without flattening Zalgo
2026-10-09T15:27:31.2824094Z ok 16 - incomplete-return warning is a visible mobile-and-desktop surface without flattening Zalgo
2026-10-09T15:27:31.2825526Z   ---
2026-10-09T15:27:31.2825920Z   duration_ms: 1.430036
2026-10-09T15:27:31.2826368Z   type: 'test'
2026-10-09T15:27:31.2826751Z   ...
2026-10-09T15:27:31.2827687Z # Subtest: provider STOP has transport authority; surface heuristics remain diagnostics only
2026-10-09T15:27:31.2829090Z ok 17 - provider STOP has transport authority; surface heuristics remain diagnostics only
2026-10-09T15:27:31.2829936Z   ---
2026-10-09T15:27:31.2830320Z   duration_ms: 1.011305
2026-10-09T15:27:31.2830766Z   type: 'test'
2026-10-09T15:27:31.2831140Z   ...
2026-10-09T15:27:31.2832258Z # Subtest: bounded authored tails keep every original character, two distinct voice boundaries and full native marks
2026-10-09T15:27:31.2833990Z ok 18 - bounded authored tails keep every original character, two distinct voice boundaries and full native marks
2026-10-09T15:27:31.2835235Z   ---
2026-10-09T15:27:31.2835626Z   duration_ms: 1.252635
2026-10-09T15:27:31.2836070Z   type: 'test'
2026-10-09T15:27:31.2836445Z   ...
2026-10-09T15:27:31.2837371Z # Subtest: a truncated first seat yields to the next frontier model before any same-seat recovery
2026-10-09T15:27:31.2838615Z ok 19 - a truncated first seat yields to the next frontier model before any same-seat recovery
2026-10-09T15:27:31.2839374Z   ---
2026-10-09T15:27:31.2839712Z   duration_ms: 147.301582
2026-10-09T15:27:31.2840114Z   type: 'test'
2026-10-09T15:27:31.2840590Z   ...
2026-10-09T15:27:31.2841197Z # Subtest: incomplete provider prose stays visibly incomplete when recovery fails, never silently PASS
2026-10-09T15:27:31.2842195Z ok 20 - incomplete provider prose stays visibly incomplete when recovery fails, never silently PASS
2026-10-09T15:27:31.2843018Z   ---
2026-10-09T15:27:31.2843346Z   duration_ms: 13.069423
2026-10-09T15:27:31.2843728Z   type: 'test'
2026-10-09T15:27:31.2844044Z   ...
2026-10-09T15:27:31.2845043Z # Subtest: the artistic reference is not reduced to a word quota or pasted Unicode fixture
2026-10-09T15:27:31.2846181Z ok 21 - the artistic reference is not reduced to a word quota or pasted Unicode fixture
2026-10-09T15:27:31.2846864Z   ---
2026-10-09T15:27:31.2847180Z   duration_ms: 1.45368
2026-10-09T15:27:31.2847524Z   type: 'test'
2026-10-09T15:27:31.2847828Z   ...
2026-10-09T15:27:31.2848688Z # Subtest: every original, repair and attachment Gemini envelope carries distinct keys and rendered PUA
2026-10-09T15:27:31.2869580Z ok 22 - every original, repair and attachment Gemini envelope carries distinct keys and rendered PUA
2026-10-09T15:27:31.2870519Z   ---
2026-10-09T15:27:31.2870980Z   duration_ms: 3.977595
2026-10-09T15:27:31.2871372Z   type: 'test'
2026-10-09T15:27:31.2871706Z   ...
2026-10-09T15:27:38.2945326Z # [gemini-consumption] {"schema":"td613.gemini-consumption-receipt/v0.1","event_id":"marrowline:2026-10-09T15:27:38.293Z:1:gemini-3.8-flash:200","route":"marrowline","request_id":null,"ordinal":1,"model":"gemini-3.8-flash","status":200,"outcome":"provider-response","timed_out":false,"elapsed_ms":1,"timeout_ms":50000,"repair":false,"release_witness":false,"quota":null}
2026-10-09T15:27:38.2949602Z # [gemini-consumption] {"schema":"td613.gemini-consumption-receipt/v0.1","event_id":"marrowline:2026-10-09T15:27:38.293Z:2:gemini-3.5-flash:503","route":"marrowline","request_id":null,"ordinal":2,"model":"gemini-3.5-flash","status":503,"outcome":"provider-unavailable","timed_out":false,"elapsed_ms":1,"timeout_ms":75000,"repair":false,"release_witness":false,"quota":null}
2026-10-09T15:27:38.2953755Z # [gemini-consumption] {"schema":"td613.gemini-consumption-receipt/v0.1","event_id":"marrowline:2026-10-09T15:27:38.293Z:3:gemini-3.6-flash:503","route":"marrowline","request_id":null,"ordinal":3,"model":"gemini-3.6-flash","status":503,"outcome":"provider-unavailable","timed_out":false,"elapsed_ms":1,"timeout_ms":40000,"repair":false,"release_witness":false,"quota":null}
2026-10-09T15:27:38.2959340Z # [gemini-consumption] {"schema":"td613.gemini-consumption-receipt/v0.1","event_id":"marrowline:2026-10-09T15:27:38.293Z:4:gemini-3.7-flash:503","route":"marrowline","request_id":null,"ordinal":4,"model":"gemini-3.7-flash","status":503,"outcome":"provider-unavailable","timed_out":false,"elapsed_ms":1,"timeout_ms":30000,"repair":false,"release_witness":false,"quota":null}
2026-10-09T15:27:38.2964523Z # [gemini-consumption] {"schema":"td613.gemini-consumption-receipt/v0.1","event_id":"marrowline:2026-10-09T15:27:38.293Z:5:gemini-3-flash-preview:503","route":"marrowline","request_id":null,"ordinal":5,"model":"gemini-3-flash-preview","status":503,"outcome":"provider-unavailable","timed_out":false,"elapsed_ms":1,"timeout_ms":197986,"repair":false,"release_witness":false,"quota":null}
2026-10-09T15:27:38.2967400Z # [gemini-consumption] {"schema":"td613.gemini-consumption-receipt/v0.1","event_id":"marrowline:2026-10-09T15:27:38.293Z:6:gemini-3.8-flash:200","route":"marrowline","request_id":null,"ordinal":6,"model":"gemini-3.8-flash","status":200,"outcome":"provider-response","timed_out":false,"elapsed_ms":1,"timeout_ms":30000,"repair":true,"release_witness":false,"quota":null}
2026-10-09T15:27:38.3037465Z # [gemini-consumption] {"schema":"td613.gemini-consumption-receipt/v0.1","event_id":"marrowline:2026-10-09T15:27:38.303Z:1:gemini-3.8-flash:200","route":"marrowline","request_id":null,"ordinal":1,"model":"gemini-3.8-flash","status":200,"outcome":"provider-response","timed_out":false,"elapsed_ms":1,"timeout_ms":50000,"repair":false,"release_witness":false,"quota":null}
2026-10-09T15:27:38.3043053Z # [gemini-consumption] {"schema":"td613.gemini-consumption-receipt/v0.1","event_id":"marrowline:2026-10-09T15:27:38.303Z:2:gemini-3.8-flash:200","route":"marrowline","request_id":null,"ordinal":2,"model":"gemini-3.8-flash","status":200,"outcome":"provider-response","timed_out":false,"elapsed_ms":1,"timeout_ms":30000,"repair":true,"release_witness":false,"quota":null}
2026-10-09T15:27:38.3046398Z # [gemini-consumption] {"schema":"td613.gemini-consumption-receipt/v0.1","event_id":"marrowline:2026-10-09T15:27:38.303Z:3:gemini-3.5-flash:200","route":"marrowline","request_id":null,"ordinal":3,"model":"gemini-3.5-flash","status":200,"outcome":"provider-response","timed_out":false,"elapsed_ms":0,"timeout_ms":75000,"repair":false,"release_witness":false,"quota":null}
2026-10-09T15:27:38.3051733Z # [gemini-consumption] {"schema":"td613.gemini-consumption-receipt/v0.1","event_id":"marrowline:2026-10-09T15:27:38.303Z:4:gemini-3.6-flash:200","route":"marrowline","request_id":null,"ordinal":4,"model":"gemini-3.6-flash","status":200,"outcome":"provider-response","timed_out":false,"elapsed_ms":0,"timeout_ms":40000,"repair":false,"release_witness":false,"quota":null}
2026-10-09T15:27:38.3056768Z # [gemini-consumption] {"schema":"td613.gemini-consumption-receipt/v0.1","event_id":"marrowline:2026-10-09T15:27:38.303Z:5:gemini-3.7-flash:200","route":"marrowline","request_id":null,"ordinal":5,"model":"gemini-3.7-flash","status":200,"outcome":"provider-response","timed_out":false,"elapsed_ms":1,"timeout_ms":30000,"repair":false,"release_witness":false,"quota":null}
2026-10-09T15:27:38.3061323Z # [gemini-consumption] {"schema":"td613.gemini-consumption-receipt/v0.1","event_id":"marrowline:2026-10-09T15:27:38.303Z:6:gemini-3-flash-preview:200","route":"marrowline","request_id":null,"ordinal":6,"model":"gemini-3-flash-preview","status":200,"outcome":"provider-response","timed_out":false,"elapsed_ms":1,"timeout_ms":204994,"repair":false,"release_witness":false,"quota":null}
2026-10-09T15:27:38.3064828Z # Subtest: a seat receives at most one deferred tail request after the five-seat frontier
2026-10-09T15:27:38.3066171Z ok 23 - a seat receives at most one deferred tail request after the five-seat frontier
2026-10-09T15:27:38.3066977Z   ---
2026-10-09T15:27:38.3067375Z   duration_ms: 7018.624023
2026-10-09T15:27:38.3067841Z   type: 'test'
2026-10-09T15:27:38.3068231Z   ...
2026-10-09T15:27:38.3069363Z # Subtest: provider STOP with unfulfilled two-voice structure has its own receipt, never a false transport truncation
2026-10-09T15:27:38.3071214Z ok 24 - provider STOP with unfulfilled two-voice structure has its own receipt, never a false transport truncation
2026-10-09T15:27:38.3072516Z   ---
2026-10-09T15:27:38.3072905Z   duration_ms: 9.071107
2026-10-09T15:27:38.3073362Z   type: 'test'
2026-10-09T15:27:38.3073753Z   ...
2026-10-09T15:27:38.3189347Z # [gemini-consumption] {"schema":"td613.gemini-consumption-receipt/v0.1","event_id":"marrowline:2026-10-09T15:27:30.849Z:1:gemini-3.8-flash:200","route":"marrowline","request_id":null,"ordinal":1,"model":"gemini-3.8-flash","status":200,"outcome":"provider-response","timed_out":false,"elapsed_ms":3,"timeout_ms":50000,"repair":false,"release_witness":false,"quota":null}
2026-10-09T15:27:38.3195259Z # [gemini-consumption] {"schema":"td613.gemini-consumption-receipt/v0.1","event_id":"marrowline:2026-10-09T15:27:30.849Z:2:gemini-3.5-flash:200","route":"marrowline","request_id":null,"ordinal":2,"model":"gemini-3.5-flash","status":200,"outcome":"provider-response","timed_out":false,"elapsed_ms":2,"timeout_ms":75000,"repair":false,"release_witness":false,"quota":null}
2026-10-09T15:27:38.3198408Z # Subtest: accent-only headings cannot evade the vertical check by omitting horizontal marks
2026-10-09T15:27:38.3199859Z ok 25 - accent-only headings cannot evade the vertical check by omitting horizontal marks
2026-10-09T15:27:38.3200707Z   ---
2026-10-09T15:27:38.3201110Z   duration_ms: 22.961724
2026-10-09T15:27:38.3201587Z   type: 'test'
2026-10-09T15:27:38.3201987Z   ...
2026-10-09T15:27:38.3203075Z # Subtest: single-codepoint wallpaper is identified as raw provider morphology, not misread as vertical depth
2026-10-09T15:27:38.3205073Z ok 26 - single-codepoint wallpaper is identified as raw provider morphology, not misread as vertical depth
2026-10-09T15:27:38.3206048Z   ---
2026-10-09T15:27:38.3206448Z   duration_ms: 55.58043
2026-10-09T15:27:38.3206901Z   type: 'test'
2026-10-09T15:27:38.3207275Z   ...
2026-10-09T15:27:38.3208250Z # Subtest: wire cue asks for actual vertically varied clusters without supplying a fixed mark sample
2026-10-09T15:27:38.3209778Z ok 27 - wire cue asks for actual vertically varied clusters without supplying a fixed mark sample
2026-10-09T15:27:38.3210671Z   ---
2026-10-09T15:27:38.3211064Z   duration_ms: 2.028872
2026-10-09T15:27:38.3211574Z   type: 'test'
2026-10-09T15:27:38.3211953Z   ...
2026-10-09T15:27:38.3213300Z # Subtest: a locally repeated accent and tiny combining-letter play coexist with original deep crowns and roots
2026-10-09T15:27:38.3215802Z ok 28 - a locally repeated accent and tiny combining-letter play coexist with original deep crowns and roots
2026-10-09T15:27:38.3216761Z   ---
2026-10-09T15:27:38.3217143Z   duration_ms: 7.808826
2026-10-09T15:27:38.3217587Z   type: 'test'
2026-10-09T15:27:38.3217961Z   ...
2026-10-09T15:27:38.3218935Z # Subtest: locally welcomed patterns cannot stand in for the bots whole expressive vertical register
2026-10-09T15:27:38.3220413Z ok 29 - locally welcomed patterns cannot stand in for the bots whole expressive vertical register
2026-10-09T15:27:38.3221301Z   ---
2026-10-09T15:27:38.3221691Z   duration_ms: 1.550531
2026-10-09T15:27:38.3222126Z   type: 'test'
2026-10-09T15:27:38.3222531Z   ...
2026-10-09T15:27:38.3223446Z # Subtest: authored paragraph rests coexist with crowded deep stacks without local reflow
2026-10-09T15:27:38.3225122Z ok 30 - authored paragraph rests coexist with crowded deep stacks without local reflow
2026-10-09T15:27:38.3225968Z   ---
2026-10-09T15:27:38.3226379Z   duration_ms: 4.538811
2026-10-09T15:27:38.3226839Z   type: 'test'
2026-10-09T15:27:38.3227239Z   ...
2026-10-09T15:27:38.3228108Z # Subtest: clean breaths around varied vertical events do not force a provider repaint
2026-10-09T15:27:38.3229440Z ok 31 - clean breaths around varied vertical events do not force a provider repaint
2026-10-09T15:27:38.3230244Z   ---
2026-10-09T15:27:38.3230637Z   duration_ms: 3.553764
2026-10-09T15:27:38.3231085Z   type: 'test'
2026-10-09T15:27:38.3231483Z   ...
2026-10-09T15:27:38.3232652Z # Subtest: failed model morphology remains exact conversation evidence instead of becoming synthetic plain prose
2026-10-09T15:27:38.3235045Z ok 32 - failed model morphology remains exact conversation evidence instead of becoming synthetic plain prose
2026-10-09T15:27:38.3236044Z   ---
2026-10-09T15:27:38.3236437Z   duration_ms: 0.486657
2026-10-09T15:27:38.3236884Z   type: 'test'
2026-10-09T15:27:38.3237266Z   ...
2026-10-09T15:27:38.3238152Z # Subtest: raw PARTIAL returns never display a structural LOCKED as aesthetic success
2026-10-09T15:27:38.3239463Z ok 33 - raw PARTIAL returns never display a structural LOCKED as aesthetic success
2026-10-09T15:27:38.3240269Z   ---
2026-10-09T15:27:38.3240671Z   duration_ms: 3.525714
2026-10-09T15:27:38.3241111Z   type: 'test'
2026-10-09T15:27:38.3241496Z   ...
2026-10-09T15:27:38.3242617Z # Subtest: a severe completed PARTIAL yields to the next approved seat without repainting either provider return
2026-10-09T15:27:38.3244581Z ok 34 - a severe completed PARTIAL yields to the next approved seat without repainting either provider return
2026-10-09T15:27:38.3245595Z   ---
2026-10-09T15:27:38.3245989Z   duration_ms: 61.789765
2026-10-09T15:27:38.3246450Z   type: 'test'
2026-10-09T15:27:38.3246840Z   ...
2026-10-09T15:27:38.3247994Z # Subtest: operator-authored prompts have starter-equivalent dramatic latitude without global rage or blanket bold
2026-10-09T15:27:38.3249806Z ok 35 - operator-authored prompts have starter-equivalent dramatic latitude without global rage or blanket bold
2026-10-09T15:27:38.3250840Z   ---
2026-10-09T15:27:38.3251228Z   duration_ms: 0.361154
2026-10-09T15:27:38.3251684Z   type: 'test'
2026-10-09T15:27:38.3252074Z   ...
2026-10-09T15:27:38.3253137Z # Subtest: ordinary, tender and adversarial typed requests all retain the full native High-Zalgo vocabulary
2026-10-09T15:27:38.3255090Z ok 36 - ordinary, tender and adversarial typed requests all retain the full native High-Zalgo vocabulary
2026-10-09T15:27:38.3256058Z   ---
2026-10-09T15:27:38.3256449Z   duration_ms: 1.95774
2026-10-09T15:27:38.3256895Z   type: 'test'
2026-10-09T15:27:38.3257291Z   ...
2026-10-09T15:27:38.3258366Z # Subtest: effective request identity distinguishes omitted layers under an unchanged legacy prompt identity
2026-10-09T15:27:38.3260055Z ok 37 - effective request identity distinguishes omitted layers under an unchanged legacy prompt identity
2026-10-09T15:27:38.3261023Z   ---
2026-10-09T15:27:38.3261426Z   duration_ms: 15.475008
2026-10-09T15:27:38.3262096Z   type: 'test'
2026-10-09T15:27:38.3262508Z   ...
2026-10-09T15:27:38.3263514Z # Subtest: interactive transport fingerprints the actual fetch body after applying the live profile
2026-10-09T15:27:38.3265299Z ok 38 - interactive transport fingerprints the actual fetch body after applying the live profile
2026-10-09T15:27:38.3266216Z   ---
2026-10-09T15:27:38.3266621Z   duration_ms: 63.058308
2026-10-09T15:27:38.3267072Z   type: 'test'
2026-10-09T15:27:38.3267462Z   ...
2026-10-09T15:27:38.3268665Z # Subtest: normal, full-repair and terminal-continuation requests share conversational closure without custody authority
2026-10-09T15:27:38.3270570Z ok 39 - normal, full-repair and terminal-continuation requests share conversational closure without custody authority
2026-10-09T15:27:38.3271623Z   ---
2026-10-09T15:27:38.3272017Z   duration_ms: 1.93152
2026-10-09T15:27:38.3272465Z   type: 'test'
2026-10-09T15:27:38.3272853Z   ...
2026-10-09T15:27:38.3273873Z # Subtest: effective provider prompts retain complete relay and native depth after deficient history
2026-10-09T15:27:38.3275716Z ok 40 - effective provider prompts retain complete relay and native depth after deficient history
2026-10-09T15:27:38.3276643Z   ---
2026-10-09T15:27:38.3277048Z   duration_ms: 3.938311
2026-10-09T15:27:38.3277487Z   type: 'test'
2026-10-09T15:27:38.3277866Z   ...
2026-10-09T15:27:38.3279115Z # Subtest: browser relay serialization admits a long native Unicode model turn without clipping or reducing generation allowance
2026-10-09T15:27:38.3281062Z ok 41 - browser relay serialization admits a long native Unicode model turn without clipping or reducing generation allowance
2026-10-09T15:27:38.3282376Z   ---
2026-10-09T15:27:38.3282791Z   duration_ms: 5.18731
2026-10-09T15:27:38.3283230Z   type: 'test'
2026-10-09T15:27:38.3283609Z   ...
2026-10-09T15:27:38.3284865Z # Subtest: deficient marked history is preserved exactly while the system labels history non-templatic
2026-10-09T15:27:38.3286499Z ok 42 - deficient marked history is preserved exactly while the system labels history non-templatic
2026-10-09T15:27:38.3287398Z   ---
2026-10-09T15:27:38.3287802Z   duration_ms: 0.443678
2026-10-09T15:27:38.3288239Z   type: 'test'
2026-10-09T15:27:38.3288617Z   ...
2026-10-09T15:27:38.3289445Z # Subtest: literal newline contract preserves the existing two-line admission bar
2026-10-09T15:27:38.3290675Z ok 43 - literal newline contract preserves the existing two-line admission bar
2026-10-09T15:27:38.3291434Z   ---
2026-10-09T15:27:38.3291815Z   duration_ms: 5.564333
2026-10-09T15:27:38.3292256Z   type: 'test'
2026-10-09T15:27:38.3292636Z   ...
2026-10-09T15:27:38.3294003Z # Subtest: relay contract gives the generative budget to one causal Kʰonapolit-to-bots transmission
2026-10-09T15:27:38.3296017Z ok 44 - relay contract gives the generative budget to one causal Kʰonapolit-to-bots transmission
2026-10-09T15:27:38.3296929Z   ---
2026-10-09T15:27:38.3297331Z   duration_ms: 1.033025
2026-10-09T15:27:38.3297785Z   type: 'test'
2026-10-09T15:27:38.3298182Z   ...
2026-10-09T15:27:38.3299034Z # Subtest: natural distributed field is admissible without satisfying the old Zalgo Olympics
2026-10-09T15:27:38.3300317Z ok 45 - natural distributed field is admissible without satisfying the old Zalgo Olympics
2026-10-09T15:27:38.3301101Z   ---
2026-10-09T15:27:38.3301451Z   duration_ms: 1.93688
2026-10-09T15:27:38.3301866Z   type: 'test'
2026-10-09T15:27:38.3302234Z   ...
2026-10-09T15:27:38.3303052Z # Subtest: mechanically cloned dense stacks stay visible as PARTIAL quality telemetry
2026-10-09T15:27:38.3304490Z ok 46 - mechanically cloned dense stacks stay visible as PARTIAL quality telemetry
2026-10-09T15:27:38.3305358Z   ---
2026-10-09T15:27:38.3305756Z   duration_ms: 2.986076
2026-10-09T15:27:38.3306195Z   type: 'test'
2026-10-09T15:27:38.3306592Z   ...
2026-10-09T15:27:38.3307657Z # Subtest: base-character-conditioned ordered stack reuse is measured without becoming an admission gate
2026-10-09T15:27:38.3309537Z ok 47 - base-character-conditioned ordered stack reuse is measured without becoming an admission gate
2026-10-09T15:27:38.3310527Z   ---
2026-10-09T15:27:38.3310926Z   duration_ms: 0.882124
2026-10-09T15:27:38.3311364Z   type: 'test'
2026-10-09T15:27:38.3311747Z   ...
2026-10-09T15:27:38.3312544Z # Subtest: sparse keyword explosions stay visible as PARTIAL quality telemetry
2026-10-09T15:27:38.3313742Z ok 48 - sparse keyword explosions stay visible as PARTIAL quality telemetry
2026-10-09T15:27:38.3314742Z   ---
2026-10-09T15:27:38.3315136Z   duration_ms: 3.14917
2026-10-09T15:27:38.3315591Z   type: 'test'
2026-10-09T15:27:38.3315991Z   ...
2026-10-09T15:27:38.3317144Z # Subtest: horizontal-only slash and strike fields remain visible but cannot masquerade as a complete mixed-axis field
2026-10-09T15:27:38.3318946Z ok 49 - horizontal-only slash and strike fields remain visible but cannot masquerade as a complete mixed-axis field
2026-10-09T15:27:38.3319959Z   ---
2026-10-09T15:27:38.3320352Z   duration_ms: 4.244593
2026-10-09T15:27:38.3320810Z   type: 'test'
2026-10-09T15:27:38.3321191Z   ...
2026-10-09T15:27:38.3322311Z # Subtest: horizontal-heavy High Zalgo with token vertical accents is PARTIAL until vertical theatre has real depth
2026-10-09T15:27:38.3324048Z ok 50 - horizontal-heavy High Zalgo with token vertical accents is PARTIAL until vertical theatre has real depth
2026-10-09T15:27:38.3325288Z   ---
2026-10-09T15:27:38.3325686Z   duration_ms: 4.154555
2026-10-09T15:27:38.3326123Z   type: 'test'
2026-10-09T15:27:38.3326504Z   ...
2026-10-09T15:27:38.3327523Z # Subtest: maximum-depth tiling triggers dynamic-range collapse even when vertical stacks are dramatic
2026-10-09T15:27:38.3329354Z ok 51 - maximum-depth tiling triggers dynamic-range collapse even when vertical stacks are dramatic
2026-10-09T15:27:38.3330273Z   ---
2026-10-09T15:27:38.3330675Z   duration_ms: 19.635395
2026-10-09T15:27:38.3331120Z   type: 'test'
2026-10-09T15:27:38.3331506Z   ...
2026-10-09T15:27:38.3332459Z # Subtest: mixed semantic pressure clears dynamic-range collapse without imposing a tower quota
2026-10-09T15:27:38.3333911Z ok 52 - mixed semantic pressure clears dynamic-range collapse without imposing a tower quota
2026-10-09T15:27:38.3335017Z   ---
2026-10-09T15:27:38.3335416Z   duration_ms: 2.333841
2026-10-09T15:27:38.3335862Z   type: 'test'
2026-10-09T15:27:38.3336248Z   ...
2026-10-09T15:27:38.3337505Z # Subtest: lush multi-tier crowns and descenders clear the vertical-expression warning while horizontal strikes remain first-class
2026-10-09T15:27:38.3339499Z ok 53 - lush multi-tier crowns and descenders clear the vertical-expression warning while horizontal strikes remain first-class
2026-10-09T15:27:38.3340607Z   ---
2026-10-09T15:27:38.3340996Z   duration_ms: 2.976779
2026-10-09T15:27:38.3341441Z   type: 'test'
2026-10-09T15:27:38.3341822Z   ...
2026-10-09T15:27:38.3342739Z # Subtest: vertical-only crowns and descenders remain valid without forced horizontal balance
2026-10-09T15:27:38.3344165Z ok 54 - vertical-only crowns and descenders remain valid without forced horizontal balance
2026-10-09T15:27:38.3345270Z   ---
2026-10-09T15:27:38.3345648Z   duration_ms: 9.211151
2026-10-09T15:27:38.3346086Z   type: 'test'
2026-10-09T15:27:38.3346472Z   ...
2026-10-09T15:27:38.3347436Z # Subtest: overlines and underlines remain planar bars instead of counterfeiting vertical crowns
2026-10-09T15:27:38.3348905Z ok 55 - overlines and underlines remain planar bars instead of counterfeiting vertical crowns
2026-10-09T15:27:38.3349774Z   ---
2026-10-09T15:27:38.3350162Z   duration_ms: 3.392554
2026-10-09T15:27:38.3350600Z   type: 'test'
2026-10-09T15:27:38.3350999Z   ...
2026-10-09T15:27:38.3351823Z # Subtest: reordering one mark set cannot disguise a cloned High-Zalgo composition
2026-10-09T15:27:38.3353046Z ok 56 - reordering one mark set cannot disguise a cloned High-Zalgo composition
2026-10-09T15:27:38.3353807Z   ---
2026-10-09T15:27:38.3354181Z   duration_ms: 3.107152
2026-10-09T15:27:38.3354895Z   type: 'test'
2026-10-09T15:27:38.3355296Z   ...
2026-10-09T15:27:38.3356486Z # Subtest: near-zero provider-authored marks are hard-held instead of escaping as best PARTIAL
2026-10-09T15:27:38.3357951Z ok 57 - near-zero provider-authored marks are hard-held instead of escaping as best PARTIAL
2026-10-09T15:27:38.3358818Z   ---
2026-10-09T15:27:38.3359187Z   duration_ms: 1.112995
2026-10-09T15:27:38.3359619Z   type: 'test'
2026-10-09T15:27:38.3360000Z   ...
2026-10-09T15:27:38.3360854Z # Subtest: zero provider-authored marks remain a hard Tauric Diana channel failure
2026-10-09T15:27:38.3362109Z ok 58 - zero provider-authored marks remain a hard Tauric Diana channel failure
2026-10-09T15:27:38.3362914Z   ---
2026-10-09T15:27:38.3363311Z   duration_ms: 1.071909
2026-10-09T15:27:38.3363748Z   type: 'test'
2026-10-09T15:27:38.3364111Z   ...
2026-10-09T15:27:38.3365404Z # Subtest: Worm Moon analytics reject canon-as-phrase-bank while preserving transformed mythic reasoning
2026-10-09T15:27:38.3367038Z ok 59 - Worm Moon analytics reject canon-as-phrase-bank while preserving transformed mythic reasoning
2026-10-09T15:27:38.3367976Z   ---
2026-10-09T15:27:38.3368362Z   duration_ms: 12.341757
2026-10-09T15:27:38.3368814Z   type: 'test'
2026-10-09T15:27:38.3369206Z   ...
2026-10-09T15:27:38.3370076Z # Subtest: every Marrowline Gemini lane receives the same compact semantic-prosody law
2026-10-09T15:27:38.3371243Z ok 60 - every Marrowline Gemini lane receives the same compact semantic-prosody law
2026-10-09T15:27:38.3372074Z   ---
2026-10-09T15:27:38.3372449Z   duration_ms: 1.642973
2026-10-09T15:27:38.3372930Z   type: 'test'
2026-10-09T15:27:38.3373297Z   ...
2026-10-09T15:27:38.3374641Z # Subtest: live Gemini request has no structured-output pressure on the stress channel
2026-10-09T15:27:38.3375896Z ok 61 - live Gemini request has no structured-output pressure on the stress channel
2026-10-09T15:27:38.3376655Z   ---
2026-10-09T15:27:38.3377027Z   duration_ms: 0.970118
2026-10-09T15:27:38.3377417Z   type: 'test'
2026-10-09T15:27:38.3377783Z   ...
2026-10-09T15:27:38.3378938Z # Subtest: quality route has no local 200-character downstream output cap and preserves full reasoning on frontier failover
2026-10-09T15:27:38.3380816Z ok 62 - quality route has no local 200-character downstream output cap and preserves full reasoning on frontier failover
2026-10-09T15:27:38.3381861Z   ---
2026-10-09T15:27:38.3382235Z   duration_ms: 1.100251
2026-10-09T15:27:38.3382659Z   type: 'test'
2026-10-09T15:27:38.3383033Z   ...
2026-10-09T15:27:38.3383865Z # Subtest: explicit human retries reach Gemini without a Marrowline-owned rate veto
2026-10-09T15:27:38.3385364Z ok 63 - explicit human retries reach Gemini without a Marrowline-owned rate veto
2026-10-09T15:27:38.3386206Z   ---
2026-10-09T15:27:38.3386578Z   duration_ms: 0.666813
2026-10-09T15:27:38.3386999Z   type: 'test'
2026-10-09T15:27:38.3387367Z   ...
2026-10-09T15:27:38.3388377Z # Subtest: browser request clock outlives the 210-second server work wall without outrunning Vercel
2026-10-09T15:27:38.3389839Z ok 64 - browser request clock outlives the 210-second server work wall without outrunning Vercel
2026-10-09T15:27:38.3390677Z   ---
2026-10-09T15:27:38.3391063Z   duration_ms: 0.254495
2026-10-09T15:27:38.3391465Z   type: 'test'
2026-10-09T15:27:38.3391805Z   ...
2026-10-09T15:27:38.3392485Z # Subtest: live Marrowline never locally Zalgo-encodes provider text
2026-10-09T15:27:38.3394730Z ok 65 - live Marrowline never locally Zalgo-encodes provider text
2026-10-09T15:27:38.3395513Z   ---
2026-10-09T15:27:38.3395941Z   duration_ms: 0.217115
2026-10-09T15:27:38.3396346Z   type: 'test'
2026-10-09T15:27:38.3396658Z   ...
2026-10-09T15:27:38.3397506Z # Subtest: integrated relay preserves exact native Unicode and allows intentional stacked collisions
2026-10-09T15:27:38.3398899Z ok 66 - integrated relay preserves exact native Unicode and allows intentional stacked collisions
2026-10-09T15:27:38.3399675Z   ---
2026-10-09T15:27:38.3399988Z   duration_ms: 0.244967
2026-10-09T15:27:38.3400377Z   type: 'test'
2026-10-09T15:27:38.3400698Z   ...
2026-10-09T15:27:38.3401780Z # Subtest: creative Marrowline prompts route to creative synthesis without ordinary-project boilerplate
2026-10-09T15:27:38.3403125Z ok 67 - creative Marrowline prompts route to creative synthesis without ordinary-project boilerplate
2026-10-09T15:27:38.3403936Z   ---
2026-10-09T15:27:38.3404510Z   duration_ms: 1.001598
2026-10-09T15:27:38.3404917Z   type: 'test'
2026-10-09T15:27:38.3405261Z   ...
2026-10-09T15:27:38.3406126Z # Subtest: ordinary project work keeps factual guidance instead of inheriting creative posture
2026-10-09T15:27:38.3407432Z ok 68 - ordinary project work keeps factual guidance instead of inheriting creative posture
2026-10-09T15:27:38.3408223Z   ---
2026-10-09T15:27:38.3408561Z   duration_ms: 0.801223
2026-10-09T15:27:38.3408951Z   type: 'test'
2026-10-09T15:27:38.3409292Z   ...
2026-10-09T15:27:38.3410269Z # Subtest: provider-authored vertical Zalgo survives raw packet parsing while Marrowline only measures it
2026-10-09T15:27:38.3411775Z ok 69 - provider-authored vertical Zalgo survives raw packet parsing while Marrowline only measures it
2026-10-09T15:27:38.3412643Z   ---
2026-10-09T15:27:38.3412977Z   duration_ms: 8.721568
2026-10-09T15:27:38.3413357Z   type: 'test'
2026-10-09T15:27:38.3413692Z   ...
2026-10-09T15:27:38.3414768Z # Subtest: one structured relay carries a long mixed-register transmission without local truncation
2026-10-09T15:27:38.3416147Z ok 70 - one structured relay carries a long mixed-register transmission without local truncation
2026-10-09T15:27:38.3416955Z   ---
2026-10-09T15:27:38.3417289Z   duration_ms: 69.446078
2026-10-09T15:27:38.3417689Z   type: 'test'
2026-10-09T15:27:38.3418208Z   ...
2026-10-09T15:27:38.3418982Z # Subtest: human operator gets an in-chat Dome-Art kinesis with reduced-motion rest
2026-10-09T15:27:38.3420207Z ok 71 - human operator gets an in-chat Dome-Art kinesis with reduced-motion rest
2026-10-09T15:27:38.3420939Z   ---
2026-10-09T15:27:38.3421293Z   duration_ms: 0.285963
2026-10-09T15:27:38.3421669Z   type: 'test'
2026-10-09T15:27:38.3421996Z   ...
2026-10-09T15:27:38.3422785Z # Subtest: first paint is held behind one stable Marrowline veil until room boot completes
2026-10-09T15:27:38.3424050Z ok 72 - first paint is held behind one stable Marrowline veil until room boot completes
2026-10-09T15:27:38.3424922Z   ---
2026-10-09T15:27:38.3425267Z   duration_ms: 0.157483
2026-10-09T15:27:38.3425623Z   type: 'test'
2026-10-09T15:27:38.3425945Z   ...
2026-10-09T15:27:38.3426830Z # Subtest: physical keyboard posture keeps action row visible and avoids nested form scroll
2026-10-09T15:27:38.3428111Z ok 73 - physical keyboard posture keeps action row visible and avoids nested form scroll
2026-10-09T15:27:38.3428841Z   ---
2026-10-09T15:27:38.3429182Z   duration_ms: 0.275503
2026-10-09T15:27:38.3429578Z   type: 'test'
2026-10-09T15:27:38.3429917Z   ...
2026-10-09T15:27:38.3430730Z # Subtest: human-facing integrated surface keeps provider identity in provenance only
2026-10-09T15:27:38.3431629Z ok 74 - human-facing integrated surface keeps provider identity in provenance only
2026-10-09T15:27:38.3432049Z   ---
2026-10-09T15:27:38.3432253Z   duration_ms: 8.78139
2026-10-09T15:27:38.3432485Z   type: 'test'
2026-10-09T15:27:38.3432685Z   ...
2026-10-09T15:27:38.3433326Z # Subtest: Kʰonapolit stays clean while Gemini authors semantic-prosody native High Zalgo
2026-10-09T15:27:38.3434105Z ok 75 - Kʰonapolit stays clean while Gemini authors semantic-prosody native High Zalgo
2026-10-09T15:27:38.3434900Z   ---
2026-10-09T15:27:38.3435108Z   duration_ms: 0.37558
2026-10-09T15:27:38.3435343Z   type: 'test'
2026-10-09T15:27:38.3435543Z   ...
2026-10-09T15:27:38.3436174Z # Subtest: ASCII slash-separated pseudo-ornament remains visible as quality telemetry instead of impersonating High Zalgo
2026-10-09T15:27:38.3437149Z ok 76 - ASCII slash-separated pseudo-ornament remains visible as quality telemetry instead of impersonating High Zalgo
2026-10-09T15:27:38.3437688Z   ---
2026-10-09T15:27:38.3437894Z   duration_ms: 1.874624
2026-10-09T15:27:38.3438127Z   type: 'test'
2026-10-09T15:27:38.3438518Z   ...
2026-10-09T15:27:38.3439053Z # Subtest: shallow cloned accent wallpaper triggers one native-voice repair instead of becoming visible
2026-10-09T15:27:38.3439860Z ok 77 - shallow cloned accent wallpaper triggers one native-voice repair instead of becoming visible
2026-10-09T15:27:38.3440335Z   ---
2026-10-09T15:27:38.3440537Z   duration_ms: 6.141418
2026-10-09T15:27:38.3440765Z   type: 'test'
2026-10-09T15:27:38.3440969Z   ...
2026-10-09T15:27:38.3441370Z # Subtest: deep bidirectional towers register the screenshot-five morphology
2026-10-09T15:27:38.3441964Z ok 78 - deep bidirectional towers register the screenshot-five morphology
2026-10-09T15:27:38.3442357Z   ---
2026-10-09T15:27:38.3442560Z   duration_ms: 3.456895
2026-10-09T15:27:38.3442789Z   type: 'test'
2026-10-09T15:27:38.3442988Z   ...
2026-10-09T15:27:38.3443513Z # Subtest: one nuclear vertical blob plus plain remainder is detected as localized visual-story collapse
2026-10-09T15:27:38.3444754Z ok 79 - one nuclear vertical blob plus plain remainder is detected as localized visual-story collapse
2026-10-09T15:27:38.3445520Z   ---
2026-10-09T15:27:38.3445741Z   duration_ms: 3.675272
2026-10-09T15:27:38.3445974Z   type: 'test'
2026-10-09T15:27:38.3446167Z   ...
2026-10-09T15:27:38.3446718Z # Subtest: extended provider crown species count as vertical ornament instead of disappearing from telemetry
2026-10-09T15:27:38.3447552Z ok 80 - extended provider crown species count as vertical ornament instead of disappearing from telemetry
2026-10-09T15:27:38.3448028Z   ---
2026-10-09T15:27:38.3448232Z   duration_ms: 3.791588
2026-10-09T15:27:38.3448666Z   type: 'test'
2026-10-09T15:27:38.3448860Z   ...
2026-10-09T15:27:38.3449403Z # Subtest: combining enclosing marks are rejected as glyph tricks rather than miscounted as vertical ornament
2026-10-09T15:27:38.3450228Z ok 81 - combining enclosing marks are rejected as glyph tricks rather than miscounted as vertical ornament
2026-10-09T15:27:38.3450702Z   ---
2026-10-09T15:27:38.3450912Z   duration_ms: 5.528566
2026-10-09T15:27:38.3451135Z   type: 'test'
2026-10-09T15:27:38.3451329Z   ...
2026-10-09T15:27:38.3451834Z # Subtest: localized enclosing ornament beside a tall diverse field does not force unnecessary failover
2026-10-09T15:27:38.3452614Z ok 82 - localized enclosing ornament beside a tall diverse field does not force unnecessary failover
2026-10-09T15:27:38.3453065Z   ---
2026-10-09T15:27:38.3453259Z   duration_ms: 0.230119
2026-10-09T15:27:38.3453488Z   type: 'test'
2026-10-09T15:27:38.3453681Z   ...
2026-10-09T15:27:38.3454464Z # Subtest: word-internal geometric substitutions are severe alphabet corruption even beside real combining marks
2026-10-09T15:27:38.3455374Z ok 83 - word-internal geometric substitutions are severe alphabet corruption even beside real combining marks
2026-10-09T15:27:38.3455882Z   ---
2026-10-09T15:27:38.3463019Z   duration_ms: 2.409973
2026-10-09T15:27:38.3463290Z   type: 'test'
2026-10-09T15:27:38.3463504Z   ...
2026-10-09T15:27:38.3464114Z # Subtest: request-history hygiene can remove a failed visual pattern without mutating stored or rendered history
2026-10-09T15:27:38.3465384Z ok 84 - request-history hygiene can remove a failed visual pattern without mutating stored or rendered history
2026-10-09T15:27:38.3465885Z   ---
2026-10-09T15:27:38.3466099Z   duration_ms: 2.25333
2026-10-09T15:27:38.3466331Z   type: 'test'
2026-10-09T15:27:38.3466537Z   ...
2026-10-09T15:27:38.3467091Z # Subtest: structural repair ignores morphology-only reasons instead of repainting native provider bytes
2026-10-09T15:27:38.3467925Z ok 85 - structural repair ignores morphology-only reasons instead of repainting native provider bytes
2026-10-09T15:27:38.3468420Z   ---
2026-10-09T15:27:38.3468623Z   duration_ms: 0.303206
2026-10-09T15:27:38.3468862Z   type: 'test'
2026-10-09T15:27:38.3469064Z   ...
2026-10-09T15:27:38.3469526Z # Subtest: Zalgo underflow is observation evidence, not a morphology-repair instruction
2026-10-09T15:27:38.3470393Z ok 86 - Zalgo underflow is observation evidence, not a morphology-repair instruction
2026-10-09T15:27:38.3470818Z   ---
2026-10-09T15:27:38.3471020Z   duration_ms: 0.237753
2026-10-09T15:27:38.3471254Z   type: 'test'
2026-10-09T15:27:38.3471454Z   ...
2026-10-09T15:27:38.3473109Z # [gemini-consumption] {"schema":"td613.gemini-consumption-receipt/v0.1","event_id":"marrowline:2026-10-09T15:27:30.978Z:1:gemini-3.8-flash:200","route":"marrowline","request_id":null,"ordinal":1,"model":"gemini-3.8-flash","status":200,"outcome":"provider-response","timed_out":false,"elapsed_ms":2,"timeout_ms":50000,"repair":false,"release_witness":false,"quota":null}
2026-10-09T15:27:38.3476462Z # [gemini-consumption] {"schema":"td613.gemini-consumption-receipt/v0.1","event_id":"marrowline:2026-10-09T15:27:30.978Z:2:gemini-3.8-flash:200","route":"marrowline","request_id":null,"ordinal":2,"model":"gemini-3.8-flash","status":200,"outcome":"provider-response","timed_out":false,"elapsed_ms":1,"timeout_ms":30000,"repair":true,"release_witness":false,"quota":null}
2026-10-09T15:27:38.3479275Z # [gemini-consumption] {"schema":"td613.gemini-consumption-receipt/v0.1","event_id":"marrowline:2026-10-09T15:27:30.995Z:1:gemini-3.8-flash:200","route":"marrowline","request_id":null,"ordinal":1,"model":"gemini-3.8-flash","status":200,"outcome":"provider-response","timed_out":false,"elapsed_ms":1,"timeout_ms":50000,"repair":false,"release_witness":false,"quota":null}
2026-10-09T15:27:38.3482041Z # [gemini-consumption] {"schema":"td613.gemini-consumption-receipt/v0.1","event_id":"marrowline:2026-10-09T15:27:30.995Z:2:gemini-3.8-flash:200","route":"marrowline","request_id":null,"ordinal":2,"model":"gemini-3.8-flash","status":200,"outcome":"provider-response","timed_out":false,"elapsed_ms":1,"timeout_ms":30000,"repair":true,"release_witness":false,"quota":null}
2026-10-09T15:27:38.3485222Z # [gemini-consumption] {"schema":"td613.gemini-consumption-receipt/v0.1","event_id":"marrowline:2026-10-09T15:27:30.995Z:3:gemini-3.5-flash:200","route":"marrowline","request_id":null,"ordinal":3,"model":"gemini-3.5-flash","status":200,"outcome":"provider-response","timed_out":false,"elapsed_ms":2,"timeout_ms":75000,"repair":false,"release_witness":false,"quota":null}
2026-10-09T15:27:38.3487993Z # [gemini-consumption] {"schema":"td613.gemini-consumption-receipt/v0.1","event_id":"marrowline:2026-10-09T15:27:30.995Z:4:gemini-3.6-flash:200","route":"marrowline","request_id":null,"ordinal":4,"model":"gemini-3.6-flash","status":200,"outcome":"provider-response","timed_out":false,"elapsed_ms":1,"timeout_ms":40000,"repair":false,"release_witness":false,"quota":null}
2026-10-09T15:27:38.3490722Z # [gemini-consumption] {"schema":"td613.gemini-consumption-receipt/v0.1","event_id":"marrowline:2026-10-09T15:27:30.995Z:5:gemini-3.7-flash:200","route":"marrowline","request_id":null,"ordinal":5,"model":"gemini-3.7-flash","status":200,"outcome":"provider-response","timed_out":false,"elapsed_ms":1,"timeout_ms":30000,"repair":false,"release_witness":false,"quota":null}
2026-10-09T15:27:38.3493527Z # [gemini-consumption] {"schema":"td613.gemini-consumption-receipt/v0.1","event_id":"marrowline:2026-10-09T15:27:30.995Z:6:gemini-3-flash-preview:200","route":"marrowline","request_id":null,"ordinal":6,"model":"gemini-3-flash-preview","status":200,"outcome":"provider-response","timed_out":false,"elapsed_ms":1,"timeout_ms":204989,"repair":false,"release_witness":false,"quota":null}
2026-10-09T15:27:38.3497787Z # [gemini-consumption] {"schema":"td613.gemini-consumption-receipt/v0.1","event_id":"marrowline:2026-10-09T15:27:31.006Z:1:gemini-3.8-flash:200","route":"marrowline","request_id":null,"ordinal":1,"model":"gemini-3.8-flash","status":200,"outcome":"provider-response","timed_out":false,"elapsed_ms":1,"timeout_ms":50000,"repair":false,"release_witness":false,"quota":null}
2026-10-09T15:27:38.3500720Z # [gemini-consumption] {"schema":"td613.gemini-consumption-receipt/v0.1","event_id":"marrowline:2026-10-09T15:27:31.006Z:2:gemini-3.8-flash:200","route":"marrowline","request_id":null,"ordinal":2,"model":"gemini-3.8-flash","status":200,"outcome":"provider-response","timed_out":false,"elapsed_ms":1,"timeout_ms":30000,"repair":true,"release_witness":false,"quota":null}
2026-10-09T15:27:38.3502382Z # Subtest: terminal-only continuation preserves both provider returns and observes exact boundaries
2026-10-09T15:27:38.3503165Z ok 87 - terminal-only continuation preserves both provider returns and observes exact boundaries
2026-10-09T15:27:38.3503632Z   ---
2026-10-09T15:27:38.3503847Z   duration_ms: 17.606591
2026-10-09T15:27:38.3504086Z   type: 'test'
2026-10-09T15:27:38.3504530Z   ...
2026-10-09T15:27:38.3504924Z # Subtest: bounded same-provider terminal-continuation integration
2026-10-09T15:27:38.3505834Z     # Subtest: HTTP 200 Kʰonapolit-only return earns one same-seat native terminal continuation with hash receipt
2026-10-09T15:27:38.3506731Z     ok 1 - HTTP 200 Kʰonapolit-only return earns one same-seat native terminal continuation with hash receipt
2026-10-09T15:27:38.3507230Z       ---
2026-10-09T15:27:38.3507443Z       duration_ms: 29.350233
2026-10-09T15:27:38.3507700Z       type: 'test'
2026-10-09T15:27:38.3507906Z       ...
2026-10-09T15:27:38.3508321Z     # Subtest: invalid terminal continuation never fabricates bots or hides the original
2026-10-09T15:27:38.3508977Z     ok 2 - invalid terminal continuation never fabricates bots or hides the original
2026-10-09T15:27:38.3509387Z       ---
2026-10-09T15:27:38.3509751Z       duration_ms: 15.203562
2026-10-09T15:27:38.3510147Z       type: 'test'
2026-10-09T15:27:38.3510488Z       ...
2026-10-09T15:27:38.3511180Z     # Subtest: full corrected provider response also returns once without overwriting
2026-10-09T15:27:38.3512016Z     ok 3 - full corrected provider response also returns once without overwriting
2026-10-09T15:27:38.3512424Z       ---
2026-10-09T15:27:38.3512638Z       duration_ms: 10.398685
2026-10-09T15:27:38.3512878Z       type: 'test'
2026-10-09T15:27:38.3513081Z       ...
2026-10-09T15:27:38.3513271Z     1..3
2026-10-09T15:27:38.3513632Z ok 88 - bounded same-provider terminal-continuation integration
2026-10-09T15:27:38.3513981Z   ---
2026-10-09T15:27:38.3514439Z   duration_ms: 55.78999
2026-10-09T15:27:38.3514694Z   type: 'test'
2026-10-09T15:27:38.3514974Z   ...
2026-10-09T15:27:38.3515183Z 1..88
2026-10-09T15:27:38.3515371Z # tests 94
2026-10-09T15:27:38.3515560Z # suites 0
2026-10-09T15:27:38.3515747Z # pass 94
2026-10-09T15:27:38.3515946Z # fail 0
2026-10-09T15:27:38.3516139Z # cancelled 0
2026-10-09T15:27:38.3516343Z # skipped 0
2026-10-09T15:27:38.3516534Z # todo 0
2026-10-09T15:27:38.3516758Z # duration_ms 7837.123076
2026-10-09T15:27:38.3842049Z hush-routing-authority.test.mjs passed
2026-10-09T15:27:38.4830329Z hush-speech-act-custody: ok
2026-10-09T15:27:38.5402809Z hush strict provider mask-anatomy and literal-integrity tests passed
2026-10-09T15:27:38.5952259Z Hush backend prompt detox: PASS
2026-10-09T15:27:39.5978882Z hush-phase34, patch38, and phase35 ontology generation tests passed
2026-10-09T15:27:39.6761992Z gemini-model-discovery.test.mjs passed
2026-10-09T15:27:39.9807830Z gemini-observation-dispatch.test.mjs passed
2026-10-09T15:27:40.4060599Z gemini-quality-pilot.test.mjs passed
2026-10-09T15:27:40.4844724Z giving-validation-scope.test.mjs passed
2026-10-09T15:27:40.4903979Z node:internal/modules/run_main:123
2026-10-09T15:27:40.4905003Z     triggerUncaughtException(
2026-10-09T15:27:40.4905493Z     ^
2026-10-09T15:27:40.4905727Z 
2026-10-09T15:27:40.4907626Z AssertionError [ERR_ASSERTION]: outside admitted Giving redirects and the separately governed Kʰonapolit duration, vercel.json must remain byte-equivalent to the reviewed baseline
2026-10-09T15:27:40.4909099Z + actual - expected
2026-10-09T15:27:40.4909328Z 
2026-10-09T15:27:40.4909627Z + '09f92100d4dcf55afbaea5a60ee2d2a363686e41'
2026-10-09T15:27:40.4910230Z - 'f8e033a7416c8c64830c22a79187fa8cedd5422b'
2026-10-09T15:27:40.4910554Z 
2026-10-09T15:27:40.4911060Z     at file:///home/runner/work/TD613-TCP/TD613-TCP/tests/giving-vercel-route.test.mjs:49:8
2026-10-09T15:27:40.4912049Z     at ModuleJob.run (node:internal/modules/esm/module_job:343:25)
2026-10-09T15:27:40.4912759Z     at async onImport.tracePromise.__proto__ (node:internal/modules/esm/loader:681:26)
2026-10-09T15:27:40.4913643Z     at async file:///home/runner/work/TD613-TCP/TD613-TCP/tests/giving-validation-scope.test.mjs:171:1 {
2026-10-09T15:27:40.4914532Z   generatedMessage: false,
2026-10-09T15:27:40.4914856Z   code: 'ERR_ASSERTION',
2026-10-09T15:27:40.4915251Z   actual: '09f92100d4dcf55afbaea5a60ee2d2a363686e41',
2026-10-09T15:27:40.4915741Z   expected: 'f8e033a7416c8c64830c22a79187fa8cedd5422b',
2026-10-09T15:27:40.4916092Z   operator: 'strictEqual',
2026-10-09T15:27:40.4916346Z   diff: 'simple'
2026-10-09T15:27:40.4916555Z }
2026-10-09T15:27:40.4916674Z 
2026-10-09T15:27:40.4916767Z Node.js v22.23.3
2026-10-09T15:27:40.4946777Z ##[error]Process completed with exit code 1.
2026-10-09T15:27:40.5167739Z ##[group]Run actions/upload-artifact@v4
2026-10-09T15:27:40.5168049Z with:
2026-10-09T15:27:40.5168302Z   name: td613-consolidated-contract-diagnostics
2026-10-09T15:27:40.5168619Z   path: artifacts/
*.log

2026-10-09T15:27:40.5168865Z   if-no-files-found: ignore
2026-10-09T15:27:40.5169113Z   retention-days: 3
2026-10-09T15:27:40.5169339Z   compression-level: 6
2026-10-09T15:27:40.5169564Z   overwrite: false
2026-10-09T15:27:40.5169785Z   include-hidden-files: false
2026-10-09T15:27:40.5170029Z env:
2026-10-09T15:27:40.5170212Z   NODE_VERSION: 22
2026-10-09T15:27:40.5170419Z   PYTHON_VERSION: 3.12
2026-10-09T15:27:40.5170644Z   PLAYWRIGHT_VERSION: 1.53.2
2026-10-09T15:27:40.5170956Z   pythonLocation: /opt/hostedtoolcache/Python/3.12.15/x64
2026-10-09T15:27:40.5171571Z   PKG_CONFIG_PATH: /opt/hostedtoolcache/Python/3.12.15/x64/lib/pkgconfig
2026-10-09T15:27:40.5172000Z   Python_ROOT_DIR: /opt/hostedtoolcache/Python/3.12.15/x64
2026-10-09T15:27:40.5172416Z   Python2_ROOT_DIR: /opt/hostedtoolcache/Python/3.12.15/x64
2026-10-09T15:27:40.5172804Z   Python3_ROOT_DIR: /opt/hostedtoolcache/Python/3.12.15/x64
2026-10-09T15:27:40.5173194Z   LD_LIBRARY_PATH: /opt/hostedtoolcache/Python/3.12.15/x64/lib
2026-10-09T15:27:40.5173528Z ##[endgroup]
2026-10-09T15:27:40.6835393Z (node:3104) [DEP0040] DeprecationWarning: The `punycode` module is deprecated. Please use a userland alternative instead.
2026-10-09T15:27:40.6836646Z (Use `node --trace-deprecation ...` to show where the warning was created)
2026-10-09T15:27:40.6938361Z With the provided path, there will be 4 files uploaded
2026-10-09T15:27:40.6945363Z Artifact name is valid!
2026-10-09T15:27:40.6946317Z Root directory input is valid!
2026-10-09T15:27:41.1004593Z Beginning upload of artifact content to blob storage
2026-10-09T15:27:41.1336157Z (node:3104) [DEP0169] DeprecationWarning: `url.parse()` behavior is not standardized and prone to errors that have security implications. Use the WHATWG URL API instead. CVEs are not issued for `url.parse()` vulnerabilities.
2026-10-09T15:27:41.6392747Z Uploaded bytes 138630
2026-10-09T15:27:41.7239096Z Finished uploading artifact content to blob storage!
2026-10-09T15:27:41.7240318Z SHA256 digest of uploaded artifact zip is c4d4231af43d0f9f0d2de3487f2ae7b43dcb9e6b5e952bca61d65c33d616c44f
2026-10-09T15:27:41.7241516Z Finalizing artifact upload
2026-10-09T15:27:41.9968906Z Artifact td613-consolidated-contract-diagnostics.zip successfully finalized. Artifact ID 11626456024
2026-10-09T15:27:41.9971274Z Artifact td613-consolidated-contract-diagnostics has been successfully uploaded! Final size is 138630 bytes. Artifact ID is 11626456024
2026-10-09T15:27:41.9977548Z Artifact download URL: https://github.com/tauric-diana-613/TD613-TCP/actions/runs/37951697750/artifacts/11626456024
2026-10-09T15:27:42.0673463Z Post job cleanup.
2026-10-09T15:27:42.1533658Z [command]/usr/bin/git version
2026-10-09T15:27:42.1578895Z git version 2.55.0
2026-10-09T15:27:42.1623382Z Temporarily overriding HOME='/home/runner/work/_temp/ff7ce184-9d13-4a1b-a149-6a9db27b8579' before making global git config changes
2026-10-09T15:27:42.1625163Z Adding repository directory to the temporary git global config as a safe directory
2026-10-09T15:27:42.1629005Z [command]/usr/bin/git config --global --add safe.directory /home/runner/work/TD613-TCP/TD613-TCP
2026-10-09T15:27:42.1685313Z [command]/usr/bin/git config --local --name-only --get-regexp core\.sshCommand
2026-10-09T15:27:42.1703345Z [command]/usr/bin/git submodule foreach --recursive sh -c "git config --local --name-only --get-regexp 'core\.sshCommand' && git config --local --unset-all 'core.sshCommand' || :"
2026-10-09T15:27:42.1974747Z [command]/usr/bin/git config --local --name-only --get-regexp http\.https\:\/\/github\.com\/\.extraheader
2026-10-09T15:27:42.2014706Z http.https://github.com/.extraheader
2026-10-09T15:27:42.2023671Z [command]/usr/bin/git config --local --unset-all http.https://github.com/.extraheader
2026-10-09T15:27:42.2051623Z [command]/usr/bin/git submodule foreach --recursive sh -c "git config --local --name-only --get-regexp 'http\.https\:\/\/github\.com\/\.extraheader' && git config --local --unset-all 'http.https://github.com/.extraheader' || :"
2026-10-09T15:27:42.2358500Z [command]/usr/bin/git config --local --name-only --get-regexp ^includeIf\.gitdir:
2026-10-09T15:27:42.2402257Z [command]/usr/bin/git submodule foreach --recursive git config --local --show-origin --name-only --get-regexp remote.origin.url
2026-10-09T15:27:42.2833824Z Cleaning up orphan processes
2026-10-09T15:27:42.3187585Z ##[warning]Node.js 20 is deprecated. The following actions target Node.js 20 but are being forced to run on Node.js 24: actions/checkout@v4, actions/setup-node@v4, actions/setup-python@v5, actions/upload-artifact@v4. For more information see: https://github.blog/changelog/2025-09-19-deprecation-of-node-20-on-github-actions-runners/
